x0,y0,z0,x1,y1,z1,x2,y2,z2,x3,y3,z3,x4,y4,z4,x5,y5,z5,x6,y6,z6,x7,y7,z7,x8,y8,z8,x9,y9,z9,x10,y10,z10,x11,y11,z11,x12,y12,z12,x13,y13,z13,x14,y14,z14,x15,y15,z15,x16,y16,z16,x17,y17,z17,x18,y18,z18,x19,y19,z19,x20,y20,z20,label
0.36445295810699463,0.5860217809677124,-7.894555409393433e-08,0.42576831579208374,0.49693727493286133,-0.12063038349151611,0.5073786377906799,0.4090803563594818,-0.1295103281736374,0.5950733423233032,0.3598547875881195,-0.11025707423686981,0.6515302658081055,0.34050601720809937,-0.06909236311912537,0.44719868898391724,0.26791346073150635,-0.017652923241257668,0.5908356308937073,0.26430192589759827,-0.04943917319178581,0.565851628780365,0.33250531554222107,-0.05756499618291855,0.5223093032836914,0.3666190207004547,-0.04722615331411362,0.4714727997779846,0.32103487849235535,0.05432097986340523,0.6055768728256226,0.3200840950012207,0.006349711213260889,0.5651398301124573,0.4010387063026428,-0.011857960373163223,0.5149741768836975,0.43202823400497437,0.0001624107244424522,0.5021858215332031,0.3762659728527069,0.10923893004655838,0.5987899303436279,0.38215598464012146,0.05339774861931801,0.5539951920509338,0.44769027829170227,0.02745833992958069,0.5107744932174683,0.4542087912559509,0.03532916679978371,0.5238311290740967,0.40742406249046326,0.15750594437122345,0.5826741456985474,0.421392023563385,0.1151638850569725,0.5508696436882019,0.4625149071216583,0.08801359683275223,0.5136383175849915,0.4668263792991638,0.08495885878801346,rock
0.40317827463150024,0.5724084973335266,1.3892676520299574e-07,0.48785528540611267,0.6225544214248657,-0.06914100050926208,0.5787111520767212,0.6160736083984375,-0.09266645461320877,0.651382565498352,0.6027340292930603,-0.09783834964036942,0.6751633882522583,0.5625906586647034,-0.08964991569519043,0.5796053409576416,0.44758814573287964,-0.08360233157873154,0.6806829571723938,0.5191693305969238,-0.1079983115196228,0.6280171871185303,0.5643557906150818,-0.10846810787916183,0.5816769599914551,0.5618798732757568,-0.10135116428136826,0.5712831616401672,0.4221496880054474,-0.04738243296742439,0.6680164933204651,0.5043271780014038,-0.07504718750715256,0.6186181306838989,0.547894299030304,-0.07597566395998001,0.5794803500175476,0.5391206741333008,-0.07029959559440613,0.5659409165382385,0.42003393173217773,-0.013781063258647919,0.6465640068054199,0.5015174746513367,-0.031717926263809204,0.6023781299591064,0.5363089442253113,-0.022523147985339165,0.5700079798698425,0.5253199338912964,-0.01165641751140356,0.5621857643127441,0.4221659302711487,0.014951356686651707,0.6192741394042969,0.49019426107406616,0.008650250732898712,0.5919024348258972,0.5105208158493042,0.014295368455350399,0.568233072757721,0.49828124046325684,0.0204525887966156,rock
0.6157039403915405,0.7004969716072083,-3.369479486536875e-07,0.5602874755859375,0.7014076113700867,0.020593401044607162,0.529872715473175,0.678043007850647,0.03133061155676842,0.5244222283363342,0.647578239440918,0.03892827033996582,0.5345923900604248,0.6262737512588501,0.04798655956983566,0.4946758449077606,0.6499864459037781,0.028801938518881798,0.4953461289405823,0.6255162954330444,0.04450611025094986,0.5134872198104858,0.6276886463165283,0.055810101330280304,0.5237905383110046,0.6346885561943054,0.062334008514881134,0.5113301277160645,0.624053955078125,0.022023094817996025,0.5028814673423767,0.5936583280563354,0.04044219106435776,0.5202723145484924,0.6023751497268677,0.05029622092843056,0.5322893261909485,0.6141462922096252,0.05462146922945976,0.5370692014694214,0.606570303440094,0.017146598547697067,0.5280503034591675,0.5798178911209106,0.034331630915403366,0.5434849858283997,0.5908821821212769,0.04230406507849693,0.5550485849380493,0.6044893264770508,0.04341314733028412,0.5687900185585022,0.5970954298973083,0.013800843618810177,0.5615503191947937,0.5822657942771912,0.030407806858420372,0.5707725882530212,0.5933451652526855,0.04122523218393326,0.5784812569618225,0.6059839725494385,0.04656640812754631,rock
0.5213791131973267,0.74676114320755,-2.786981383451348e-07,0.4651986360549927,0.8006691336631775,-0.23377719521522522,0.35415494441986084,0.7853503227233887,-0.3342120051383972,0.23719555139541626,0.7751623392105103,-0.38263845443725586,0.16274529695510864,0.7714791893959045,-0.4093550741672516,0.3464312255382538,0.5263129472732544,-0.2324780970811844,0.14654886722564697,0.6205965280532837,-0.2786657214164734,0.21248221397399902,0.7089536190032959,-0.27747446298599243,0.28435206413269043,0.7091042995452881,-0.26598700881004333,0.3426488935947418,0.5162649750709534,-0.11882192641496658,0.15777742862701416,0.6342066526412964,-0.17958606779575348,0.22770178318023682,0.7103140354156494,-0.18072526156902313,0.2984970510005951,0.6997430324554443,-0.16588041186332703,0.32633888721466064,0.5321771502494812,-0.020692890509963036,0.18713326752185822,0.6406092643737793,-0.0738753229379654,0.2402692288160324,0.7065199017524719,-0.08338795602321625,0.2987405061721802,0.6864993572235107,-0.07748004794120789,0.299599289894104,0.5491294264793396,0.061428118497133255,0.20902405679225922,0.6111763715744019,0.025936298072338104,0.24472767114639282,0.6593024134635925,0.009273791685700417,0.2996966242790222,0.662279486656189,0.00873631052672863,rock
0.6239947080612183,0.7294685244560242,-1.6615499021099822e-07,0.5667823553085327,0.7185951471328735,-0.15596219897270203,0.5010049343109131,0.6781724691390991,-0.20163704454898834,0.4407791495323181,0.6388196349143982,-0.21009480953216553,0.38242554664611816,0.6136009693145752,-0.20667687058448792,0.4648243486881256,0.5229589343070984,-0.1107896938920021,0.33484697341918945,0.5909569263458252,-0.14148972928524017,0.352703720331192,0.6557058691978455,-0.15872591733932495,0.39453810453414917,0.6772200465202332,-0.15980233252048492,0.4639069736003876,0.5432330965995789,-0.0293726846575737,0.34169137477874756,0.5949478149414062,-0.06177832931280136,0.3764422535896301,0.6636375784873962,-0.08011487126350403,0.4175514578819275,0.6922930479049683,-0.07855401933193207,0.46069592237472534,0.5682026147842407,0.03959951549768448,0.36772653460502625,0.6168171167373657,-0.0006242129020392895,0.3938851058483124,0.6765028834342957,-0.02887827157974243,0.42827215790748596,0.6955980658531189,-0.030495382845401764,0.45587602257728577,0.589488685131073,0.09824398159980774,0.3911992311477661,0.6221133470535278,0.06746268272399902,0.40695884823799133,0.655388593673706,0.046213679015636444,0.4331437051296234,0.6700972318649292,0.04449127987027168,rock
0.2441374659538269,0.538399338722229,-1.4441367568451824e-07,0.2875579595565796,0.5115094184875488,-0.11288925260305405,0.3752148151397705,0.5096970796585083,-0.15040472149848938,0.4696948230266571,0.554490327835083,-0.16508223116397858,0.5433201193809509,0.5918014049530029,-0.16181981563568115,0.4593905210494995,0.3625194728374481,-0.06932973861694336,0.5423386693000793,0.42343494296073914,-0.1175420731306076,0.47663623094558716,0.4703422784805298,-0.1364772617816925,0.42450687289237976,0.4710061550140381,-0.1404113918542862,0.4846799671649933,0.42491474747657776,-0.02331480011343956,0.5777542591094971,0.4743175506591797,-0.0838347002863884,0.4891287684440613,0.5126944780349731,-0.10425779223442078,0.4384201765060425,0.5050958395004272,-0.10124316811561584,0.4944422245025635,0.49003082513809204,0.010294843465089798,0.5617311000823975,0.5376957654953003,-0.05312976613640785,0.48642805218696594,0.5620718002319336,-0.05886482074856758,0.4453977346420288,0.5453022718429565,-0.04504501074552536,0.4911479353904724,0.5385964512825012,0.03636028990149498,0.5296463966369629,0.5809626579284668,-0.010624408721923828,0.47516652941703796,0.5964298844337463,-0.017855236306786537,0.44352859258651733,0.583840012550354,-0.010955700650811195,rock
0.15105769038200378,0.2881741523742676,-3.2327193366654683e-07,0.21121221780776978,0.28867068886756897,-0.030605237931013107,0.26783254742622375,0.31731748580932617,-0.044497374445199966,0.2991064190864563,0.3639669418334961,-0.05863340198993683,0.29188066720962524,0.4084049463272095,-0.06689754873514175,0.290138840675354,0.3802223205566406,0.006070332136005163,0.32510387897491455,0.43569210171699524,-0.025488626211881638,0.30925649404525757,0.41402703523635864,-0.04523353651165962,0.2906111180782318,0.3880062997341156,-0.052769940346479416,0.25989142060279846,0.3958674669265747,0.010034785605967045,0.2863538861274719,0.44997653365135193,-0.025802047923207283,0.2658214271068573,0.40851926803588867,-0.042061544954776764,0.2519141435623169,0.3781452476978302,-0.043237797915935516,0.22884735465049744,0.40618664026260376,0.006521600764244795,0.2506832480430603,0.45048242807388306,-0.029919086024165154,0.2371399998664856,0.4077414274215698,-0.03453134372830391,0.2260880023241043,0.3750717341899872,-0.026259638369083405,0.1949974149465561,0.41375261545181274,0.0003349624457769096,0.2158229947090149,0.4458805024623871,-0.022847922518849373,0.20888151228427887,0.41709890961647034,-0.023940570652484894,0.19856061041355133,0.39145269989967346,-0.01776081696152687,rock
0.5948346853256226,0.32790982723236084,-5.638373750116443e-07,0.4980221092700958,0.2946140468120575,-0.08076905459165573,0.4188385605812073,0.22423332929611206,-0.0719272792339325,0.36895227432250977,0.1928103268146515,-0.03513093665242195,0.37523049116134644,0.192533940076828,0.0166427344083786,0.4981631636619568,0.07841125130653381,-0.014753471128642559,0.38789355754852295,0.11907389014959335,-0.006617799401283264,0.4082036018371582,0.17540347576141357,-0.012646608054637909,0.4461372494697571,0.17933958768844604,-0.014624428935348988,0.5234495997428894,0.10620085895061493,0.04202881455421448,0.40042343735694885,0.14384903013706207,0.06637205183506012,0.42443788051605225,0.18673542141914368,0.06532502919435501,0.4603782892227173,0.1915684938430786,0.06055004149675369,0.5290347337722778,0.13857819139957428,0.08990734815597534,0.4224017858505249,0.17514954507350922,0.10985065251588821,0.43824994564056396,0.20662204921245575,0.09414931386709213,0.46848738193511963,0.20482251048088074,0.08096076548099518,0.530917227268219,0.16899250447750092,0.13016758859157562,0.4522945284843445,0.18892502784729004,0.14852410554885864,0.4702382981777191,0.21018187701702118,0.14183373749256134,0.49462616443634033,0.2179749310016632,0.13685695827007294,rock
0.6570152044296265,0.6640474796295166,-5.838230094923347e-07,0.5615625381469727,0.7157388925552368,-0.020147070288658142,0.4700264036655426,0.7101981043815613,-0.009989388287067413,0.4101405441761017,0.6928618550300598,0.011648381128907204,0.4000359773635864,0.6753053665161133,0.03782423585653305,0.4457179605960846,0.5782782435417175,0.0023656224366277456,0.3994859457015991,0.6423336863517761,0.04117462411522865,0.43529313802719116,0.6693941354751587,0.05491921305656433,0.4644921123981476,0.6698541045188904,0.05726192891597748,0.4803397059440613,0.5486721992492676,0.025923030450940132,0.4270663261413574,0.6251548528671265,0.07734694331884384,0.45423901081085205,0.6503993272781372,0.08538147062063217,0.48291340470314026,0.6494044065475464,0.0772630050778389,0.5094287395477295,0.5452885627746582,0.05215568467974663,0.46234986186027527,0.6091791987419128,0.09889231622219086,0.4763125777244568,0.6309264898300171,0.09801512956619263,0.5023812651634216,0.6345081925392151,0.0829419493675232,0.535646915435791,0.5513768196105957,0.07612505555152893,0.49349886178970337,0.5957359671592712,0.10852748900651932,0.5076574683189392,0.6145741939544678,0.1158883348107338,0.529057502746582,0.6243879795074463,0.11421562731266022,rock
0.11728619039058685,0.6430034637451172,-5.407530352385947e-07,0.194874569773674,0.5825592279434204,-0.12198050320148468,0.28511402010917664,0.5899244546890259,-0.19297902286052704,0.32032644748687744,0.6872472763061523,-0.23973485827445984,0.3005349338054657,0.7998763918876648,-0.26822465658187866,0.4382750391960144,0.6945294737815857,-0.17019499838352203,0.41035735607147217,0.7269882559776306,-0.24462124705314636,0.32928869128227234,0.6873462200164795,-0.2589327096939087,0.2974378168582916,0.6782094836235046,-0.26496705412864685,0.4188123345375061,0.7817204594612122,-0.13909120857715607,0.3357987701892853,0.7935988306999207,-0.21481624245643616,0.24981823563575745,0.7224189043045044,-0.21210601925849915,0.2506565451622009,0.7163116931915283,-0.20501896739006042,0.3691062331199646,0.8419553637504578,-0.11789686232805252,0.2751409709453583,0.8466984033584595,-0.20372703671455383,0.21929240226745605,0.761684238910675,-0.1859186738729477,0.23979657888412476,0.7498494982719421,-0.164797842502594,0.3035835027694702,0.8824182748794556,-0.10533077269792557,0.2352183759212494,0.8668365478515625,-0.17100298404693604,0.19791528582572937,0.7968632578849792,-0.1718752384185791,0.2210806906223297,0.7803495526313782,-0.16450616717338562,rock
0.6465970873832703,0.7997176051139832,-2.958711888823018e-07,0.6153221130371094,0.6983827352523804,-0.04497465491294861,0.5339494943618774,0.5992509126663208,-0.06529641896486282,0.45627468824386597,0.5490862131118774,-0.08042632788419724,0.39087924361228943,0.5628921985626221,-0.08578583598136902,0.397927463054657,0.6295033693313599,-0.03350655734539032,0.4041983485221863,0.6136228442192078,-0.07219720631837845,0.4692287743091583,0.6430067420005798,-0.08337120711803436,0.4635123908519745,0.658327579498291,-0.08672617375850677,0.372227281332016,0.6912899017333984,-0.028666457161307335,0.4135294556617737,0.6883706450462341,-0.06575626134872437,0.493583083152771,0.7099583148956299,-0.06916289031505585,0.465646356344223,0.7023107409477234,-0.06674055010080338,0.3790026307106018,0.7567060589790344,-0.030591653659939766,0.4284045398235321,0.7571660876274109,-0.07057096809148788,0.49911800026893616,0.7600333094596863,-0.06296239048242569,0.47861960530281067,0.7528229355812073,-0.05305980518460274,0.39598485827445984,0.8142743706703186,-0.03648195415735245,0.448388934135437,0.8160779476165771,-0.061984870582818985,0.4937809407711029,0.8129209280014038,-0.058275096118450165,0.4782505929470062,0.8132011890411377,-0.05108543112874031,rock
0.9950158596038818,0.6201809048652649,-1.6098377955131582e-06,0.941450834274292,0.7505344748497009,0.1457928717136383,0.855842113494873,0.7865304350852966,0.2322680950164795,0.7921536564826965,0.7777748107910156,0.29399439692497253,0.7561613321304321,0.7426064014434814,0.34753933548927307,0.7478297352790833,0.8326096534729004,0.2047794759273529,0.7219967842102051,0.7972012758255005,0.30912908911705017,0.7718380689620972,0.7591020464897156,0.3573278486728668,0.806900143623352,0.741249680519104,0.3801639974117279,0.700194776058197,0.7697758674621582,0.1659158617258072,0.6985166668891907,0.7266635894775391,0.2902882695198059,0.7647085189819336,0.6998600363731384,0.31314998865127563,0.7965682744979858,0.6936466097831726,0.30590498447418213,0.6828472018241882,0.6934182047843933,0.14051172137260437,0.696077287197113,0.6596726775169373,0.2537611126899719,0.7596136927604675,0.6412500739097595,0.25051623582839966,0.7989235520362854,0.6328479051589966,0.21778878569602966,0.674443244934082,0.6171022653579712,0.1269516795873642,0.6966692209243774,0.6003133654594421,0.2177252173423767,0.7503761053085327,0.5883280634880066,0.23838219046592712,0.7874807119369507,0.5859218835830688,0.23501786589622498,rock
0.8713040351867676,0.7179946303367615,-8.740931889406056e-07,0.6585259437561035,0.8070962429046631,0.03595467284321785,0.5309368968009949,0.7750294208526611,0.11130090802907944,0.4714299142360687,0.7100529074668884,0.20467054843902588,0.43564373254776,0.6578801274299622,0.31368282437324524,0.4023834466934204,0.6476951837539673,0.0669713243842125,0.2884926199913025,0.6523244380950928,0.2013445943593979,0.3173671066761017,0.6874744892120361,0.3238544464111328,0.3633056581020355,0.7031183242797852,0.40701863169670105,0.4602896571159363,0.5768858790397644,0.12043678015470505,0.3148577809333801,0.5437764525413513,0.24654768407344818,0.3266255557537079,0.5873813629150391,0.3617953658103943,0.3491984009742737,0.607380747795105,0.44212469458580017,0.520423412322998,0.5316416025161743,0.18361535668373108,0.4068564176559448,0.5010513663291931,0.29881131649017334,0.39470797777175903,0.5469887256622314,0.3773788511753082,0.40533608198165894,0.5724539756774902,0.42352402210235596,0.5811396241188049,0.5022541284561157,0.2503487467765808,0.49255165457725525,0.506957471370697,0.346052348613739,0.46959972381591797,0.5432133674621582,0.3987556993961334,0.46941298246383667,0.5704742670059204,0.43371570110321045,rock
0.46931514143943787,0.7373675107955933,-3.963370147630485e-07,0.43653327226638794,0.6788158416748047,-0.10447587817907333,0.3830280005931854,0.6051995754241943,-0.11176346987485886,0.3231981694698334,0.570242166519165,-0.09272274374961853,0.2736940383911133,0.5588167905807495,-0.06413649767637253,0.3984822630882263,0.47122883796691895,-0.026973042637109756,0.26722419261932373,0.5075421929359436,-0.041523728519678116,0.267922580242157,0.5800235271453857,-0.05674620345234871,0.306163489818573,0.6035927534103394,-0.06141408532857895,0.38932284712791443,0.5041047930717468,0.027999823912978172,0.2640831470489502,0.527432918548584,0.00998284388333559,0.2832168936729431,0.6035323739051819,-0.008755558170378208,0.32079440355300903,0.6330430507659912,-0.01098287757486105,0.3709292709827423,0.5428102612495422,0.0706564262509346,0.27110499143600464,0.5687747001647949,0.0354691706597805,0.2972119152545929,0.6326815485954285,0.0007914776797406375,0.33508262038230896,0.6524922847747803,-0.0067393290810287,0.35814017057418823,0.5827659368515015,0.10647271573543549,0.2931371331214905,0.6005682349205017,0.0734986960887909,0.31814467906951904,0.6398985385894775,0.04856131970882416,0.34981900453567505,0.6559239029884338,0.04324335232377052,rock
0.3536796569824219,0.5592393279075623,-5.474978337360881e-08,0.35839104652404785,0.43900322914123535,-0.08040726184844971,0.4127863347530365,0.32251888513565063,-0.10311376303434372,0.49818748235702515,0.24540066719055176,-0.11955731362104416,0.5735462307929993,0.18219991028308868,-0.12500551342964172,0.5066903829574585,0.28961193561553955,0.01605110615491867,0.6087387204170227,0.23600202798843384,-0.034731425344944,0.5919166803359985,0.2953907549381256,-0.08072317391633987,0.5461264848709106,0.3441533148288727,-0.10309868305921555,0.5396501421928406,0.34537702798843384,0.040584735572338104,0.6400087475776672,0.30843085050582886,-0.01634056121110916,0.6021158695220947,0.3777599334716797,-0.06798213720321655,0.54413902759552,0.418364018201828,-0.09118953347206116,0.559867262840271,0.39819908142089844,0.04972413182258606,0.6533491015434265,0.37327948212623596,-0.010493915528059006,0.6090064644813538,0.4280865788459778,-0.04358905181288719,0.5443294644355774,0.4598085284233093,-0.04984280467033386,0.5723400115966797,0.45352765917778015,0.05193852633237839,0.6333648562431335,0.44257354736328125,0.00465563265606761,0.6029409170150757,0.47504284977912903,-0.017232118174433708,0.553673267364502,0.4964820146560669,-0.02211747132241726,rock
0.7069385051727295,0.5764108896255493,-6.758525614714017e-07,0.7107253074645996,0.3949565291404724,-0.04384995996952057,0.7098492383956909,0.25711318850517273,-0.11423799395561218,0.6921697854995728,0.1802835315465927,-0.1739540845155716,0.6653420925140381,0.17460578680038452,-0.23259402811527252,0.8376318216323853,0.2502743601799011,-0.2033979445695877,0.6314486265182495,0.12185987830162048,-0.2568165361881256,0.5871762633323669,0.16939330101013184,-0.26101672649383545,0.6307588815689087,0.2109333872795105,-0.26497453451156616,0.8102749586105347,0.34770816564559937,-0.2204766422510147,0.566291093826294,0.21697936952114105,-0.25955435633659363,0.5579298734664917,0.2641184628009796,-0.2351292073726654,0.5977276563644409,0.3015440106391907,-0.2286394089460373,0.7567774653434753,0.4357783794403076,-0.23222918808460236,0.5359278917312622,0.3135138154029846,-0.2545035481452942,0.5471875667572021,0.3538707196712494,-0.20660071074962616,0.595445990562439,0.3941704034805298,-0.18537487089633942,0.695959746837616,0.514524519443512,-0.24816738069057465,0.539686918258667,0.3957381844520569,-0.2684316039085388,0.549883246421814,0.4143579602241516,-0.24107393622398376,0.592816174030304,0.4472598433494568,-0.22261956334114075,rock
0.7679547071456909,0.3468857705593109,1.5421366583723284e-07,0.7486003041267395,0.2735602855682373,-0.031855955719947815,0.7004317045211792,0.20928509533405304,-0.0462348647415638,0.6275466680526733,0.20470719039440155,-0.061181794852018356,0.5911381840705872,0.2557075619697571,-0.069061279296875,0.6209977269172668,0.22519588470458984,0.01640297845005989,0.562606930732727,0.211854487657547,-0.014651576057076454,0.5850104093551636,0.2227862924337387,-0.030941925942897797,0.609160840511322,0.2362554669380188,-0.03525078296661377,0.6053058505058289,0.27462369203567505,0.017794733867049217,0.5568860769271851,0.27028191089630127,-0.011236949823796749,0.6222838759422302,0.28540217876434326,-0.014723354019224644,0.6406876444816589,0.2774375081062317,-0.006566760130226612,0.6042046546936035,0.32014381885528564,0.01007841620594263,0.5635942220687866,0.3186829686164856,-0.020800966769456863,0.6230367422103882,0.3217910826206207,-0.009368880651891232,0.6384539604187012,0.31595534086227417,0.008665342815220356,0.6102002859115601,0.3683982491493225,-0.0013976701302453876,0.580280065536499,0.3620534837245941,-0.01274814736098051,0.6175028085708618,0.3599999248981476,0.0018744691042229533,0.6315292716026306,0.35660403966903687,0.017854737117886543,rock
0.6410323977470398,0.30312126874923706,-3.246395010592096e-07,0.5583059787750244,0.3205896317958832,-0.107935331761837,0.45320066809654236,0.33441436290740967,-0.11555681377649307,0.39141032099723816,0.3755456805229187,-0.09322144091129303,0.3616936504840851,0.4074476361274719,-0.057639483362436295,0.3646751344203949,0.22048461437225342,-0.03797955811023712,0.3165540099143982,0.34913399815559387,-0.04547657445073128,0.37750378251075745,0.3761696219444275,-0.05405427888035774,0.41081368923187256,0.346005380153656,-0.05489193648099899,0.38868001103401184,0.23789599537849426,0.02517031505703926,0.3328685760498047,0.37336787581443787,0.02280748076736927,0.39586716890335083,0.38754719495773315,0.017349159345030785,0.43032005429267883,0.35593295097351074,0.018778791651129723,0.4121586084365845,0.2674791216850281,0.07608000934123993,0.37299424409866333,0.3829963207244873,0.06412684172391891,0.4237290620803833,0.38829052448272705,0.0411209836602211,0.4457170367240906,0.34962138533592224,0.03342869132757187,0.4331459701061249,0.2930889427661896,0.1184714064002037,0.40593889355659485,0.37130266427993774,0.10763182491064072,0.4442920684814453,0.3687823414802551,0.09037627279758453,0.47086453437805176,0.3414287567138672,0.08543099462985992,rock
0.6600533127784729,0.7257193326950073,-1.7442026489788987e-07,0.6741028428077698,0.6607234477996826,-0.0170503668487072,0.6395397782325745,0.592742383480072,-0.023030901327729225,0.5694866180419922,0.5734726190567017,-0.029354199767112732,0.5232073068618774,0.5991523265838623,-0.029209397733211517,0.5898005962371826,0.5725712776184082,0.004703298676759005,0.5378840565681458,0.5282749533653259,-0.020704781636595726,0.5685217380523682,0.5680651068687439,-0.036531589925289154,0.5915617346763611,0.5862945318222046,-0.04490671679377556,0.5638695359230042,0.6023398637771606,0.001323842559941113,0.5111441612243652,0.5639667510986328,-0.021676985546946526,0.5556444525718689,0.6022782921791077,-0.02577476017177105,0.5752692818641663,0.6123026013374329,-0.023928018286824226,0.5451346635818481,0.635743260383606,-0.00777078652754426,0.5017544031143188,0.605278491973877,-0.03168277069926262,0.5494154095649719,0.6336296200752258,-0.024323495104908943,0.5708299279212952,0.6439388394355774,-0.01303598191589117,0.5329225063323975,0.6713941097259521,-0.018919887021183968,0.5049949884414673,0.643644392490387,-0.03144671767950058,0.5370820164680481,0.6598071455955505,-0.02335321716964245,0.553676426410675,0.671125590801239,-0.014366109855473042,rock
0.1388023942708969,0.7077001929283142,-8.119843073473021e-07,0.13964354991912842,0.6036622524261475,-0.07040148228406906,0.16647019982337952,0.4915984869003296,-0.10256544500589371,0.2615867853164673,0.42261940240859985,-0.13251300156116486,0.35971662402153015,0.4177989959716797,-0.1452062726020813,0.22103320062160492,0.41064202785491943,-0.002271741395816207,0.27758705615997314,0.32723861932754517,-0.08295122534036636,0.2577563524246216,0.3999927341938019,-0.11578451842069626,0.2557903528213501,0.44589370489120483,-0.12000956386327744,0.26766085624694824,0.4617699384689331,0.010719233192503452,0.33071112632751465,0.4351688623428345,-0.06768743693828583,0.261777400970459,0.5147831439971924,-0.0739983320236206,0.25759029388427734,0.5021194815635681,-0.05637914687395096,0.3097293972969055,0.5196011662483215,0.00408075051382184,0.35544437170028687,0.512152373790741,-0.08105840533971786,0.2784773111343384,0.5714588761329651,-0.0670926496386528,0.26840126514434814,0.5562690496444702,-0.03255589306354523,0.343884140253067,0.5772830843925476,-0.008818716742098331,0.3772878050804138,0.5643284320831299,-0.04901973530650139,0.32367005944252014,0.5969768762588501,-0.0340440459549427,0.30243223905563354,0.5938563346862793,-0.00871284119784832,rock
0.5200009942054749,0.4565983712673187,-2.508906220555218e-07,0.5875513553619385,0.539228081703186,-0.04437936842441559,0.685081958770752,0.5598856210708618,-0.04668719694018364,0.7556259036064148,0.5574980974197388,-0.03905699774622917,0.7757879495620728,0.5502225160598755,-0.019723299890756607,0.7803674936294556,0.4509236514568329,-0.0200482364743948,0.8310978412628174,0.5691412091255188,-0.044669002294540405,0.762279748916626,0.6005221009254456,-0.05824834853410721,0.7075675129890442,0.5960795283317566,-0.05893019959330559,0.7804772853851318,0.427853524684906,0.004579705651849508,0.8269346952438354,0.5568673610687256,-0.019907062873244286,0.7537955641746521,0.5880109667778015,-0.028284313157200813,0.6981995105743408,0.5827996134757996,-0.023886002600193024,0.7710671424865723,0.42977452278137207,0.023468749597668648,0.8148257732391357,0.5499296188354492,-0.002694179071113467,0.7496128082275391,0.5809807181358337,-0.011680889874696732,0.6959958076477051,0.5790543556213379,-0.005478345323354006,0.7571742534637451,0.4433821439743042,0.03974280506372452,0.7955872416496277,0.531995952129364,0.022543752565979958,0.7536125183105469,0.5595045685768127,0.01701114885509014,0.7128952145576477,0.5607942938804626,0.021177874878048897,rock
0.45987188816070557,0.7459655404090881,-3.883220074385463e-07,0.5163676738739014,0.7057260870933533,0.01570735312998295,0.5614280700683594,0.6659573316574097,0.006894893944263458,0.5807886719703674,0.6153263449668884,-0.007815304212272167,0.5745430588722229,0.5763647556304932,-0.022902831435203552,0.6332481503486633,0.7043768763542175,-0.004303086083382368,0.659990131855011,0.6244900822639465,-0.023004842922091484,0.6220262050628662,0.6208746433258057,-0.03622320666909218,0.6038326621055603,0.6390544176101685,-0.04665045067667961,0.6188762784004211,0.7002860307693481,-0.02477075904607773,0.6507693529129028,0.6072263121604919,-0.03679016977548599,0.6095643639564514,0.6070147752761841,-0.03642762452363968,0.5911683440208435,0.6287968158721924,-0.039075497537851334,0.59156334400177,0.6867719888687134,-0.044722434133291245,0.6120189428329468,0.5976463556289673,-0.0510120652616024,0.575780987739563,0.6016637682914734,-0.0409882552921772,0.561675488948822,0.6238940358161926,-0.03865572437644005,0.5590313076972961,0.6706396341323853,-0.06461526453495026,0.5573335289955139,0.6044857501983643,-0.07016099244356155,0.5349123477935791,0.6109316945075989,-0.06589158624410629,0.528735339641571,0.6319159865379333,-0.06493879109621048,rock
0.7821524143218994,0.3532359004020691,-2.2816696798599878e-07,0.8374680280685425,0.2888636291027069,-0.006419139914214611,0.8509157299995422,0.2229333519935608,-0.007743885740637779,0.8323372602462769,0.16586816310882568,-0.012538917362689972,0.7889851331710815,0.1608155518770218,-0.014816395938396454,0.7974679470062256,0.19915571808815002,0.011310571804642677,0.7877438068389893,0.1564510464668274,-0.0032775341533124447,0.803168773651123,0.19591444730758667,-0.010919228196144104,0.8057577013969421,0.22562278807163239,-0.013785341754555702,0.7690480947494507,0.20917248725891113,0.003893776098266244,0.7604748010635376,0.1632516235113144,-0.017701365053653717,0.7828468680381775,0.21194352209568024,-0.026293959468603134,0.7845354080200195,0.24205945432186127,-0.026602450758218765,0.7400465607643127,0.2218022644519806,-0.0061498843133449554,0.737592339515686,0.17830310761928558,-0.0313207171857357,0.7624871134757996,0.22677266597747803,-0.028639543801546097,0.7626898288726807,0.25691908597946167,-0.018895024433732033,0.7064577341079712,0.24028846621513367,-0.016574852168560028,0.7155267000198364,0.19602333009243011,-0.03190334513783455,0.7361533045768738,0.22649559378623962,-0.02360834740102291,0.7355489134788513,0.2543390393257141,-0.012826146557927132,rock
0.7189382314682007,0.3822919428348541,-1.2975884828847484e-06,0.5619356632232666,0.4725709855556488,0.04541865736246109,0.43765702843666077,0.49206990003585815,0.05530184879899025,0.3287917375564575,0.49870267510414124,0.048852965235710144,0.27774718403816223,0.48806214332580566,0.04104723781347275,0.37430739402770996,0.3101902902126312,0.07733913511037827,0.24626126885414124,0.41041678190231323,0.07206431031227112,0.31286588311195374,0.4683365225791931,0.05432926490902901,0.3793925940990448,0.462570458650589,0.04031209275126457,0.3770357668399811,0.2858011722564697,0.04442913457751274,0.23687125742435455,0.41909900307655334,0.05298980325460434,0.30174151062965393,0.4696250557899475,0.05621451884508133,0.36501967906951904,0.44279658794403076,0.05212848260998726,0.3917509913444519,0.29842132329940796,0.010072218254208565,0.2515745759010315,0.43356016278266907,0.018054557964205742,0.3189253807067871,0.4806011915206909,0.03658910095691681,0.3800283372402191,0.45018741488456726,0.040178216993808746,0.4084400236606598,0.3368470370769501,-0.02327203005552292,0.293906569480896,0.4580610990524292,-0.012916785664856434,0.34959447383880615,0.49457335472106934,0.008968726731836796,0.4121567904949188,0.47461700439453125,0.021081790328025818,rock
0.8586927056312561,0.7012629508972168,-7.660592018510215e-07,0.7547104358673096,0.6606724858283997,-0.06988222151994705,0.6939054727554321,0.5821487307548523,-0.06583482772111893,0.6621697545051575,0.5244080424308777,-0.03143533319234848,0.6729140281677246,0.5025144815444946,0.01644955947995186,0.8081316947937012,0.48495540022850037,-0.07189321517944336,0.6950137615203857,0.4594961404800415,-0.047479599714279175,0.6915780901908875,0.5197822451591492,-0.027714386582374573,0.7150949239730835,0.5471295118331909,-0.014992141164839268,0.8345242738723755,0.48980629444122314,-0.01520459819585085,0.7118524312973022,0.4742248058319092,0.01891554892063141,0.7104619741439819,0.5281522274017334,0.03441338986158371,0.7373720407485962,0.5549858212471008,0.03686784952878952,0.8397995829582214,0.49729347229003906,0.041566792875528336,0.7352601289749146,0.4897937774658203,0.07138407975435257,0.7276618480682373,0.534021258354187,0.06547367572784424,0.7482470273971558,0.5565742254257202,0.052873726934194565,0.8372042179107666,0.506913423538208,0.09339576959609985,0.7613523006439209,0.5057114958763123,0.11175322532653809,0.7610889673233032,0.5361942648887634,0.10573812574148178,0.7731876969337463,0.559182345867157,0.09839721024036407,rock
0.6222484707832336,0.7989674210548401,1.3251185748686112e-07,0.6777520179748535,0.6820387840270996,-0.014498145319521427,0.66656094789505,0.5722858309745789,-0.019710563123226166,0.6294047832489014,0.49683505296707153,-0.030026448890566826,0.5711718201637268,0.4862338900566101,-0.03306939825415611,0.5737842321395874,0.5478798747062683,0.03566102683544159,0.5495857000350952,0.49050089716911316,0.011651568114757538,0.5847615003585815,0.5170788764953613,0.0016730020288378,0.5936766266822815,0.5255243182182312,-0.0004676805401686579,0.530031144618988,0.5785155892372131,0.026097195222973824,0.5356667637825012,0.5136616230010986,-0.004334043245762587,0.580967903137207,0.5789296627044678,-0.013884219340980053,0.5707226991653442,0.5831515192985535,-0.009394978173077106,0.4975144565105438,0.6183968782424927,0.00941487867385149,0.5046959519386292,0.5571404099464417,-0.031713295727968216,0.5622618794441223,0.6199819445610046,-0.027249645441770554,0.5451318621635437,0.6313965916633606,-0.010669821873307228,0.4632902443408966,0.6622602343559265,-0.00808260589838028,0.4936887323856354,0.6152343153953552,-0.030809177085757256,0.5329501032829285,0.6497389078140259,-0.01870810054242611,0.5104363560676575,0.6654657125473022,-0.002260869834572077,rock
0.2756817638874054,0.4443349242210388,4.0237434717482756e-08,0.2724915146827698,0.49462100863456726,-0.0006010247161611915,0.2959030866622925,0.5314276218414307,-0.005253572948276997,0.3306758403778076,0.5427077412605286,-0.0074548074044287205,0.3538827896118164,0.5373823046684265,-0.008358949795365334,0.32791322469711304,0.5059687495231628,-0.03311124071478844,0.37101060152053833,0.5493387579917908,-0.03894635662436485,0.35307738184928894,0.549615740776062,-0.03494826331734657,0.3362119793891907,0.5366736054420471,-0.029683098196983337,0.34524792432785034,0.4789791405200958,-0.03342349827289581,0.38936030864715576,0.5256861448287964,-0.03498833626508713,0.3669370710849762,0.5283448696136475,-0.026640642434358597,0.3503892123699188,0.516184389591217,-0.02173401601612568,0.35486143827438354,0.45732274651527405,-0.031149836257100105,0.392473042011261,0.5004844069480896,-0.029194381088018417,0.37037912011146545,0.5041880011558533,-0.018264705315232277,0.35495737195014954,0.494080513715744,-0.012655756436288357,0.35799598693847656,0.4402976930141449,-0.028157714754343033,0.38592445850372314,0.47483962774276733,-0.02627403661608696,0.36985448002815247,0.48169058561325073,-0.01755981333553791,0.35739749670028687,0.47516533732414246,-0.012059682980179787,rock
0.3117640018463135,0.6126603484153748,-1.9432033582233998e-07,0.2632473111152649,0.5357068777084351,0.029271069914102554,0.20319397747516632,0.5150880813598633,0.030402937904000282,0.16606880724430084,0.49167966842651367,0.017721856012940407,0.13694272935390472,0.47336235642433167,0.010691216215491295,0.1047120988368988,0.5844983458518982,0.04789387434720993,0.10272018611431122,0.47328993678092957,0.018728746101260185,0.15165367722511292,0.4823288917541504,-0.0053247688338160515,0.1689024120569229,0.5159881114959717,-0.017286624759435654,0.10039135813713074,0.590404748916626,0.019854797050356865,0.10309931635856628,0.45782893896102905,-0.0053398688323795795,0.15607993304729462,0.47533583641052246,-0.0160654466599226,0.1666552722454071,0.5147801637649536,-0.01891714707016945,0.10429659485816956,0.5813860893249512,-0.011379838921129704,0.11906497180461884,0.45514029264450073,-0.03168092668056488,0.1735665649175644,0.47817978262901306,-0.02570439875125885,0.18078699707984924,0.5194668769836426,-0.01743745431303978,0.1176668331027031,0.5627884268760681,-0.041655492037534714,0.1554943323135376,0.4649582505226135,-0.04436975717544556,0.19631175696849823,0.4840249717235565,-0.03152066841721535,0.1982097029685974,0.5230717658996582,-0.02190946601331234,rock
0.38321730494499207,0.305005818605423,6.808542707403831e-08,0.45155593752861023,0.313805490732193,-0.011396667920053005,0.5137653350830078,0.2844032645225525,-0.026747414842247963,0.5379189252853394,0.23290574550628662,-0.034555546939373016,0.5290774703025818,0.19327938556671143,-0.03786648064851761,0.47082361578941345,0.25464707612991333,-0.0787801668047905,0.5546908378601074,0.21564868092536926,-0.09192296862602234,0.5489792823791504,0.2407955527305603,-0.0799914300441742,0.5249095559120178,0.25804653763771057,-0.06668876856565475,0.44001099467277527,0.2202584147453308,-0.07578465342521667,0.5352634787559509,0.17675276100635529,-0.08471821248531342,0.5338523387908936,0.20670586824417114,-0.067417673766613,0.5106258392333984,0.22470952570438385,-0.05492406710982323,0.4200732409954071,0.19395242631435394,-0.06849721819162369,0.5061405897140503,0.1596997231245041,-0.06785886734724045,0.505771279335022,0.1903214454650879,-0.04713291674852371,0.4858119487762451,0.20582206547260284,-0.03540681675076485,0.4076319634914398,0.17771384119987488,-0.061031606048345566,0.47480836510658264,0.15432539582252502,-0.05560263246297836,0.4769997298717499,0.1773066520690918,-0.04034489765763283,0.4611576795578003,0.1880580335855484,-0.03150191903114319,rock
0.4636629819869995,0.8340632319450378,-3.6079710330483294e-09,0.5609174370765686,0.9164077639579773,-0.06330811232328415,0.6856573820114136,0.9203057885169983,-0.06666352599859238,0.774742603302002,0.9042775630950928,-0.04872782155871391,0.8078245520591736,0.866858720779419,-0.016588304191827774,0.7117959260940552,0.7285470962524414,-0.045806724578142166,0.8205051422119141,0.81954026222229,-0.04028421267867088,0.7561067342758179,0.8633221983909607,-0.029761264100670815,0.7022197842597961,0.8569039702415466,-0.016371063888072968,0.685138463973999,0.682157576084137,0.006776172202080488,0.7909086346626282,0.7897916436195374,0.017212938517332077,0.7402669191360474,0.8332325220108032,0.019038472324609756,0.6952130198478699,0.8262421488761902,0.021366536617279053,0.6590414047241211,0.6733888387680054,0.057750653475522995,0.7483317255973816,0.7734230160713196,0.07504208385944366,0.7065063714981079,0.8143367171287537,0.07117429375648499,0.6696003079414368,0.8077336549758911,0.06698405742645264,0.6430574655532837,0.670658528804779,0.10511141270399094,0.707899808883667,0.7505480647087097,0.12412295490503311,0.6806820034980774,0.7739647030830383,0.12211973965167999,0.6563522815704346,0.7644211053848267,0.11854864656925201,rock
0.48323556780815125,0.2824614644050598,-2.2603775562402006e-07,0.4524680972099304,0.16688261926174164,-0.021223723888397217,0.39088183641433716,0.10541219264268875,-0.014850758947432041,0.31836673617362976,0.11390629410743713,-0.009830482304096222,0.2830369770526886,0.15820518136024475,0.00030075962422415614,0.34013494849205017,0.12482132017612457,0.03569621965289116,0.26639074087142944,0.11046099662780762,0.0013070569839328527,0.298267126083374,0.1431317776441574,-0.01997743919491768,0.34802013635635376,0.1634373515844345,-0.026307160034775734,0.32590413093566895,0.18354904651641846,0.0370478481054306,0.25892895460128784,0.18134789168834686,-0.005280287470668554,0.3189573585987091,0.20766094326972961,-0.025738637894392014,0.37115395069122314,0.20948347449302673,-0.026103217154741287,0.32142287492752075,0.2373107373714447,0.029057592153549194,0.2584714889526367,0.24145635962486267,-0.02028200775384903,0.32386988401412964,0.25604891777038574,-0.030855905264616013,0.3748152256011963,0.25011327862739563,-0.021518435329198837,0.3266870081424713,0.28850889205932617,0.019903525710105896,0.2705865502357483,0.2868325710296631,-0.015779735520482063,0.311197966337204,0.2950844168663025,-0.02149275690317154,0.35267284512519836,0.2892022430896759,-0.015060806646943092,rock
0.1639903485774994,0.4042758345603943,-8.220322200713781e-08,0.1222681850194931,0.3545107841491699,-0.09149115532636642,0.09428741037845612,0.289440780878067,-0.1357157975435257,0.11488569527864456,0.22225776314735413,-0.16574425995349884,0.15463286638259888,0.16908499598503113,-0.18326717615127563,0.040398433804512024,0.21070748567581177,-0.07819870859384537,0.022574014961719513,0.1545826643705368,-0.13683411478996277,0.05020754039287567,0.21310463547706604,-0.1612558662891388,0.06282637268304825,0.252519816160202,-0.16926424205303192,0.09908965229988098,0.20445844531059265,-0.05053160712122917,0.07772857695817947,0.13005389273166656,-0.11674598604440689,0.09534122049808502,0.20327286422252655,-0.13592810928821564,0.09887778013944626,0.23307502269744873,-0.13671815395355225,0.1532938927412033,0.20847207307815552,-0.03329417482018471,0.13604414463043213,0.15524032711982727,-0.09972748160362244,0.13957133889198303,0.2245623618364334,-0.09928149729967117,0.1343904584646225,0.2558510899543762,-0.0845317468047142,0.19507302343845367,0.21846997737884521,-0.022850733250379562,0.1799463927745819,0.19131603837013245,-0.06560596078634262,0.17852889001369476,0.23318931460380554,-0.06856780499219894,0.17358636856079102,0.25181418657302856,-0.06245722994208336,rock
0.34901466965675354,0.828176736831665,1.7871404622837872e-07,0.3640851378440857,0.7754663228988647,-0.11007945984601974,0.39676353335380554,0.6895784735679626,-0.13659608364105225,0.4521646499633789,0.6164963841438293,-0.13860805332660675,0.49750176072120667,0.5557074546813965,-0.1251140534877777,0.36249351501464844,0.5830811262130737,-0.047771986573934555,0.423575758934021,0.5674687027931213,-0.07733265310525894,0.42601269483566284,0.6159720420837402,-0.08677373081445694,0.4164266884326935,0.6474161148071289,-0.08203202486038208,0.4070087671279907,0.6061838269233704,0.009881262667477131,0.4962719678878784,0.5920102000236511,-0.02521020919084549,0.471401184797287,0.6533249020576477,-0.03535456582903862,0.4439122676849365,0.6755378842353821,-0.0262325257062912,0.4475744366645813,0.6343324780464172,0.05470084026455879,0.5236046314239502,0.6249721646308899,0.012797743082046509,0.4893110394477844,0.6757479310035706,0.002314245328307152,0.4559103548526764,0.687835693359375,0.012439753860235214,0.47293853759765625,0.6603609323501587,0.09278784692287445,0.5278804302215576,0.6583641171455383,0.06656345725059509,0.5020231604576111,0.6879163980484009,0.05697193369269371,0.47246405482292175,0.6946066617965698,0.06112838536500931,rock
0.15406058728694916,0.5367304682731628,-8.908897939363669e-07,0.24722179770469666,0.45967283844947815,-0.025151053443551064,0.3595622479915619,0.45372870564460754,-0.027638748288154602,0.42892202734947205,0.5060030221939087,-0.030058100819587708,0.4590563178062439,0.5621052980422974,-0.024364857003092766,0.4284168481826782,0.509554922580719,0.0038244323804974556,0.5182612538337708,0.5451959371566772,-0.042625121772289276,0.4587227702140808,0.5310242176055908,-0.0600326806306839,0.40613099932670593,0.5118924379348755,-0.06022080034017563,0.39650237560272217,0.5711316466331482,0.0014708078233525157,0.46014735102653503,0.6208513379096985,-0.04926281422376633,0.3732335865497589,0.5762602090835571,-0.05270934849977493,0.33503374457359314,0.5472062826156616,-0.03773428499698639,0.35618430376052856,0.6175172328948975,-0.009747013449668884,0.39214712381362915,0.6535105109214783,-0.06708022207021713,0.31424617767333984,0.5938876271247864,-0.04953862354159355,0.28634312748908997,0.5639255046844482,-0.01908808946609497,0.3051568865776062,0.6570091247558594,-0.02254340425133705,0.3359183967113495,0.673865556716919,-0.05845078080892563,0.2860322892665863,0.6299207210540771,-0.04333207756280899,0.266702264547348,0.6066226363182068,-0.020741529762744904,rock
0.7405282855033875,0.44744330644607544,-1.0229208555756486e-06,0.6739706993103027,0.5437203645706177,0.08464624732732773,0.6037104725837708,0.576288640499115,0.1257251650094986,0.5416473150253296,0.567776083946228,0.15152578055858612,0.5098201632499695,0.5511011481285095,0.17596274614334106,0.4792317748069763,0.5845627784729004,0.10109799355268478,0.4421481192111969,0.5381563901901245,0.16142533719539642,0.48780733346939087,0.5122044086456299,0.19605053961277008,0.5274468660354614,0.5062633752822876,0.21367791295051575,0.455795556306839,0.5198180675506592,0.07321794331073761,0.4471640884876251,0.47462552785873413,0.14796696603298187,0.49708953499794006,0.4616445004940033,0.16757476329803467,0.5363972783088684,0.4617731273174286,0.16492165625095367,0.4606013298034668,0.45556968450546265,0.054516181349754333,0.46148934960365295,0.4227379560470581,0.12789443135261536,0.5083839297294617,0.41309940814971924,0.13894811272621155,0.5486177802085876,0.41336601972579956,0.1242983266711235,0.4763709604740143,0.3949417173862457,0.04170127958059311,0.4770728349685669,0.37592554092407227,0.10285919904708862,0.5183020830154419,0.37451687455177307,0.12632225453853607,0.5554338693618774,0.38212522864341736,0.13104166090488434,rock
0.46827763319015503,0.35340332984924316,-3.104046086832568e-08,0.5536170601844788,0.39093440771102905,-0.06739656627178192,0.6502980589866638,0.39982661604881287,-0.06853349506855011,0.7189439535140991,0.4108737111091614,-0.04857075959444046,0.7473694086074829,0.3923538029193878,-0.012357786297798157,0.6928691267967224,0.2565804719924927,-0.028675630688667297,0.768561065196991,0.3366330564022064,-0.03640227019786835,0.7094811201095581,0.3587826192378998,-0.03669258579611778,0.667542576789856,0.33996421098709106,-0.02839844673871994,0.6757351756095886,0.25404879450798035,0.021216360852122307,0.7495904564857483,0.3359503746032715,0.009716931730508804,0.6906797289848328,0.35887977480888367,-0.00127645512111485,0.657017171382904,0.33661144971847534,-0.0010389980161562562,0.6639663577079773,0.2677105665206909,0.06603525578975677,0.7260947823524475,0.3346472382545471,0.05908539518713951,0.6730298399925232,0.35702377557754517,0.04871034622192383,0.6489337682723999,0.3375106453895569,0.048443734645843506,0.6622205972671509,0.2738453149795532,0.1071201041340828,0.7001252770423889,0.3239496946334839,0.10992433875799179,0.6702129244804382,0.33682331442832947,0.1052207425236702,0.6521589756011963,0.31782612204551697,0.10504110902547836,rock
0.6649155616760254,0.7009620070457458,-7.512516617680376e-07,0.5372599959373474,0.7253801226615906,-0.0053198509849607944,0.44049757719039917,0.6999338269233704,0.02248847298324108,0.38705405592918396,0.666236162185669,0.058906134217977524,0.37861794233322144,0.6334139108657837,0.10124021023511887,0.46006327867507935,0.5565118789672852,0.06114152446389198,0.3745179772377014,0.6206578016281128,0.10253270715475082,0.40931543707847595,0.6706973910331726,0.11255064606666565,0.44348660111427307,0.6739545464515686,0.1145993322134018,0.49533018469810486,0.536607563495636,0.08262963593006134,0.4008902311325073,0.6087064146995544,0.13991154730319977,0.4339580237865448,0.6594536304473877,0.14620089530944824,0.46971896290779114,0.6647593975067139,0.14034514129161835,0.515586793422699,0.538898766040802,0.10288643091917038,0.43474167585372925,0.601690411567688,0.1550222784280777,0.4570559859275818,0.6482954621315002,0.14932431280612946,0.49317222833633423,0.6522057056427002,0.13330000638961792,0.5325950980186462,0.5512090921401978,0.12129319459199905,0.4687637686729431,0.6054354310035706,0.16271370649337769,0.4883157014846802,0.6352594494819641,0.16869018971920013,0.515203058719635,0.6386052966117859,0.16656681895256042,rock
0.47688859701156616,0.7035503387451172,-8.573946388423792e-07,0.39714673161506653,0.7073556184768677,-0.0018095201812684536,0.3309127986431122,0.6742962598800659,0.0012396422680467367,0.30964186787605286,0.6491784453392029,6.073708391340915e-06,0.3239580988883972,0.6473301649093628,0.0012960522435605526,0.37258070707321167,0.5574111938476562,0.04221721366047859,0.29441380500793457,0.5725694894790649,0.026539405807852745,0.306473970413208,0.630746603012085,0.011799508705735207,0.3448657691478729,0.6590400338172913,0.004143294878304005,0.39511507749557495,0.5373046398162842,0.034843746572732925,0.2936386168003082,0.564221978187561,0.02039431594312191,0.30993160605430603,0.6269241571426392,0.00937173143029213,0.34892889857292175,0.6541204452514648,0.008041484281420708,0.412983238697052,0.5290176272392273,0.022172901779413223,0.3076390027999878,0.5686060786247253,0.00666076922789216,0.3270130157470703,0.6304328441619873,0.0030129016377031803,0.36832624673843384,0.6519604325294495,0.006369711831212044,0.43063393235206604,0.5326037406921387,0.007574358489364386,0.34076353907585144,0.5686193108558655,-0.005339873023331165,0.3489498198032379,0.616795539855957,-0.006217276677489281,0.38202714920043945,0.6387902498245239,-0.0006825309246778488,rock
0.5888912677764893,0.7799131870269775,-4.802001285497681e-07,0.5432707071304321,0.6863916516304016,-0.0710303783416748,0.45836979150772095,0.6263467669487,-0.08422457426786423,0.35786572098731995,0.6515165567398071,-0.08784841001033783,0.32194358110427856,0.7063683271408081,-0.0775248184800148,0.3952365219593048,0.6265445947647095,-0.0018269673455506563,0.3101053833961487,0.6681567430496216,-0.06503593921661377,0.3901299834251404,0.6932451725006104,-0.10113327950239182,0.446516215801239,0.6873691082000732,-0.11353008449077606,0.4004611670970917,0.7115742564201355,0.016214018687605858,0.3150283098220825,0.7460620403289795,-0.0599982813000679,0.4285607635974884,0.7512101531028748,-0.08754237741231918,0.47635096311569214,0.7356860637664795,-0.08463651686906815,0.40413016080856323,0.7846425771713257,0.01899619773030281,0.33585554361343384,0.8159282207489014,-0.06867312639951706,0.45359909534454346,0.8098781704902649,-0.07335412502288818,0.5012574195861816,0.7822809219360352,-0.048440542072057724,0.41317808628082275,0.8508288264274597,0.01733279414474964,0.3648439645767212,0.8741931319236755,-0.03671679645776749,0.44214633107185364,0.8622938990592957,-0.0353999063372612,0.47881636023521423,0.8377701640129089,-0.017870856449007988,rock
0.3094184994697571,0.7327077388763428,-1.0202475664300437e-07,0.42380186915397644,0.7587293386459351,-0.029289286583662033,0.5198356509208679,0.7103227376937866,-0.02852548286318779,0.5984398722648621,0.6470295786857605,-0.02627500332891941,0.6121532320976257,0.5814142823219299,-0.0130148995667696,0.4590492844581604,0.5554621815681458,0.028071722015738487,0.5634896755218506,0.5787854194641113,-0.0053761303424835205,0.5112711787223816,0.6377578377723694,-0.021393226459622383,0.4567818343639374,0.6585971713066101,-0.02066313661634922,0.43148285150527954,0.5204962491989136,0.036544859409332275,0.5592279434204102,0.5581800937652588,-0.0101908715441823,0.5102072358131409,0.6222825050354004,-0.03127368539571762,0.4562237858772278,0.6352877616882324,-0.02634613960981369,0.41240185499191284,0.5074700713157654,0.036747802048921585,0.5226308703422546,0.5596022009849548,-0.013175874017179012,0.47060465812683105,0.6323253512382507,-0.017287038266658783,0.4251498878002167,0.6407628655433655,0.001601802185177803,0.3958207368850708,0.49792760610580444,0.03614877909421921,0.4871847331523895,0.537564218044281,0.013259314931929111,0.45849302411079407,0.5794426202774048,0.018567979335784912,0.42870622873306274,0.5843487977981567,0.033546045422554016,rock
0.6075257062911987,0.8796550035476685,-1.0422348850624985e-07,0.6066020131111145,0.7736518383026123,-0.028001053258776665,0.5651620030403137,0.6681551337242126,-0.03685499355196953,0.48567402362823486,0.6177648901939392,-0.045976653695106506,0.4169257581233978,0.6314493417739868,-0.046488840132951736,0.47684845328330994,0.660348117351532,0.015731027349829674,0.435481995344162,0.6225261688232422,-0.013986478559672832,0.47318580746650696,0.6582161784172058,-0.028896411880850792,0.47689127922058105,0.6723414659500122,-0.035823218524456024,0.44183313846588135,0.7090954780578613,0.012471887283027172,0.40231460332870483,0.68169105052948,-0.01738661155104637,0.4720541536808014,0.7283814549446106,-0.024426233023405075,0.4775184094905853,0.7297897338867188,-0.023305458948016167,0.4223729372024536,0.7653495073318481,0.0012256359914317727,0.39385074377059937,0.746056079864502,-0.037527624517679214,0.467184841632843,0.7830439209938049,-0.029810167849063873,0.470381498336792,0.7891347408294678,-0.015827544033527374,0.4101649522781372,0.8269699215888977,-0.012399892322719097,0.3999345898628235,0.8081295490264893,-0.034781187772750854,0.44503238797187805,0.8256484270095825,-0.02410675399005413,0.44353342056274414,0.8338214755058289,-0.011324945837259293,rock
0.5656712055206299,0.4965573847293854,-2.1573633546267956e-07,0.48935291171073914,0.4494161307811737,-0.03458116948604584,0.405620813369751,0.432425320148468,-0.046137746423482895,0.3333847224712372,0.46678972244262695,-0.05748012661933899,0.31349557638168335,0.5210742950439453,-0.06092379242181778,0.36377230286598206,0.44658616185188293,0.01585741899907589,0.29146528244018555,0.46664535999298096,-0.014011590741574764,0.33782878518104553,0.4682934284210205,-0.03475041687488556,0.37023070454597473,0.4630453288555145,-0.04376441612839699,0.3824642300605774,0.4890719950199127,0.019509226083755493,0.3209053575992584,0.5205966234207153,-0.01690022647380829,0.3861890137195587,0.5035611987113953,-0.03610747680068016,0.41034460067749023,0.48677822947502136,-0.040107935667037964,0.40377873182296753,0.5268524289131165,0.015041126869618893,0.3552536368370056,0.5612093210220337,-0.023051278665661812,0.4126880168914795,0.5342244505882263,-0.0302459467202425,0.43899795413017273,0.5141730308532715,-0.023769669234752655,0.4257848262786865,0.5623108148574829,0.007653940003365278,0.3843490183353424,0.5841326713562012,-0.011095941066741943,0.42012885212898254,0.5633633732795715,-0.008375825360417366,0.44772401452064514,0.5457868576049805,-0.0003081540344282985,rock
0.7307160496711731,0.8340249061584473,1.027508005790878e-06,0.6946544051170349,0.7666325569152832,-0.07084210216999054,0.592467725276947,0.7268105149269104,-0.08616230636835098,0.4848310649394989,0.7783899903297424,-0.0959785133600235,0.41444501280784607,0.8174987435340881,-0.10212050378322601,0.4861817955970764,0.6373423933982849,-0.016331590712070465,0.39262282848358154,0.5527032017707825,-0.038838859647512436,0.33765339851379395,0.49197280406951904,-0.056986141949892044,0.29711613059043884,0.43813079595565796,-0.07032335549592972,0.46604111790657043,0.6970645785331726,-0.006063074339181185,0.33447837829589844,0.6660277843475342,-0.03531657159328461,0.24976444244384766,0.6428667902946472,-0.06276057660579681,0.17997610569000244,0.6246253252029419,-0.0753953605890274,0.47928959131240845,0.7658938765525818,-0.006821724586188793,0.41283082962036133,0.7901912331581116,-0.07663923501968384,0.48458221554756165,0.8151044845581055,-0.11263223737478256,0.5362229943275452,0.8275386095046997,-0.1125602275133133,0.514013409614563,0.8313184976577759,-0.011888081207871437,0.46164244413375854,0.8495156764984131,-0.08262588083744049,0.5114809274673462,0.8670670986175537,-0.10674479603767395,0.5580011606216431,0.8784241080284119,-0.10662670433521271,rock
0.009300261735916138,0.45579952001571655,-1.1963281849602936e-06,0.17104175686836243,0.3935883045196533,-0.0025303144939243793,0.30696094036102295,0.39608871936798096,-0.020463544875383377,0.4097898602485657,0.4163362979888916,-0.04854285344481468,0.47449204325675964,0.46539145708084106,-0.06533815711736679,0.3273284137248993,0.6281663179397583,0.04650155454874039,0.4536442160606384,0.5263296365737915,-0.0017689132364466786,0.37855684757232666,0.46031713485717773,-0.03754325956106186,0.3254091441631317,0.4723406136035919,-0.06000291183590889,0.31793496012687683,0.6535031199455261,0.018925216048955917,0.45512789487838745,0.5151662826538086,-0.029392875730991364,0.35979345440864563,0.4590892493724823,-0.04200361669063568,0.29882994294166565,0.4911080598831177,-0.04310840740799904,0.31060948967933655,0.6524316072463989,-0.018389448523521423,0.4249780476093292,0.5053157806396484,-0.052577365189790726,0.33151865005493164,0.45286184549331665,-0.035857222974300385,0.2696675956249237,0.48660749197006226,-0.021706273779273033,0.3045106828212738,0.6354339122772217,-0.06142636388540268,0.3789710998535156,0.49503910541534424,-0.08299116790294647,0.3078905940055847,0.45686495304107666,-0.07659740746021271,0.24942006170749664,0.48586761951446533,-0.06685007363557816,rock
0.6568663120269775,0.7724068760871887,-5.575214458986011e-07,0.6428009867668152,0.674731969833374,-0.09018255770206451,0.5736265778541565,0.5596208572387695,-0.1120026558637619,0.4568709433078766,0.5116294026374817,-0.12309865653514862,0.36576908826828003,0.521487832069397,-0.11862589418888092,0.5449849367141724,0.5006800889968872,0.004066037014126778,0.4418410658836365,0.4651210308074951,-0.06139417365193367,0.48349323868751526,0.5211260914802551,-0.09880217909812927,0.5230593681335449,0.5507598519325256,-0.11110683530569077,0.5093705654144287,0.577522873878479,0.02796507440507412,0.4081351161003113,0.5532717704772949,-0.043836064636707306,0.49419599771499634,0.6112855672836304,-0.0696081891655922,0.5329580307006836,0.6156278848648071,-0.06558557599782944,0.4852280914783478,0.6536482572555542,0.03332772105932236,0.4063141345977783,0.6454075574874878,-0.05385777726769447,0.4967282712459564,0.6921828985214233,-0.05553387105464935,0.535161554813385,0.6886501312255859,-0.0296090766787529,0.46787527203559875,0.7286101579666138,0.032134655863046646,0.4160199761390686,0.7227592468261719,-0.023299861699342728,0.48358580470085144,0.7507114410400391,-0.017590254545211792,0.5232634544372559,0.7518657445907593,0.003589905798435211,rock
0.6095014810562134,0.5057730078697205,-8.983814154817082e-07,0.5597199201583862,0.3893495202064514,-0.03207622468471527,0.5741633176803589,0.2591424286365509,-0.04394632577896118,0.642716109752655,0.1700572818517685,-0.058759018778800964,0.7238801121711731,0.1619357466697693,-0.06158507242798805,0.6597465872764587,0.24669012427330017,0.03049950860440731,0.6767125129699707,0.170158252120018,-0.012882101349532604,0.6377953886985779,0.22629427909851074,-0.022935040295124054,0.6433281898498535,0.25979331135749817,-0.020995663478970528,0.7034501433372498,0.280293345451355,0.029505543410778046,0.7182096242904663,0.2141202688217163,-0.024534115567803383,0.6574383974075317,0.29615694284439087,-0.021771801635622978,0.6758562922477722,0.31989163160324097,-0.00024330189626198262,0.7436782717704773,0.3206043839454651,0.015124456025660038,0.7499154806137085,0.2593262195587158,-0.044755954295396805,0.6859372854232788,0.33143284916877747,-0.025100525468587875,0.6997551321983337,0.3581142723560333,0.009300248697400093,0.7846879959106445,0.3722676932811737,-0.002261597430333495,0.7910236120223999,0.30502745509147644,-0.03068668581545353,0.7364570498466492,0.34607169032096863,-0.012489201501011848,0.7329503893852234,0.375637948513031,0.012716218829154968,rock
0.32019537687301636,0.42004066705703735,2.1684581952285953e-07,0.35509026050567627,0.505614697933197,0.004278732463717461,0.40079447627067566,0.5526972413063049,-0.021173376590013504,0.4430994987487793,0.555213212966919,-0.03771079704165459,0.48226499557495117,0.5356450080871582,-0.05323604866862297,0.4086366593837738,0.522165834903717,-0.1485585719347,0.5029797554016113,0.5696104168891907,-0.1560729593038559,0.5186184644699097,0.5602331161499023,-0.11168478429317474,0.49745091795921326,0.5376222729682922,-0.07253289967775345,0.4124295115470886,0.4668116867542267,-0.15425269305706024,0.5272572040557861,0.5090791583061218,-0.16229696571826935,0.521185040473938,0.5049945116043091,-0.09748072177171707,0.4867548942565918,0.49448904395103455,-0.04693841561675072,0.4224550127983093,0.41934269666671753,-0.1504085510969162,0.5225064754486084,0.4563103914260864,-0.14979830384254456,0.5016217231750488,0.4616946280002594,-0.08816573768854141,0.4689522087574005,0.4572494924068451,-0.044335294514894485,0.43096923828125,0.3804280757904053,-0.14421597123146057,0.5019620060920715,0.41498056054115295,-0.14956815540790558,0.4923701584339142,0.42961254715919495,-0.12077677994966507,0.4674118757247925,0.42445677518844604,-0.0950896218419075,rock
0.3969152569770813,0.5411180853843689,5.339111552871145e-08,0.4598369002342224,0.5431684255599976,-0.06827695667743683,0.522584855556488,0.5054524540901184,-0.09087254106998444,0.5768874287605286,0.46085265278816223,-0.09709595888853073,0.6065807342529297,0.4162602424621582,-0.09135353565216064,0.4452385902404785,0.37818655371665955,-0.07009245455265045,0.5440916419029236,0.4002719223499298,-0.09992510825395584,0.5282977819442749,0.4566552937030792,-0.10499805212020874,0.495719850063324,0.4647071957588196,-0.10220757871866226,0.4579349160194397,0.3631494641304016,-0.03970644250512123,0.552410364151001,0.38992899656295776,-0.07279674708843231,0.5282585620880127,0.4517393112182617,-0.07666365057229996,0.49633657932281494,0.45075511932373047,-0.0726221576333046,0.47624731063842773,0.3650258481502533,-0.014234582893550396,0.5568403005599976,0.3874083161354065,-0.04632345587015152,0.5312947630882263,0.44344574213027954,-0.03804920241236687,0.49963465332984924,0.44259127974510193,-0.024747436866164207,0.49023470282554626,0.36931729316711426,0.006830467376857996,0.5516830086708069,0.3934878706932068,-0.01482881885021925,0.534856915473938,0.42942696809768677,-0.010809915140271187,0.5066157579421997,0.4268173277378082,-0.002534640720114112,rock
0.9301824569702148,0.9399921894073486,-6.926379683136474e-07,0.8217026591300964,0.9397984743118286,-0.04580877348780632,0.7434987425804138,0.8946133255958557,-0.05761609598994255,0.6984143257141113,0.8390313386917114,-0.05320165678858757,0.6960732936859131,0.8040998578071594,-0.040794484317302704,0.8188386559486389,0.7743637561798096,-0.06535287201404572,0.7098309993743896,0.7672873139381409,-0.05557829514145851,0.7219167351722717,0.8219675421714783,-0.042948782444000244,0.7499925494194031,0.8446905612945557,-0.03699377924203873,0.8532422184944153,0.7468363046646118,-0.036531124264001846,0.7316892743110657,0.7608779668807983,-0.020779762417078018,0.7447363138198853,0.8108201622962952,-0.006200773641467094,0.7730811238288879,0.8320384621620178,-0.002382618375122547,0.8695584535598755,0.7423310279846191,-0.005934530403465033,0.7630664706230164,0.75760817527771,0.00785460788756609,0.7700588703155518,0.7977862358093262,0.01788904331624508,0.7923455238342285,0.8210941553115845,0.01843397319316864,0.8769336342811584,0.7518554329872131,0.020916158333420753,0.7952443957328796,0.7620864510536194,0.023176902905106544,0.801624059677124,0.7914431691169739,0.02651877887547016,0.8187822103500366,0.8129639625549316,0.029156798496842384,rock
0.22400528192520142,0.8285225629806519,4.625534089086614e-08,0.3703109622001648,0.9292513728141785,-0.08566443622112274,0.5333886742591858,0.9608708024024963,-0.11276277899742126,0.6597909927368164,0.9627578258514404,-0.1282878816127777,0.7128182053565979,0.9374417662620544,-0.12264195829629898,0.5961930155754089,0.6850572824478149,-0.014390707947313786,0.7138683795928955,0.8148590922355652,-0.06929204612970352,0.6056631207466125,0.8635495901107788,-0.0963684543967247,0.5218771696090698,0.8277999758720398,-0.10299904644489288,0.6037589311599731,0.6433045864105225,0.014316298067569733,0.7381609082221985,0.7918310165405273,-0.0545756034553051,0.6070888042449951,0.8475481867790222,-0.08038116246461868,0.5348258018493652,0.8066611289978027,-0.07798442244529724,0.6016227006912231,0.6283034682273865,0.02931142784655094,0.727124035358429,0.7661693692207336,-0.041087232530117035,0.6033012270927429,0.8207040429115295,-0.034361597150564194,0.5370466709136963,0.7797208428382874,-0.006909013260155916,0.5908932685852051,0.6172769069671631,0.03856581076979637,0.6773751378059387,0.7447887659072876,-0.0030558796133846045,0.5988228917121887,0.7783507108688354,0.007816117256879807,0.5528708100318909,0.7347503900527954,0.02845190465450287,rock
0.7804981470108032,0.5466102361679077,-1.0798632956721121e-06,0.6583095788955688,0.6394140124320984,-0.011069484055042267,0.5424975752830505,0.6633929014205933,-0.017187170684337616,0.43513715267181396,0.6355608701705933,-0.019114814698696136,0.38645344972610474,0.5877535343170166,-0.017187854275107384,0.47738489508628845,0.5189365744590759,-0.005466155707836151,0.4176829755306244,0.5528627634048462,0.02494383230805397,0.4601666331291199,0.5891597270965576,0.04673587530851364,0.5040369033813477,0.6009255051612854,0.05691374093294144,0.5097116827964783,0.44590213894844055,0.007502211723476648,0.4616132378578186,0.5068447589874268,0.046892400830984116,0.49453794956207275,0.5425788164138794,0.05779276043176651,0.5337343215942383,0.5480027198791504,0.052635714411735535,0.555881679058075,0.40288010239601135,0.025008302181959152,0.5081379413604736,0.46115222573280334,0.0583597756922245,0.534813642501831,0.49324265122413635,0.06343064457178116,0.5754770040512085,0.5063568353652954,0.05379325523972511,0.601823091506958,0.3757093846797943,0.04254087060689926,0.560684323310852,0.41456833481788635,0.07012588530778885,0.578525185585022,0.4460144340991974,0.08365564793348312,0.6111922860145569,0.46473631262779236,0.08786957710981369,rock
0.07911641895771027,0.2757144272327423,4.110838744963985e-07,0.04230601340532303,0.31962549686431885,-0.09252551198005676,0.04107256978750229,0.3750879764556885,-0.13860782980918884,0.06514176726341248,0.4342986047267914,-0.15802757441997528,0.10976864397525787,0.4697379767894745,-0.16665852069854736,0.15364162623882294,0.3158717751502991,-0.17112699151039124,0.14540210366249084,0.4112246036529541,-0.19539840519428253,0.09840795397758484,0.4183107018470764,-0.17944806814193726,0.07944844663143158,0.39577746391296387,-0.16294392943382263,0.18585704267024994,0.3229912221431732,-0.12918488681316376,0.17666609585285187,0.43186038732528687,-0.15713298320770264,0.12336985021829605,0.43391507863998413,-0.14162585139274597,0.1024944931268692,0.4069977104663849,-0.12837745249271393,0.19818757474422455,0.3409566879272461,-0.08732463419437408,0.17989736795425415,0.43523067235946655,-0.10901471972465515,0.13179969787597656,0.4345472455024719,-0.09538020193576813,0.11365329474210739,0.4117554724216461,-0.08597444742918015,0.2031605988740921,0.3571762442588806,-0.051381610333919525,0.1847427487373352,0.42403966188430786,-0.07447962462902069,0.14907550811767578,0.424527108669281,-0.07790663838386536,0.13210013508796692,0.40847107768058777,-0.07918623834848404,rock
0.7633197903633118,0.3431623876094818,-4.906058279630088e-07,0.6929571032524109,0.3531557321548462,-0.02152104116976261,0.6470125317573547,0.33736419677734375,-0.020253149792551994,0.6313031315803528,0.3344334363937378,-0.012292291037738323,0.6381242871284485,0.3362298011779785,-0.003826342523097992,0.6738541126251221,0.23442932963371277,-0.004715478979051113,0.6218171119689941,0.2750193178653717,0.006848085671663284,0.6205174326896667,0.30713245272636414,0.007221218664199114,0.6348600387573242,0.321525901556015,0.00534334871917963,0.7018381357192993,0.23195034265518188,0.008721601217985153,0.6429815292358398,0.26602068543434143,0.021738121286034584,0.6381979584693909,0.2981933057308197,0.0175730362534523,0.6513174772262573,0.3184143602848053,0.01136090885847807,0.7182306051254272,0.24374625086784363,0.02149089053273201,0.661315381526947,0.2757704257965088,0.02726106345653534,0.6585866212844849,0.301338791847229,0.01443424727767706,0.6701228022575378,0.31600144505500793,0.0041471743024885654,0.7226409316062927,0.2620977461338043,0.03304924815893173,0.6735531687736511,0.28352272510528564,0.035331424325704575,0.6673003435134888,0.3025721609592438,0.03081623651087284,0.6711598038673401,0.3178795278072357,0.027079589664936066,rock
0.5450986623764038,0.23030595481395721,-2.64313428033347e-07,0.6103798747062683,0.3103184103965759,-0.060640107840299606,0.7078863978385925,0.3613361716270447,-0.06546109914779663,0.780293881893158,0.4025753140449524,-0.05378245189785957,0.8076679110527039,0.39390063285827637,-0.025497587397694588,0.8348627686500549,0.21199052035808563,-0.018267646431922913,0.8665518164634705,0.3401232957839966,-0.040418218821287155,0.7950845956802368,0.33838704228401184,-0.05561000108718872,0.7649884819984436,0.30067211389541626,-0.059713903814554214,0.8249233961105347,0.19766488671302795,0.018134111538529396,0.8585653901100159,0.3324179947376251,-0.00716298446059227,0.7832676768302917,0.3298794627189636,-0.020914733409881592,0.7559577226638794,0.28998488187789917,-0.022039182484149933,0.8109918832778931,0.20284585654735565,0.047691844403743744,0.8440298438072205,0.32109594345092773,0.028759902343153954,0.7778927683830261,0.3223288059234619,0.02402232587337494,0.7566906809806824,0.2886703908443451,0.028543060645461082,0.7990044951438904,0.21000805497169495,0.07309462130069733,0.8206008672714233,0.3022448718547821,0.07082165032625198,0.7801722884178162,0.29897189140319824,0.07180993258953094,0.7667222619056702,0.2664835453033447,0.07545929402112961,rock
0.6816006302833557,0.4509037435054779,-9.597563632723904e-08,0.6608089208602905,0.3859586715698242,-0.02398514188826084,0.6073950529098511,0.3423539400100708,-0.031180934980511665,0.540716826915741,0.3540753722190857,-0.03736666962504387,0.513689398765564,0.39086806774139404,-0.03622374311089516,0.5727189183235168,0.33361348509788513,0.006198502611368895,0.510800302028656,0.32666251063346863,-0.020943528041243553,0.5460720658302307,0.35471367835998535,-0.03554202988743782,0.5702759623527527,0.3603963851928711,-0.04058212786912918,0.5624869465827942,0.37156176567077637,0.007064951118081808,0.5069069266319275,0.37114861607551575,-0.018414078280329704,0.5528990626335144,0.3892562687397003,-0.02335299551486969,0.5698336958885193,0.3830874562263489,-0.01981053128838539,0.558038055896759,0.4079924523830414,0.000821466906927526,0.5126956105232239,0.4132760763168335,-0.025182049721479416,0.5589497089385986,0.4214329719543457,-0.020644381642341614,0.5775572657585144,0.4105982780456543,-0.009386102668941021,0.5576309561729431,0.44298848509788513,-0.008075796999037266,0.5233912467956543,0.44279760122299194,-0.016156094148755074,0.5515945553779602,0.44521570205688477,-0.006726873107254505,0.5673725605010986,0.44095924496650696,0.0038095354102551937,rock
0.3141476511955261,0.7488745450973511,-8.972239129434456e-07,0.29620689153671265,0.6514615416526794,-0.03794547915458679,0.3005960285663605,0.5531186461448669,-0.06957530230283737,0.340075820684433,0.49155083298683167,-0.103378064930439,0.40091732144355774,0.5089040398597717,-0.126672625541687,0.44577518105506897,0.4947834014892578,-0.01371364202350378,0.42547157406806946,0.4193572402000427,-0.0798451155424118,0.3702627718448639,0.4833468198776245,-0.11371968686580658,0.3744501769542694,0.5189048647880554,-0.12955927848815918,0.487480103969574,0.5371872186660767,-0.01967712491750717,0.4490465521812439,0.47220578789711,-0.08167159557342529,0.3832854926586151,0.5422294735908508,-0.08489321172237396,0.3953707814216614,0.5656681656837463,-0.07329908758401871,0.5117729902267456,0.590888261795044,-0.03769543766975403,0.4626379609107971,0.5379268527030945,-0.0936846062541008,0.3953913450241089,0.595808207988739,-0.0718364492058754,0.40916183590888977,0.6205387711524963,-0.04331099987030029,0.5225347280502319,0.6507745981216431,-0.061212532222270966,0.4688763916492462,0.6034035682678223,-0.08696532249450684,0.42012855410575867,0.6306163668632507,-0.07328286021947861,0.4305429458618164,0.6496485471725464,-0.05513874441385269,rock
0.17173314094543457,0.6597043871879578,-5.522846322492114e-07,0.31251466274261475,0.5848262310028076,0.006607061717659235,0.40047284960746765,0.5565632581710815,-0.03356853127479553,0.44192931056022644,0.5132122039794922,-0.07831596583127975,0.43031829595565796,0.47663137316703796,-0.1246836706995964,0.4654308557510376,0.7019994258880615,-0.09792480617761612,0.5554301738739014,0.5833975672721863,-0.14609256386756897,0.4944794774055481,0.5455151796340942,-0.16299062967300415,0.4546605348587036,0.5613839030265808,-0.17500850558280945,0.411998450756073,0.7002993226051331,-0.12869487702846527,0.5097241997718811,0.5584455728530884,-0.16828182339668274,0.4476766586303711,0.53230881690979,-0.15428993105888367,0.411600261926651,0.5608071684837341,-0.14950917661190033,0.3540853261947632,0.6700202226638794,-0.15620356798171997,0.44261395931243896,0.5391235947608948,-0.18085788190364838,0.39168646931648254,0.5194070935249329,-0.14463725686073303,0.35615843534469604,0.5517228841781616,-0.12659350037574768,0.30188193917274475,0.6261414289474487,-0.18355980515480042,0.37446174025535583,0.5218525528907776,-0.1937558650970459,0.3518138527870178,0.5116363763809204,-0.17048080265522003,0.32557445764541626,0.5400080680847168,-0.15760014951229095,rock
0.9368710517883301,0.7615324854850769,-1.4425747849600157e-06,0.7871465086936951,0.8149343729019165,-0.04426441714167595,0.6680905818939209,0.7968178987503052,-0.03302412107586861,0.5812451839447021,0.7540894746780396,0.003353467443957925,0.5555880069732666,0.7248570322990417,0.05155263468623161,0.6558820009231567,0.5917805433273315,-0.06690838187932968,0.49812161922454834,0.6400434970855713,-0.040461570024490356,0.5304555296897888,0.7247530817985535,-0.009878098033368587,0.5831212997436523,0.7614938020706177,0.009790551848709583,0.6802566051483154,0.5431838631629944,-0.0218780729919672,0.492766797542572,0.593023955821991,0.003476183395832777,0.5330842137336731,0.6850485801696777,0.0343325175344944,0.5953924655914307,0.7220246195793152,0.05207965523004532,0.6953433156013489,0.5306759476661682,0.026878856122493744,0.5326011776924133,0.591547429561615,0.044013071805238724,0.5629817843437195,0.6734703779220581,0.05838058888912201,0.6158169507980347,0.7102084755897522,0.06486265361309052,0.7085459232330322,0.5418240427970886,0.0738140121102333,0.5928512811660767,0.592490017414093,0.07808877527713776,0.6118753552436829,0.6404697895050049,0.07923071831464767,0.6497512459754944,0.6693474054336548,0.08164674043655396,rock
0.3597715198993683,0.4807697534561157,-6.690744953630201e-07,0.27519670128822327,0.43319135904312134,-0.06396304816007614,0.2149667590856552,0.3606945872306824,-0.04958990588784218,0.1724681705236435,0.3209322392940521,-0.010361659340560436,0.17072956264019012,0.31609830260276794,0.04186764359474182,0.3108992576599121,0.25613829493522644,-0.010684693232178688,0.20333077013492584,0.2608429789543152,0.003691225778311491,0.20695795118808746,0.31226304173469543,0.004691692069172859,0.235176220536232,0.32710006833076477,0.007945865392684937,0.3264124095439911,0.2811596393585205,0.039837319403886795,0.2111244797706604,0.2760970890522003,0.0628129243850708,0.2195717841386795,0.3221827447414398,0.06239457055926323,0.24979832768440247,0.34321463108062744,0.06040550023317337,0.32485780119895935,0.3040624260902405,0.08456643670797348,0.22560018301010132,0.3021465837955475,0.10099443793296814,0.2274908423423767,0.33613821864128113,0.08228795230388641,0.25355949997901917,0.3497670888900757,0.06944862008094788,0.3211388885974884,0.32435280084609985,0.12433396279811859,0.24947699904441833,0.31959694623947144,0.13845783472061157,0.25755900144577026,0.3404282331466675,0.1291797161102295,0.27756941318511963,0.35770922899246216,0.12347718328237534,rock
0.47413378953933716,0.6394513249397278,-8.272206741821719e-07,0.34863024950027466,0.5057311654090881,-0.07300399988889694,0.26352056860923767,0.4077832102775574,-0.1482616662979126,0.23465996980667114,0.39461761713027954,-0.21262569725513458,0.2419579029083252,0.4609447121620178,-0.26263561844825745,0.46876972913742065,0.22189024090766907,-0.13178840279579163,0.24014955759048462,0.2512456774711609,-0.2022584229707718,0.2410644292831421,0.33786913752555847,-0.23822683095932007,0.3085065484046936,0.3577173054218292,-0.2635790705680847,0.528285801410675,0.29087522625923157,-0.13870728015899658,0.26859745383262634,0.32764574885368347,-0.1891074776649475,0.28973162174224854,0.40380990505218506,-0.18856371939182281,0.3593653738498688,0.4176040291786194,-0.19279877841472626,0.5532103180885315,0.3801720142364502,-0.15186820924282074,0.3126240372657776,0.41188836097717285,-0.19069428741931915,0.3336486220359802,0.4719496965408325,-0.16353262960910797,0.40856504440307617,0.47580769658088684,-0.14884930849075317,0.5555511116981506,0.47832411527633667,-0.17515411972999573,0.365264356136322,0.49148499965667725,-0.19810901582241058,0.3725564479827881,0.5359828472137451,-0.1805986762046814,0.4318998456001282,0.5439610481262207,-0.16667869687080383,rock
0.5645377039909363,0.6308741569519043,-5.40779467428365e-07,0.48926234245300293,0.6267634034156799,-0.09313546121120453,0.4040743410587311,0.6038800477981567,-0.10785757005214691,0.3265511095523834,0.602538526058197,-0.09914043545722961,0.2813044786453247,0.6061714887619019,-0.0827455148100853,0.419522225856781,0.43930813670158386,-0.03705452382564545,0.29830488562583923,0.490847110748291,-0.034823473542928696,0.3014688491821289,0.5639589428901672,-0.03332372382283211,0.3358739912509918,0.5932301878929138,-0.027650028467178345,0.4275040924549103,0.45553523302078247,0.020991727709770203,0.2974894046783447,0.5151798129081726,0.01873764395713806,0.308557391166687,0.5860981345176697,0.006615606602281332,0.34555578231811523,0.6132373213768005,0.0037736885715276003,0.4275307059288025,0.48232677578926086,0.07164742052555084,0.3134581744670868,0.5420236587524414,0.058303069323301315,0.3202502727508545,0.6040130257606506,0.03282005339860916,0.35271185636520386,0.6226340532302856,0.024997716769576073,0.4235836863517761,0.5099726319313049,0.11706069111824036,0.3345710337162018,0.5462355017662048,0.10431107878684998,0.3358151912689209,0.5890082120895386,0.08927363902330399,0.3637307584285736,0.6082311272621155,0.08723287284374237,rock
0.6258385181427002,0.7991843223571777,-5.861478484803229e-07,0.704834520816803,0.7471146583557129,0.009009246714413166,0.8124257326126099,0.7351738214492798,0.03297330066561699,0.8962268233299255,0.7678821086883545,0.038627710193395615,0.9143148064613342,0.817885160446167,0.046721622347831726,0.8163561820983887,0.7484048008918762,0.17386934161186218,0.879102349281311,0.7660994529724121,0.18616390228271484,0.8147407174110413,0.7863611578941345,0.18103717267513275,0.7518503665924072,0.7902675271034241,0.1818724423646927,0.8354136347770691,0.7543550729751587,0.16442693769931793,0.8749870657920837,0.7459442019462585,0.15820804238319397,0.7902230620384216,0.7771885991096497,0.13085128366947174,0.7313928604125977,0.7910961508750916,0.12613826990127563,0.8531753420829773,0.7625536918640137,0.14193251729011536,0.8844181299209595,0.7439274787902832,0.11542776226997375,0.7937376499176025,0.765697717666626,0.09150255471467972,0.7197536826133728,0.7709263563156128,0.09218207001686096,0.8676912784576416,0.7750400304794312,0.11906135082244873,0.8939247727394104,0.7762029767036438,0.10461677610874176,0.8226576447486877,0.777812123298645,0.10126438736915588,0.7546798586845398,0.7699598073959351,0.10775124281644821,rock
0.3655185401439667,0.4092724323272705,-1.9570352094433474e-07,0.32519420981407166,0.4787304401397705,-0.06004836782813072,0.3107791244983673,0.5672183036804199,-0.06902776658535004,0.2933340072631836,0.6371878385543823,-0.06314440816640854,0.29535800218582153,0.6669836044311523,-0.043737053871154785,0.450506329536438,0.617954671382904,-0.031034214422106743,0.3617558777332306,0.6975991725921631,-0.039001885801553726,0.3382346034049988,0.6408529281616211,-0.034663524478673935,0.35751989483833313,0.5978392958641052,-0.025509744882583618,0.44296392798423767,0.615168571472168,0.006869595032185316,0.3563859164714813,0.6832818984985352,-0.004510411061346531,0.3374343812465668,0.6275034546852112,-0.00680749025195837,0.3621562719345093,0.5950606465339661,-0.0028678912203758955,0.42248016595840454,0.6086259484291077,0.039869435131549835,0.347647100687027,0.6660646200180054,0.03116014413535595,0.3343302011489868,0.6171882748603821,0.031167950481176376,0.3581670820713043,0.589188814163208,0.03525036200881004,0.40646475553512573,0.6031226515769958,0.06884562969207764,0.3495578467845917,0.6416131854057312,0.06631241738796234,0.3426487445831299,0.6109259724617004,0.06633933633565903,0.36639127135276794,0.5893271565437317,0.06866014748811722,rock
0.14596569538116455,0.5284395813941956,-2.8746774205501424e-07,0.2017146348953247,0.5592113137245178,-0.030432680621743202,0.26094892621040344,0.5595861673355103,-0.049361325800418854,0.2974931299686432,0.5413364171981812,-0.0644969716668129,0.31045588850975037,0.5073656439781189,-0.07651477307081223,0.3017452657222748,0.44757357239723206,-0.04951288923621178,0.2922813892364502,0.5000278949737549,-0.07722196727991104,0.2647324204444885,0.5301679968833923,-0.09126140922307968,0.25557640194892883,0.5259944200515747,-0.10015258938074112,0.266975462436676,0.41785627603530884,-0.04936104267835617,0.25170671939849854,0.4866560697555542,-0.07424063980579376,0.22857248783111572,0.5190629363059998,-0.08290419727563858,0.224788099527359,0.5123756527900696,-0.09049315750598907,0.22301819920539856,0.40646734833717346,-0.05120609328150749,0.2106400579214096,0.47094133496284485,-0.07804769277572632,0.1946384310722351,0.5053529143333435,-0.08038000017404556,0.19401386380195618,0.504177987575531,-0.08133799582719803,0.1783137023448944,0.40588802099227905,-0.05534815043210983,0.16936731338500977,0.45863184332847595,-0.07450329512357712,0.16589929163455963,0.491955429315567,-0.0762227401137352,0.16915598511695862,0.5015367865562439,-0.07620988041162491,rock
0.29112398624420166,0.25010502338409424,-3.556787646630255e-07,0.28181734681129456,0.3138558268547058,-0.09171168506145477,0.27574169635772705,0.4178462326526642,-0.10872725397348404,0.25750747323036194,0.5121089220046997,-0.10260050743818283,0.22597891092300415,0.5644538998603821,-0.07833380997180939,0.39845162630081177,0.5231901407241821,-0.07096346467733383,0.26510658860206604,0.5900200605392456,-0.10399597138166428,0.2208646535873413,0.5135267376899719,-0.10395500063896179,0.2193869650363922,0.45397454500198364,-0.0926138311624527,0.36475852131843567,0.5459422469139099,-0.02365463599562645,0.2393193393945694,0.6142739653587341,-0.06301265209913254,0.21117326617240906,0.5188945531845093,-0.058603301644325256,0.21919377148151398,0.45230650901794434,-0.03885238245129585,0.32563361525535583,0.5539149045944214,0.013921411707997322,0.22638018429279327,0.610278844833374,-0.028461283072829247,0.2014845609664917,0.5277470946311951,-0.028401389718055725,0.21001335978507996,0.46620726585388184,-0.010782907716929913,0.29262155294418335,0.549473762512207,0.04530022293329239,0.2323227822780609,0.5791687965393066,0.008305812254548073,0.21015967428684235,0.5260653495788574,-0.0028265328146517277,0.21522292494773865,0.4839208722114563,0.0029273557011038065,rock
0.6208090782165527,0.5448253154754639,-2.684257935925416e-07,0.571071982383728,0.47346335649490356,-0.045147668570280075,0.49397310614585876,0.40335813164711,-0.04753832891583443,0.4114384055137634,0.3645890951156616,-0.0440107099711895,0.3390706777572632,0.3564675450325012,-0.033161260187625885,0.5008165836334229,0.35215380787849426,0.03137417882680893,0.4016745984554291,0.3775385916233063,0.007569365669041872,0.43024611473083496,0.4264047145843506,-0.014559106901288033,0.4711994528770447,0.4381400942802429,-0.02439083345234394,0.49325206875801086,0.41090473532676697,0.0509435273706913,0.393949419260025,0.44753700494766235,0.026450879871845245,0.45196232199668884,0.48127835988998413,0.006500799674540758,0.5025560855865479,0.4767124652862549,-0.00016919182962737978,0.48283952474594116,0.4698990285396576,0.06029908359050751,0.41010627150535583,0.509395956993103,0.03159540146589279,0.46950072050094604,0.5313946008682251,0.021981513127684593,0.5172048211097717,0.5217276215553284,0.02490154653787613,0.47610044479370117,0.5210481882095337,0.06585145741701126,0.43298181891441345,0.5452693700790405,0.04745921492576599,0.4738236665725708,0.5591319799423218,0.04329117015004158,0.5117884874343872,0.5487481355667114,0.0472271628677845,rock
0.7426934838294983,0.8093419075012207,-6.654146886830858e-07,0.7021462917327881,0.7002010941505432,-0.018179193139076233,0.709800660610199,0.5874006748199463,-0.02962014079093933,0.7541930079460144,0.5213066339492798,-0.04383087903261185,0.807248055934906,0.5126739144325256,-0.04815029352903366,0.8311752080917358,0.5956314206123352,0.02415272779762745,0.806836724281311,0.5104131102561951,-0.013468833640217781,0.7650464177131653,0.5603693723678589,-0.03300666809082031,0.7764810919761658,0.5954581499099731,-0.04286304861307144,0.8600206971168518,0.6147556304931641,0.017227688804268837,0.8197628855705261,0.5281964540481567,-0.02314312942326069,0.7721946239471436,0.5917027592658997,-0.027439050376415253,0.7970634698867798,0.6269717216491699,-0.019864285364747047,0.8797001242637634,0.6301724314689636,0.0008323250222019851,0.8285294771194458,0.5575548410415649,-0.03618214651942253,0.7776874899864197,0.615066647529602,-0.0264117568731308,0.8020265698432922,0.6546733379364014,-0.010622936300933361,0.8934859037399292,0.6478884816169739,-0.018986491486430168,0.8358824849128723,0.5880258679389954,-0.04300813004374504,0.7972012758255005,0.625995397567749,-0.04017874225974083,0.8146102428436279,0.6607896089553833,-0.030828064307570457,rock
0.7903974056243896,0.7315135598182678,-7.921368592178624e-07,0.7442759275436401,0.5346548557281494,-0.04362789914011955,0.6062605381011963,0.39763638377189636,-0.04234695807099342,0.42171967029571533,0.410186767578125,-0.041177812963724136,0.37641239166259766,0.5326641798019409,-0.020686648786067963,0.49047616124153137,0.42587578296661377,0.06566786766052246,0.3649905323982239,0.4110183119773865,0.001776347984559834,0.46822965145111084,0.4781997501850128,-0.04031306132674217,0.5352647304534912,0.4994061589241028,-0.059658631682395935,0.46193552017211914,0.5443148016929626,0.0626741349697113,0.32267922163009644,0.5485368371009827,-0.013930986635386944,0.47527265548706055,0.5877910852432251,-0.04192052409052849,0.5320600867271423,0.5753089189529419,-0.03853858262300491,0.44845908880233765,0.6490818858146667,0.04264141619205475,0.31542274355888367,0.6545268893241882,-0.04033470153808594,0.4718567132949829,0.6733232736587524,-0.03279461711645126,0.5309751629829407,0.6547523140907288,-0.0013060991186648607,0.44385039806365967,0.7537113428115845,0.018330277875065804,0.3542621433734894,0.7433120012283325,-0.020927341654896736,0.45809316635131836,0.7515038251876831,-0.001984021393582225,0.5103600025177002,0.7374346256256104,0.02571978233754635,rock
0.7050187587738037,0.43632763624191284,-1.1458982953627128e-06,0.6275542378425598,0.43397271633148193,0.016213348135352135,0.5562820434570312,0.4203450381755829,0.0521266795694828,0.5024741888046265,0.4091765582561493,0.08549429476261139,0.48138371109962463,0.4137248992919922,0.11780600994825363,0.5549192428588867,0.33630210161209106,0.12094466388225555,0.5207502245903015,0.4458547830581665,0.1611425280570984,0.5524626970291138,0.522871196269989,0.17068874835968018,0.5992279052734375,0.5514791011810303,0.17368915677070618,0.5318207740783691,0.3369062840938568,0.12629763782024384,0.4971499741077423,0.462005615234375,0.1545015424489975,0.5466713905334473,0.5336765646934509,0.12931692600250244,0.601816713809967,0.5574967861175537,0.11169640719890594,0.5105852484703064,0.3511796295642853,0.13082772493362427,0.4878377616405487,0.4825710356235504,0.14426209032535553,0.5474488139152527,0.5412229299545288,0.11519666761159897,0.6088230013847351,0.5503255128860474,0.09551643580198288,0.5002492666244507,0.36867931485176086,0.13770155608654022,0.49546727538108826,0.47790706157684326,0.13948644697666168,0.5461369156837463,0.5253673791885376,0.12898635864257812,0.5909437537193298,0.5284364223480225,0.12482326477766037,rock
0.4911072254180908,0.09576046466827393,-4.411223244460416e-07,0.3507503271102905,0.22621595859527588,0.056731969118118286,0.3279772102832794,0.363797128200531,0.07969492673873901,0.3076968789100647,0.47248876094818115,0.07458744198083878,0.33468902111053467,0.5483298897743225,0.07549285888671875,0.4714678227901459,0.43694227933883667,0.1500532180070877,0.3851109743118286,0.537955641746521,0.1138700470328331,0.37118059396743774,0.45827221870422363,0.07285088300704956,0.40244486927986145,0.4184572398662567,0.05206280201673508,0.5126903057098389,0.4390694797039032,0.09882009774446487,0.3984634280204773,0.5415940284729004,0.057567719370126724,0.38714346289634705,0.4437619149684906,0.018476765602827072,0.4339037239551544,0.40675869584083557,0.00437964079901576,0.5444971323013306,0.43355998396873474,0.04005839675664902,0.41610175371170044,0.5156016945838928,-0.0009103274787776172,0.40712979435920715,0.4075055420398712,-0.0009252239833585918,0.4596538543701172,0.3758973479270935,0.013201548717916012,0.5697066783905029,0.4247664511203766,-0.015919994562864304,0.43433529138565063,0.4664604365825653,-0.029549475759267807,0.4333702027797699,0.4007124602794647,-0.008481928147375584,0.4897996783256531,0.3830689787864685,0.012523484416306019,rock
0.4231416583061218,0.298845112323761,1.4518255397888424e-07,0.44833534955978394,0.3640364706516266,-0.044662363827228546,0.49457523226737976,0.39746448397636414,-0.09492731094360352,0.5386693477630615,0.3857250511646271,-0.13007932901382446,0.5561099648475647,0.3385891914367676,-0.15871039032936096,0.4069761037826538,0.35748183727264404,-0.19360685348510742,0.5459932088851929,0.33299607038497925,-0.24099205434322357,0.5472070574760437,0.35579657554626465,-0.23352359235286713,0.5061835050582886,0.3614341616630554,-0.2165951132774353,0.3830903172492981,0.2957482635974884,-0.1859007179737091,0.5436760187149048,0.24726465344429016,-0.23664839565753937,0.5551435947418213,0.2864738702774048,-0.21675588190555573,0.5199633240699768,0.31093889474868774,-0.1978207379579544,0.38170647621154785,0.2405434101819992,-0.17196595668792725,0.5303430557250977,0.20597493648529053,-0.20459982752799988,0.5437796711921692,0.24886400997638702,-0.17432239651679993,0.5153942704200745,0.2730209529399872,-0.15059325098991394,0.39053210616111755,0.19779881834983826,-0.15907937288284302,0.5019180774688721,0.17455387115478516,-0.1729895919561386,0.5216816067695618,0.2065252661705017,-0.153855100274086,0.5031452775001526,0.22958920896053314,-0.14099474251270294,rock
0.8442658185958862,0.410984605550766,-5.273263923299965e-07,0.7853084206581116,0.35091444849967957,-0.05477996915578842,0.7535303831100464,0.28008705377578735,-0.047507159411907196,0.7306408286094666,0.24439433217048645,-0.02136855199933052,0.7313377261161804,0.2420830875635147,0.014095980674028397,0.8615891933441162,0.21903100609779358,-0.01075271051377058,0.7763599753379822,0.20666754245758057,-0.003698100335896015,0.7660567164421082,0.24661128222942352,-0.006385171785950661,0.7832561731338501,0.26665282249450684,-0.00603878078982234,0.870003342628479,0.24352973699569702,0.027649803087115288,0.7793840169906616,0.22442655265331268,0.039196502417325974,0.7736319303512573,0.26001545786857605,0.03555682301521301,0.7907607555389404,0.2841355502605438,0.03311704099178314,0.8636888265609741,0.2650490999221802,0.06055869907140732,0.785754382610321,0.24957656860351562,0.06734327971935272,0.7788991928100586,0.2763301432132721,0.050447531044483185,0.7930655479431152,0.29316216707229614,0.04062727093696594,0.8562141060829163,0.28364431858062744,0.08892510831356049,0.7987724542617798,0.2707459330558777,0.09513553231954575,0.7962023019790649,0.2912592589855194,0.08627358078956604,0.8040666580200195,0.31088680028915405,0.0820312649011612,rock
0.3661048412322998,0.29729923605918884,-7.964777637425868e-07,0.2357446849346161,0.3249865770339966,-0.020282255485653877,0.14869558811187744,0.2835354208946228,-0.016116056591272354,0.1307743489742279,0.22854259610176086,-0.0022721162531524897,0.16784247756004333,0.20287707448005676,0.015178884379565716,0.17764239013195038,0.13171760737895966,-0.014307811856269836,0.10691405832767487,0.16140368580818176,0.010129113681614399,0.1269994080066681,0.20976117253303528,0.018522197380661964,0.16131071746349335,0.22807934880256653,0.0178883858025074,0.2316734790802002,0.10389558225870132,0.002699202159419656,0.1555625945329666,0.141645610332489,0.04258757829666138,0.16314935684204102,0.18746358156204224,0.056267041712999344,0.19464100897312164,0.2057861089706421,0.05442705750465393,0.2750914394855499,0.10831396281719208,0.02158859558403492,0.21101918816566467,0.1378258466720581,0.05341602861881256,0.20977811515331268,0.17515352368354797,0.06022002920508385,0.23710183799266815,0.19528503715991974,0.05415672808885574,0.3121827244758606,0.12678226828575134,0.03804732486605644,0.2577856481075287,0.1445901244878769,0.054876502603292465,0.2561572194099426,0.1725594401359558,0.06330309063196182,0.2720023989677429,0.19506442546844482,0.06611979752779007,rock
0.4110560417175293,0.7045996785163879,-6.964616545701574e-07,0.37926602363586426,0.5991498231887817,-0.04211430624127388,0.4033817946910858,0.4770565629005432,-0.05697033926844597,0.46033474802970886,0.3898746371269226,-0.0708346962928772,0.5242315530776978,0.3529200553894043,-0.07384215295314789,0.5061240792274475,0.4474063515663147,0.0066458056680858135,0.5857765674591064,0.3805614709854126,-0.038042545318603516,0.5463752746582031,0.4363790452480316,-0.06443384289741516,0.5014691352844238,0.4772120714187622,-0.07446195930242538,0.5490338206291199,0.4969180226325989,0.008983165957033634,0.6243364810943604,0.44024670124053955,-0.037114739418029785,0.563919186592102,0.5014934539794922,-0.0537601076066494,0.5180195569992065,0.5300899744033813,-0.05208340659737587,0.574695885181427,0.5517365336418152,0.0009243840468116105,0.642982006072998,0.5084271430969238,-0.04804092273116112,0.5774305462837219,0.5559947490692139,-0.04015237092971802,0.5293971300125122,0.5792769193649292,-0.020078159868717194,0.5898614525794983,0.6176224946975708,-0.011059179902076721,0.6319530606269836,0.5819937586784363,-0.045211780816316605,0.583060622215271,0.6056649684906006,-0.036784254014492035,0.5454204082489014,0.6209366917610168,-0.02033229172229767,rock
0.39053818583488464,0.07971733808517456,6.462546480179299e-07,0.5338850021362305,0.12013953179121017,-0.08140772581100464,0.6585639119148254,0.14034485816955566,-0.0790681466460228,0.752345621585846,0.14218232035636902,-0.06301406025886536,0.8063409328460693,0.12923263013362885,-0.03657272830605507,0.7115181684494019,0.06575503945350647,0.07690643519163132,0.8161792755126953,0.06265202164649963,0.09231597930192947,0.79704749584198,0.055751025676727295,0.07680865377187729,0.7642956376075745,0.0401262566447258,0.07179344445466995,0.6758485436439514,0.04252444580197334,0.13545458018779755,0.7849488854408264,0.04236932098865509,0.15303294360637665,0.7717559337615967,0.043365947902202606,0.11383502930402756,0.7338411808013916,0.032055191695690155,0.09242070466279984,0.6422548294067383,0.025318801403045654,0.18163567781448364,0.7380473017692566,0.031317733228206635,0.20539306104183197,0.7324239015579224,0.029782868921756744,0.17580659687519073,0.7077987194061279,0.013525895774364471,0.15969409048557281,0.6147089600563049,0.005120381712913513,0.21952290832996368,0.6822289824485779,0.010253354907035828,0.2515696883201599,0.6881144642829895,0.008345559239387512,0.24770338833332062,0.6798016428947449,-0.0006300881505012512,0.24543680250644684,rock
0.7230037450790405,0.773306667804718,-4.465973688638769e-07,0.7335713505744934,0.6444288492202759,-0.01826554909348488,0.6828172206878662,0.5359432697296143,-0.017521940171718597,0.6119599342346191,0.4585999846458435,-0.022415386512875557,0.5431137681007385,0.4286896288394928,-0.022807534784078598,0.6056848764419556,0.5406700372695923,0.0345601961016655,0.5290507078170776,0.48803162574768066,-0.01146822702139616,0.5679057836532593,0.5352610349655151,-0.04385007917881012,0.6102122664451599,0.5745463967323303,-0.0568808875977993,0.5693525671958923,0.589668333530426,0.02864288166165352,0.4946192800998688,0.5437069535255432,-0.02312185987830162,0.5595414638519287,0.5940905809402466,-0.04570101946592331,0.6093027591705322,0.6267821192741394,-0.04842669144272804,0.540897786617279,0.6413654088973999,0.012990908697247505,0.46807366609573364,0.6025488972663879,-0.0391865000128746,0.5383524894714355,0.6448105573654175,-0.03932918980717659,0.5897636413574219,0.6724675893783569,-0.024118490517139435,0.5194385051727295,0.6981124877929688,-0.0049803960137069225,0.46162354946136475,0.6661384701728821,-0.038314420729875565,0.5119206309318542,0.688873827457428,-0.035391826182603836,0.5584314465522766,0.7061823010444641,-0.02373836375772953,rock
0.7127426862716675,0.7613996863365173,-3.545156630480051e-07,0.7103713750839233,0.6593332290649414,-0.027140699326992035,0.6480433344841003,0.5661929845809937,-0.029659703373908997,0.5555603504180908,0.5266075134277344,-0.03240500018000603,0.48571303486824036,0.5293718576431274,-0.02693760395050049,0.6131806969642639,0.5230137705802917,0.030161887407302856,0.5501102805137634,0.4323136508464813,0.0049460153095424175,0.5750659704208374,0.4839168190956116,-0.023995889350771904,0.6020433902740479,0.5262594223022461,-0.04062019661068916,0.565219521522522,0.5538336038589478,0.032261066138744354,0.4894521236419678,0.4594845175743103,0.013417821377515793,0.5289514064788818,0.5196572542190552,-0.011440561152994633,0.5593226552009583,0.5562164783477783,-0.024691704660654068,0.5262408256530762,0.5937512516975403,0.026211969554424286,0.4543244540691376,0.5223793387413025,0.013238145038485527,0.49846839904785156,0.5530615448951721,-0.0025180617813020945,0.5339794158935547,0.5872158408164978,-0.009248078800737858,0.501078724861145,0.6450128555297852,0.016770867630839348,0.44567257165908813,0.5826080441474915,0.01811985857784748,0.47802695631980896,0.5908032059669495,0.0185249000787735,0.5129918456077576,0.6194300055503845,0.01809992641210556,rock
0.4098886251449585,0.6837048530578613,-5.297135317050561e-07,0.4183999300003052,0.5718887448310852,-0.040408749133348465,0.47454002499580383,0.4771641194820404,-0.04028785228729248,0.5638944506645203,0.4458352327346802,-0.0367022380232811,0.6257871389389038,0.44411155581474304,-0.021176524460315704,0.47212129831314087,0.4101502597332001,0.028632959350943565,0.5483235120773315,0.335959792137146,-0.01437421701848507,0.5217129588127136,0.3959138095378876,-0.03675241395831108,0.4848874807357788,0.4291379749774933,-0.03864278644323349,0.5148769021034241,0.46226173639297485,0.039556074887514114,0.5979932546615601,0.398811936378479,-0.0020122481510043144,0.5532492399215698,0.46440863609313965,-0.01855216734111309,0.5251146554946899,0.47689250111579895,-0.012628482654690742,0.5472420454025269,0.5204700827598572,0.03918309882283211,0.6013827919960022,0.4842459559440613,-0.009812933392822742,0.5424925684928894,0.5378345251083374,-0.010371584445238113,0.5182743668556213,0.5408430099487305,0.008024540729820728,0.5664952993392944,0.5724976062774658,0.036057066172361374,0.6008337736129761,0.5448382496833801,0.0076371608301997185,0.5571925044059753,0.5770168900489807,0.015405045822262764,0.5306191444396973,0.5840907692909241,0.03290865570306778,rock
0.4374873638153076,0.19299519062042236,-1.1156348733720733e-07,0.40919700264930725,0.23160099983215332,-0.09860691428184509,0.40784311294555664,0.25499075651168823,-0.16616825759410858,0.45043569803237915,0.2637227475643158,-0.2147100269794464,0.49400773644447327,0.2369232177734375,-0.2530452013015747,0.3882623016834259,0.10188932716846466,-0.18068696558475494,0.4616478681564331,0.13977494835853577,-0.23877722024917603,0.4766084849834442,0.2016076147556305,-0.2481984794139862,0.4665575921535492,0.22298982739448547,-0.25092124938964844,0.443919837474823,0.06802631914615631,-0.1551825851202011,0.5178787708282471,0.1340501606464386,-0.2064817249774933,0.5144482254981995,0.20858809351921082,-0.20042823255062103,0.4962491989135742,0.21206817030906677,-0.19667480885982513,0.49454084038734436,0.06315980106592178,-0.13350598514080048,0.5616979002952576,0.12367215752601624,-0.18620507419109344,0.5478343367576599,0.19082365930080414,-0.16871270537376404,0.5222642421722412,0.19430086016654968,-0.15515805780887604,0.5359656810760498,0.07307585328817368,-0.1185060366988182,0.5856273174285889,0.12618860602378845,-0.1600162237882614,0.5709923505783081,0.1773432195186615,-0.1558067500591278,0.5460103154182434,0.18423870205879211,-0.14973627030849457,rock
0.16707490384578705,0.5029136538505554,-5.881532842977322e-07,0.12350773811340332,0.4289117455482483,-0.08077968657016754,0.11294396221637726,0.3427152931690216,-0.13053615391254425,0.18410786986351013,0.3194005489349365,-0.16810080409049988,0.2656997740268707,0.3482509255409241,-0.19260576367378235,0.18034133315086365,0.2270427644252777,-0.08680038154125214,0.18709641695022583,0.2040577232837677,-0.1488153338432312,0.15680523216724396,0.281954824924469,-0.17446312308311462,0.16148999333381653,0.30174189805984497,-0.18946795165538788,0.24807202816009521,0.2560839056968689,-0.07448658347129822,0.252890944480896,0.22013238072395325,-0.1347464621067047,0.20890194177627563,0.30783429741859436,-0.13516680896282196,0.21785686910152435,0.32110661268234253,-0.12825335562229156,0.2993181049823761,0.2976084351539612,-0.07262380421161652,0.3008138835430145,0.2654048502445221,-0.13977749645709991,0.24199163913726807,0.33849793672561646,-0.11700277775526047,0.2398262768983841,0.34916311502456665,-0.09139833599328995,0.3337457776069641,0.3471980690956116,-0.07771211862564087,0.31788861751556396,0.3254518508911133,-0.12412489205598831,0.26592105627059937,0.3728829622268677,-0.11234337091445923,0.2540251612663269,0.38303107023239136,-0.09690424054861069,rock
0.5971256494522095,0.6510604619979858,-5.796661639578815e-08,0.5345143675804138,0.6489372253417969,0.011275092139840126,0.4808865487575531,0.604064404964447,0.0317697748541832,0.453421413898468,0.5797828435897827,0.04807489737868309,0.4430592954158783,0.5659235715866089,0.0633801817893982,0.5138001441955566,0.5154091715812683,0.04767144098877907,0.444275826215744,0.48180636763572693,0.05424801632761955,0.38723552227020264,0.45096927881240845,0.050010401755571365,0.3462524116039276,0.42577046155929565,0.04391179978847504,0.5154070854187012,0.5058447122573853,0.034208834171295166,0.43507280945777893,0.4660031795501709,0.039050277322530746,0.3702411651611328,0.42471539974212646,0.026625726372003555,0.32367950677871704,0.3937617242336273,0.015905175358057022,0.5079787969589233,0.5075806379318237,0.01807304471731186,0.41942280530929565,0.4678494334220886,0.011410199105739594,0.35654106736183167,0.4341113567352295,-0.006012750789523125,0.3128596544265747,0.40466421842575073,-0.017289984971284866,0.4951569139957428,0.5215660929679871,0.0019570740405470133,0.4241049289703369,0.485931932926178,-0.010688246227800846,0.3810204863548279,0.4621777832508087,-0.020406197756528854,0.3480086922645569,0.442922443151474,-0.026413917541503906,rock
0.05438092350959778,0.5046795606613159,-1.2394805537496723e-07,0.074827641248703,0.33173638582229614,-0.18057113885879517,0.18060889840126038,0.19454774260520935,-0.2565993666648865,0.3569890558719635,0.15800848603248596,-0.3100547194480896,0.505085289478302,0.20822247862815857,-0.33873045444488525,0.3006783127784729,0.08977010846138,-0.06119304522871971,0.42508837580680847,-0.010787993669509888,-0.1842314600944519,0.40680474042892456,0.011220201849937439,-0.2344144731760025,0.40041080117225647,0.026272475719451904,-0.24117198586463928,0.33080610632896423,0.19586379826068878,0.004256555810570717,0.4356359839439392,0.2098126858472824,-0.13604341447353363,0.27937352657318115,0.29719236493110657,-0.15912947058677673,0.26294687390327454,0.27971214056015015,-0.12680211663246155,0.3596598505973816,0.31447523832321167,0.03806706517934799,0.4374123215675354,0.33201512694358826,-0.11152657866477966,0.27593716979026794,0.38877734541893005,-0.10312430560588837,0.26328176259994507,0.35356247425079346,-0.047198936343193054,0.39346322417259216,0.4111994504928589,0.05929664149880409,0.4439999461174011,0.42261627316474915,-0.023869868367910385,0.34055620431900024,0.4604279696941376,-0.018794922158122063,0.31366509199142456,0.448856383562088,0.014868573285639286,rock
0.5143694877624512,0.7364227771759033,-2.4968019829429977e-07,0.5963313579559326,0.6323736906051636,-0.044106971472501755,0.7087215185165405,0.56086266040802,-0.041050124913454056,0.8240987062454224,0.5624760389328003,-0.037270501255989075,0.8832390904426575,0.6137705445289612,-0.021402547135949135,0.7363399863243103,0.5375655889511108,0.06779643893241882,0.8528435826301575,0.5343422293663025,0.029098205268383026,0.8288652300834656,0.5877739191055298,0.007255761884152889,0.7905027270317078,0.6217163801193237,0.007871639914810658,0.7337923645973206,0.6079105734825134,0.0871887356042862,0.8264100551605225,0.637351393699646,0.04263840243220329,0.7466878294944763,0.666799783706665,0.022802501916885376,0.7099040150642395,0.6551141142845154,0.03150065243244171,0.7289278507232666,0.6781132221221924,0.09189870953559875,0.8022967576980591,0.7004044055938721,0.04123863950371742,0.7172272801399231,0.7123995423316956,0.037494175136089325,0.6774327754974365,0.6943272948265076,0.05871232971549034,0.7173949480056763,0.7399552464485168,0.09352029114961624,0.7701578736305237,0.7576768398284912,0.0714145228266716,0.71762615442276,0.7637201547622681,0.07810177654027939,0.6837910413742065,0.7512640357017517,0.09767986834049225,rock
0.5443871021270752,0.5663573145866394,-7.765366945022834e-07,0.47745391726493835,0.49013882875442505,0.030286313965916634,0.45282047986984253,0.4097236096858978,0.04255643114447594,0.4576330780982971,0.3424956798553467,0.040413472801446915,0.48841673135757446,0.29401838779449463,0.04387586563825607,0.595543622970581,0.39098528027534485,0.1030067503452301,0.5258224010467529,0.3303607106208801,0.09134986996650696,0.4981732964515686,0.3794885277748108,0.07365769147872925,0.5140101909637451,0.4108732044696808,0.060931697487831116,0.626400351524353,0.38107830286026,0.07527779042720795,0.5337108373641968,0.3197464346885681,0.06291614472866058,0.5116763114929199,0.3831738233566284,0.0470731221139431,0.5411787629127502,0.41846540570259094,0.03972307965159416,0.6413344144821167,0.3674526810646057,0.04112663120031357,0.5404725074768066,0.31790345907211304,0.03609520196914673,0.520969033241272,0.38684868812561035,0.03340211138129234,0.5565090775489807,0.4230516850948334,0.030156925320625305,0.6473102569580078,0.3501059114933014,0.00558321550488472,0.5484143495559692,0.32671964168548584,0.001399023225530982,0.5258353352546692,0.3776935636997223,-0.002157579641789198,0.5523269772529602,0.4070955514907837,-0.0035457240883260965,rock
0.42276060581207275,0.6436280012130737,9.811319046093558e-08,0.4280203580856323,0.6122381091117859,-0.16577517986297607,0.4837689697742462,0.5499250888824463,-0.2169886976480484,0.5680233836174011,0.4997197985649109,-0.23042002320289612,0.6420019865036011,0.4422723054885864,-0.2278164178133011,0.4723026156425476,0.42073097825050354,-0.14232133328914642,0.5790471434593201,0.44766056537628174,-0.19618934392929077,0.5664457082748413,0.5138204097747803,-0.21149325370788574,0.5360504388809204,0.5536919236183167,-0.20617280900478363,0.4999375343322754,0.4485405385494232,-0.05662611126899719,0.590461015701294,0.4941546618938446,-0.11936378479003906,0.547360360622406,0.5660737156867981,-0.1272355020046234,0.5019962191581726,0.6005426645278931,-0.11284587532281876,0.5293076634407043,0.4799802303314209,0.013105778023600578,0.5915204286575317,0.5252464413642883,-0.05619973689317703,0.5366328954696655,0.5782593488693237,-0.06883839517831802,0.4964224100112915,0.5943664312362671,-0.05520230531692505,0.5569648742675781,0.5018278360366821,0.07289065420627594,0.59194016456604,0.5289086103439331,0.019690290093421936,0.5502045154571533,0.5608552098274231,-0.0025626609567552805,0.5186034440994263,0.5675359964370728,-0.002927444875240326,rock
0.5449674129486084,0.5007861256599426,-8.840019063427462e-07,0.5075610876083374,0.3744999170303345,-0.04418966919183731,0.5379547476768494,0.22264671325683594,-0.06299734115600586,0.6176943182945251,0.11593945324420929,-0.08405757695436478,0.7086698412895203,0.08831828832626343,-0.09663339704275131,0.655171811580658,0.20869532227516174,0.02373635582625866,0.7302479147911072,0.12563727796077728,-0.025855515152215958,0.6787395477294922,0.17384885251522064,-0.059034667909145355,0.6391558647155762,0.22965054214000702,-0.07398039102554321,0.7033120393753052,0.2519775629043579,0.02571396343410015,0.7817596793174744,0.15948443114757538,-0.025561930611729622,0.7096967101097107,0.21779298782348633,-0.04534759372472763,0.6667574644088745,0.27759724855422974,-0.042633868753910065,0.7387902736663818,0.30864959955215454,0.014723467640578747,0.8113831877708435,0.223556250333786,-0.042034171521663666,0.7281344532966614,0.2766764163970947,-0.03840356692671776,0.6769495010375977,0.33323076367378235,-0.016771646216511726,0.7666943073272705,0.38383355736732483,-0.0006224699318408966,0.8120719194412231,0.30427780747413635,-0.04187119007110596,0.7473718523979187,0.3298777937889099,-0.038195282220840454,0.7025591135025024,0.37350428104400635,-0.022640589624643326,rock
0.33582156896591187,0.8861595988273621,-8.059329275056371e-07,0.3046644628047943,0.7798071503639221,-0.010575368069112301,0.33773452043533325,0.6985307335853577,-0.014997478574514389,0.3948279619216919,0.6780989766120911,-0.023926133289933205,0.44750910997390747,0.6823052167892456,-0.03173224627971649,0.3757263422012329,0.6663759350776672,0.014882424846291542,0.3679112493991852,0.5946373343467712,-0.016700396314263344,0.3343155086040497,0.6340968608856201,-0.039507102221250534,0.318624883890152,0.680253267288208,-0.051042404025793076,0.4122985005378723,0.6788120269775391,0.00740672554820776,0.41100013256073,0.5962772369384766,-0.02784278616309166,0.36417412757873535,0.6375096440315247,-0.042290735989809036,0.3411349058151245,0.685412585735321,-0.04319683462381363,0.4473048150539398,0.7042964100837708,-0.005701759364455938,0.4518141448497772,0.6158350110054016,-0.03825622797012329,0.3989587426185608,0.6550599932670593,-0.04072338715195656,0.3783482611179352,0.7023486495018005,-0.03500721976161003,0.47549137473106384,0.7412132024765015,-0.020866913720965385,0.4283427596092224,0.6864001154899597,-0.04798109829425812,0.3893701434135437,0.7239319682121277,-0.05349956080317497,0.3840802311897278,0.768760621547699,-0.05199543759226799,rock
0.5329723954200745,0.14696313440799713,1.1282173772997339e-07,0.5609540939331055,0.19265155494213104,-0.007384513039141893,0.600385308265686,0.20378383994102478,-0.010183648206293583,0.6327434778213501,0.20078210532665253,-0.010123750194907188,0.6503034830093384,0.1901337057352066,-0.0069107916206121445,0.6259843707084656,0.15813079476356506,-0.0188409723341465,0.6680100560188293,0.19066065549850464,-0.021392012014985085,0.65008145570755,0.20596441626548767,-0.018657848238945007,0.6325626969337463,0.20507654547691345,-0.014538252726197243,0.6281402707099915,0.1339568942785263,-0.012676584534347057,0.6654922962188721,0.17166517674922943,-0.011517321690917015,0.648784339427948,0.18690986931324005,-0.007714470848441124,0.6330363750457764,0.1835360825061798,-0.006023682188242674,0.6235644817352295,0.12004081904888153,-0.005448829848319292,0.6561853885650635,0.1581323742866516,-0.0007950591971166432,0.6420868635177612,0.17062141001224518,0.005260782316327095,0.6268734931945801,0.166477769613266,0.007485911715775728,0.6172172427177429,0.11242157965898514,0.0013878514291718602,0.6418567299842834,0.1427721381187439,0.006939452141523361,0.632384181022644,0.15434744954109192,0.013004764914512634,0.619352400302887,0.15378350019454956,0.0163562148809433,rock
0.5043237209320068,0.8387830853462219,-8.522077905581682e-07,0.6032928228378296,0.8219177722930908,0.062025029212236404,0.6523216366767883,0.8334727883338928,0.07555176317691803,0.6910461187362671,0.8473551273345947,0.06857851892709732,0.721735417842865,0.8631251454353333,0.05825943127274513,0.6626129746437073,0.9134198427200317,0.07014371454715729,0.7270988821983337,0.8765621185302734,0.05795396491885185,0.7108125686645508,0.8352659940719604,0.046571534126996994,0.6853311061859131,0.8192230463027954,0.03871423378586769,0.6533205509185791,0.9196897745132446,0.022540157660841942,0.7349981069564819,0.8817504644393921,0.004080684389919043,0.7116014957427979,0.8316823840141296,-0.0010132512543350458,0.6797447204589844,0.8194895386695862,-0.0012124303029850125,0.6418995261192322,0.9184530377388,-0.025037076324224472,0.7188977003097534,0.8753998875617981,-0.042308904230594635,0.6877124309539795,0.8339542746543884,-0.0333002544939518,0.6525822281837463,0.831981897354126,-0.026025744155049324,0.6305621266365051,0.9123024344444275,-0.06882335245609283,0.6774696111679077,0.8706614375114441,-0.07753214240074158,0.6550220847129822,0.8439925909042358,-0.06869614869356155,0.6250289082527161,0.8465489149093628,-0.06213328242301941,rock
0.3365940451622009,0.7735223770141602,-1.054341964845662e-06,0.3235630393028259,0.6620000600814819,-0.05578545108437538,0.3597432076931,0.5458863377571106,-0.0723591297864914,0.45460134744644165,0.4978193938732147,-0.08367202430963516,0.5286561846733093,0.5362893342971802,-0.07664556056261063,0.42941975593566895,0.5036343932151794,-0.015003577806055546,0.4908197224140167,0.4226328730583191,-0.07792310416698456,0.4328296184539795,0.4921805262565613,-0.09540386497974396,0.4259437322616577,0.5220680832862854,-0.09542622417211533,0.4684927463531494,0.5583333373069763,-0.003753755474463105,0.5142515897750854,0.5254489183425903,-0.06842448562383652,0.43278831243515015,0.5998731255531311,-0.06600464135408401,0.44149672985076904,0.5952103137969971,-0.04712899401783943,0.5034815073013306,0.6159267425537109,-0.007086336612701416,0.5357843041419983,0.6004295349121094,-0.07703682780265808,0.45047110319137573,0.6533756852149963,-0.056541796773672104,0.4555334448814392,0.646933376789093,-0.022559339180588722,0.5332450270652771,0.6733920574188232,-0.01518219243735075,0.5534122586250305,0.6563395261764526,-0.0490422286093235,0.4943065643310547,0.6874810457229614,-0.032925400882959366,0.4855177104473114,0.6892163753509521,-0.009652783162891865,rock
0.16316357254981995,0.5495433211326599,-1.245501408675409e-07,0.26819610595703125,0.4669797420501709,-0.10136795043945312,0.40141168236732483,0.4319947361946106,-0.10356064140796661,0.5051223039627075,0.45783594250679016,-0.08540374785661697,0.5419972538948059,0.5016487836837769,-0.045073166489601135,0.4064532220363617,0.2907963991165161,0.015305188484489918,0.5424667596817017,0.3236698806285858,-0.01356405671685934,0.475494384765625,0.38300904631614685,-0.023268206045031548,0.4146393835544586,0.3999723792076111,-0.015186828561127186,0.41116636991500854,0.369070827960968,0.07432568073272705,0.5477584600448608,0.3922703266143799,0.03360440582036972,0.4622439742088318,0.43399009108543396,0.014787552878260612,0.4033733904361725,0.4267299771308899,0.025535428896546364,0.41400203108787537,0.4465893805027008,0.11708830296993256,0.5134953856468201,0.466164231300354,0.07929057627916336,0.4431173503398895,0.4894103705883026,0.0668034479022026,0.3976426422595978,0.4719735383987427,0.07948430627584457,0.41145238280296326,0.5018808245658875,0.1522820144891739,0.4846741259098053,0.5170858502388,0.13554400205612183,0.4448578357696533,0.5301684141159058,0.12868809700012207,0.4056015610694885,0.5191339254379272,0.1357543021440506,rock
0.6537347435951233,0.3768637776374817,-1.302878445130773e-07,0.6000942587852478,0.3623742461204529,-0.15815477073192596,0.6040008068084717,0.35079795122146606,-0.25390997529029846,0.6756130456924438,0.3768793046474457,-0.3153149485588074,0.7709354758262634,0.41823476552963257,-0.3567504286766052,0.7387058138847351,0.1502467840909958,-0.27002137899398804,0.7249410152435303,0.22526830434799194,-0.3636742830276489,0.6892327070236206,0.29850029945373535,-0.38568946719169617,0.6937979459762573,0.30738702416419983,-0.3966919183731079,0.8335928916931152,0.18109650909900665,-0.22520285844802856,0.7869306206703186,0.29479268193244934,-0.3082653284072876,0.7163661122322083,0.36206093430519104,-0.302150696516037,0.7263290882110596,0.34219276905059814,-0.2991892695426941,0.8924542665481567,0.24234941601753235,-0.18889017403125763,0.8403457403182983,0.35422298312187195,-0.2765581011772156,0.7634834051132202,0.3947814702987671,-0.25645512342453003,0.769801676273346,0.35789260268211365,-0.2404394894838333,0.9262881278991699,0.3083682060241699,-0.164267897605896,0.857927680015564,0.4042903780937195,-0.23756366968154907,0.7941369414329529,0.4303961992263794,-0.2447887808084488,0.7887335419654846,0.39932486414909363,-0.24498720467090607,rock
0.4286508858203888,0.5073257088661194,-2.413404160961363e-07,0.41682398319244385,0.4288425147533417,-0.07425445318222046,0.4638906717300415,0.36035582423210144,-0.11053172498941422,0.5405480861663818,0.33892810344696045,-0.1358775496482849,0.6096847057342529,0.3384416103363037,-0.1505517065525055,0.5865392088890076,0.33665770292282104,-0.06569056957960129,0.6497355699539185,0.35211825370788574,-0.11978736519813538,0.6031209230422974,0.407961368560791,-0.1456608921289444,0.5491596460342407,0.43405571579933167,-0.1540822833776474,0.602876603603363,0.38965970277786255,-0.047389764338731766,0.6507288813591003,0.42260968685150146,-0.10444087535142899,0.5879334807395935,0.4668685793876648,-0.12416087836027145,0.5384635925292969,0.46872013807296753,-0.12555520236492157,0.6034932732582092,0.4401741027832031,-0.037602223455905914,0.6224639415740967,0.48656779527664185,-0.09659053385257721,0.5481342673301697,0.5087547302246094,-0.0940890908241272,0.5044373273849487,0.4943227469921112,-0.07813648134469986,0.5911916494369507,0.48622754216194153,-0.03341836482286453,0.5995714068412781,0.5292714834213257,-0.0747377797961235,0.5463182330131531,0.5383245348930359,-0.07187473028898239,0.5113027095794678,0.5180997848510742,-0.059225767850875854,rock
0.15908433496952057,0.42172569036483765,-6.471522624451609e-07,0.2128453254699707,0.3216131031513214,-0.029547328129410744,0.29957497119903564,0.23700182139873505,-0.025942768901586533,0.3936723470687866,0.21008557081222534,-0.02311723120510578,0.44829660654067993,0.23098203539848328,-0.007999075576663017,0.35931116342544556,0.22181475162506104,0.05492846667766571,0.44377461075782776,0.26638370752334595,0.009764608927071095,0.3777424991130829,0.281342089176178,-0.016415385529398918,0.3419637978076935,0.26682016253471375,-0.024207083508372307,0.3635598123073578,0.27424949407577515,0.060112640261650085,0.4377654492855072,0.31410202383995056,0.006124366540461779,0.350625216960907,0.3311254382133484,-0.01400282233953476,0.322761595249176,0.31138789653778076,-0.009626863524317741,0.3677651882171631,0.33012109994888306,0.05240945890545845,0.4310297966003418,0.3577262759208679,-0.006872124969959259,0.33920085430145264,0.36952757835388184,-0.003189844312146306,0.31076374650001526,0.3471202850341797,0.020180100575089455,0.36604997515678406,0.3820565342903137,0.04260694235563278,0.41355985403060913,0.3999302387237549,0.014182447455823421,0.3478506803512573,0.40429258346557617,0.024731028825044632,0.321988046169281,0.39129143953323364,0.04323839768767357,rock
0.3686467409133911,0.634860634803772,1.20109362455878e-07,0.4543330669403076,0.6489457488059998,0.00967416726052761,0.5274501442909241,0.6232273578643799,0.028013335540890694,0.5983339548110962,0.5937030911445618,0.036567751318216324,0.6204109191894531,0.5508756637573242,0.05108210816979408,0.47897452116012573,0.4823009967803955,0.09413442760705948,0.5786904692649841,0.4605814218521118,0.08157002180814743,0.5797678232192993,0.5228161811828613,0.06189030408859253,0.5486142039299011,0.5668385028839111,0.05570759251713753,0.4779042899608612,0.46174609661102295,0.0843462347984314,0.5805748105049133,0.4458380937576294,0.05718635395169258,0.5783712863922119,0.5177420377731323,0.021548382937908173,0.5451322793960571,0.5558462142944336,0.010135994292795658,0.47576817870140076,0.44662415981292725,0.06793525815010071,0.5822443962097168,0.44971317052841187,0.027096634730696678,0.5634989738464355,0.5271760821342468,0.0013816410209983587,0.5219014286994934,0.5580662488937378,0.0022031220141798258,0.4712960720062256,0.4292658567428589,0.053819023072719574,0.5619936585426331,0.4488033354282379,0.021345220506191254,0.5579107999801636,0.5099871158599854,0.01110872346907854,0.5270567536354065,0.5426144003868103,0.01584683544933796,rock
0.2446647584438324,0.4319790005683899,-3.956677971928002e-07,0.31841111183166504,0.4502893090248108,-0.045163847506046295,0.38380154967308044,0.5139707922935486,-0.05072173848748207,0.39463362097740173,0.5985423922538757,-0.05194767192006111,0.3776492476463318,0.6570963859558105,-0.04188504442572594,0.44456666707992554,0.5331993699073792,0.014739958569407463,0.469442754983902,0.6141064167022705,-0.027598058804869652,0.42536213994026184,0.5757564306259155,-0.048039719462394714,0.4064541459083557,0.5474872589111328,-0.05093073844909668,0.3985278010368347,0.5558799505233765,0.02855154313147068,0.3975161612033844,0.6281358003616333,-0.017666464671492577,0.3538329005241394,0.5646964907646179,-0.03133740276098251,0.35967564582824707,0.5405433177947998,-0.024336159229278564,0.35197362303733826,0.5739709138870239,0.0312904417514801,0.3481731116771698,0.6317594051361084,-0.019018756225705147,0.31769832968711853,0.5647888779640198,-0.014879918657243252,0.33145561814308167,0.543535590171814,0.005642624571919441,0.313893586397171,0.5847288370132446,0.030651604756712914,0.30946090817451477,0.6249677538871765,0.0022734992671757936,0.29062944650650024,0.5787904858589172,0.009923813864588737,0.29840436577796936,0.5568276643753052,0.02666732296347618,rock
0.3938353955745697,0.6604874134063721,3.2318192211278074e-07,0.42327162623405457,0.6174395084381104,-0.18276041746139526,0.47425132989883423,0.5504512786865234,-0.2433161586523056,0.5566350221633911,0.49263471364974976,-0.2622453272342682,0.6100114583969116,0.4480684697628021,-0.2549552917480469,0.3788769841194153,0.37150847911834717,-0.14360186457633972,0.536163330078125,0.3611597418785095,-0.20352888107299805,0.5270471572875977,0.4452652037143707,-0.21605737507343292,0.4793182611465454,0.4846722185611725,-0.20873335003852844,0.4089343547821045,0.39237725734710693,-0.05584338307380676,0.5538933277130127,0.38647347688674927,-0.13405053317546844,0.5362691879272461,0.4870263934135437,-0.15070708096027374,0.4862522780895233,0.5240983366966248,-0.13823798298835754,0.45426055788993835,0.4177534580230713,0.014001063071191311,0.5586422085762024,0.42141130566596985,-0.06350018829107285,0.5324537754058838,0.5081543922424316,-0.07168779522180557,0.48669952154159546,0.5261043906211853,-0.052468616515398026,0.4919915497303009,0.428314745426178,0.07182696461677551,0.5602402687072754,0.43752583861351013,0.022044990211725235,0.5372331738471985,0.4951554536819458,0.008119169622659683,0.49379345774650574,0.5099962949752808,0.01349219772964716,rock
0.6739103198051453,0.8117159605026245,-1.1045616474802955e-06,0.5395187139511108,0.8922641277313232,0.012339041568338871,0.41740429401397705,0.8959331512451172,0.02295490726828575,0.32858288288116455,0.827370822429657,0.03623304143548012,0.29801657795906067,0.7679216861724854,0.05550698563456535,0.35538968443870544,0.7599145174026489,0.002556059742346406,0.25844424962997437,0.7291395664215088,0.04917113855481148,0.29795143008232117,0.7706998586654663,0.09387195855379105,0.34210073947906494,0.7959791421890259,0.1203346848487854,0.39610129594802856,0.6813966631889343,0.011310512199997902,0.3053703308105469,0.6722143888473511,0.057110730558633804,0.3347030282020569,0.7164560556411743,0.0867660641670227,0.37553390860557556,0.7407674193382263,0.09868691116571426,0.4457179009914398,0.6320626735687256,0.027716126292943954,0.36170125007629395,0.6391125917434692,0.07287237793207169,0.38391175866127014,0.6751354932785034,0.09429381042718887,0.42389997839927673,0.6996080279350281,0.09611257165670395,0.4941846430301666,0.6020987033843994,0.04602664336562157,0.42297086119651794,0.6106876134872437,0.08317507803440094,0.43336883187294006,0.6428856253623962,0.10499363392591476,0.4667354226112366,0.6660874485969543,0.11520542949438095,rock
0.11072923988103867,0.6016937494277954,9.705100012524781e-08,0.12269796431064606,0.598362147808075,-0.057068902999162674,0.15094101428985596,0.5994557738304138,-0.08177334070205688,0.18068963289260864,0.6076335906982422,-0.0945478156208992,0.2082493007183075,0.6129882335662842,-0.10154370963573456,0.2110815793275833,0.5818462371826172,-0.06728523969650269,0.2367558628320694,0.6208897233009338,-0.08867678791284561,0.20536014437675476,0.6408257484436035,-0.09475089609622955,0.18196791410446167,0.6413027048110962,-0.09614024311304092,0.21375830471515656,0.6058899760246277,-0.044918499886989594,0.24778687953948975,0.6412544846534729,-0.07073711603879929,0.2078007161617279,0.6577184200286865,-0.08127201348543167,0.18256862461566925,0.6532554626464844,-0.08503340929746628,0.21127550303936005,0.6279920935630798,-0.02586030401289463,0.24152445793151855,0.6518496870994568,-0.0510244183242321,0.20710843801498413,0.6628459692001343,-0.05974961072206497,0.18448808789253235,0.6568063497543335,-0.061694953590631485,0.20833012461662292,0.6427992582321167,-0.010340018197894096,0.2284272462129593,0.6569812893867493,-0.031237279996275902,0.20671167969703674,0.6638316512107849,-0.040814418345689774,0.18919575214385986,0.6585556864738464,-0.04510335624217987,rock
0.6262862086296082,0.7345975041389465,-2.245391073074643e-07,0.5414209961891174,0.7323248386383057,-0.1461917757987976,0.42850613594055176,0.6857694983482361,-0.1840992420911789,0.32320573925971985,0.6611078381538391,-0.1874958574771881,0.23464328050613403,0.6389224529266357,-0.17588640749454498,0.42226698994636536,0.4997562766075134,-0.08322436362504959,0.27386724948883057,0.5817645788192749,-0.0917779877781868,0.31107544898986816,0.6496083736419678,-0.09264528006315231,0.35878074169158936,0.6532145738601685,-0.08781212568283081,0.4327417314052582,0.5133811831474304,-0.00371360220015049,0.29360395669937134,0.6038602590560913,-0.019863907247781754,0.34809333086013794,0.6576016545295715,-0.02931077405810356,0.3983531594276428,0.6601961851119995,-0.026432152837514877,0.4330591559410095,0.5441879034042358,0.06413329392671585,0.32776910066604614,0.6276172399520874,0.044090162962675095,0.37637507915496826,0.6696630120277405,0.025182556360960007,0.4162219166755676,0.6603188514709473,0.02237999252974987,0.43200257420539856,0.577584981918335,0.12105752527713776,0.3613607883453369,0.6343429088592529,0.10539251565933228,0.3948954641819,0.6627696752548218,0.09082328528165817,0.4290092885494232,0.6630640029907227,0.09052515774965286,rock
0.08321665227413177,0.21571208536624908,-7.351713406933413e-07,0.1304580271244049,0.3273063898086548,0.09315559267997742,0.19656464457511902,0.3813154697418213,0.1196243092417717,0.2709748148918152,0.3764735460281372,0.13032756745815277,0.3243516683578491,0.3428294360637665,0.13459879159927368,0.23471440374851227,0.4476972222328186,0.046260006725788116,0.3327527642250061,0.45444154739379883,0.08417532593011856,0.3264441192150116,0.4103400707244873,0.11203660070896149,0.30009788274765015,0.39477431774139404,0.1256096363067627,0.26192861795425415,0.3936961591243744,0.003723865607753396,0.3485388159751892,0.3770447075366974,0.053926579654216766,0.321560800075531,0.3403681516647339,0.08253676444292068,0.2845442593097687,0.3360898196697235,0.08806951344013214,0.2807837128639221,0.32667452096939087,-0.0260944664478302,0.34825509786605835,0.31503862142562866,0.026151854544878006,0.31315353512763977,0.2890394330024719,0.049570564180612564,0.2764964699745178,0.2894803285598755,0.047375231981277466,0.2957218885421753,0.25849267840385437,-0.04798717051744461,0.3416590392589569,0.27230095863342285,-0.005808897782117128,0.3072284460067749,0.2556217908859253,0.023112529888749123,0.26967665553092957,0.24816149473190308,0.03510751202702522,rock
0.6901007890701294,0.5854212641716003,-6.063739874662133e-07,0.6840032935142517,0.4937952160835266,-0.054224900901317596,0.7581959962844849,0.39165234565734863,-0.06705578416585922,0.8680007457733154,0.3520951569080353,-0.07749614864587784,0.9443343877792358,0.3499300181865692,-0.07551030814647675,0.8109269142150879,0.33449500799179077,0.016038846224546432,0.8881918787956238,0.2929810583591461,-0.03610607609152794,0.8519695997238159,0.33955925703048706,-0.04873745143413544,0.8329950571060181,0.3699914813041687,-0.041846614331007004,0.8374943733215332,0.39308586716651917,0.029886530712246895,0.910346269607544,0.3818546533584595,-0.019949916750192642,0.8243213295936584,0.43481048941612244,-0.01294474583119154,0.817155659198761,0.4325259029865265,0.01346446294337511,0.8585782051086426,0.4546082019805908,0.027845825999975204,0.9118180274963379,0.4518376588821411,-0.03685363382101059,0.8216279149055481,0.4919820725917816,-0.01915188506245613,0.805112361907959,0.48834341764450073,0.016092749312520027,0.8757036924362183,0.5147030353546143,0.021784424781799316,0.9167764782905579,0.5066202878952026,-0.015232637524604797,0.8546997308731079,0.5320662260055542,-0.0016620729584246874,0.8316613435745239,0.5351720452308655,0.022786632180213928,rock
0.27375948429107666,0.7078335285186768,-5.08919185904233e-07,0.303842157125473,0.6107202172279358,-0.04951495677232742,0.4058336615562439,0.5310333967208862,-0.06554815173149109,0.5211624503135681,0.5215189456939697,-0.0792238786816597,0.5739575624465942,0.5755763053894043,-0.08015968650579453,0.48621681332588196,0.5571246147155762,0.022932281717658043,0.5543031692504883,0.5363583564758301,-0.022987516596913338,0.5314686894416809,0.5403991341590881,-0.030290864408016205,0.5245818495750427,0.5514044761657715,-0.023222407326102257,0.49191510677337646,0.6104966998100281,0.03505577892065048,0.551394522190094,0.6079939007759094,-0.011121577583253384,0.45503416657447815,0.6132813692092896,0.003801276907324791,0.46026843786239624,0.6185611486434937,0.035615842789411545,0.48805683851242065,0.666585385799408,0.031070362776517868,0.5341039299964905,0.6650984287261963,-0.025104962289333344,0.44211724400520325,0.6644368767738342,-0.0009929342195391655,0.4405268728733063,0.6712417006492615,0.036130137741565704,0.47671234607696533,0.7264052629470825,0.022459523752331734,0.5053465962409973,0.7184029221534729,-0.0057858992367982864,0.4425821602344513,0.7111843228340149,0.007267383858561516,0.43458327651023865,0.7166692018508911,0.028587451204657555,rock
0.17335517704486847,0.5811277627944946,-3.596622022428164e-08,0.21465569734573364,0.48578011989593506,-0.14961111545562744,0.2826162576675415,0.37967216968536377,-0.1809229552745819,0.37745144963264465,0.3191327750682831,-0.18184417486190796,0.464114785194397,0.29029685258865356,-0.15600451827049255,0.23127421736717224,0.21934473514556885,-0.049979232251644135,0.38445383310317993,0.19514256715774536,-0.10932095348834991,0.35446885228157043,0.2806602716445923,-0.127458393573761,0.30778586864471436,0.3185236155986786,-0.12097898870706558,0.2745281755924225,0.27911117672920227,0.02268698439002037,0.41795480251312256,0.2627013921737671,-0.053177159279584885,0.36959344148635864,0.36142051219940186,-0.07224053889513016,0.3196945786476135,0.38632717728614807,-0.05663429573178291,0.3214104175567627,0.34204956889152527,0.07331592589616776,0.4249558448791504,0.3354850709438324,-0.010469972155988216,0.3653019666671753,0.4168490767478943,-0.023559311404824257,0.3198518753051758,0.41706568002700806,-0.0024625686928629875,0.3563935160636902,0.3824208378791809,0.1141962930560112,0.4219411611557007,0.39232343435287476,0.056988369673490524,0.3777121603488922,0.44139230251312256,0.03861333057284355,0.336871862411499,0.4399624466896057,0.043815962970256805,rock
0.6712028384208679,0.6540400385856628,2.8406219598764437e-07,0.6293069124221802,0.5755854249000549,-0.11403068155050278,0.5417040586471558,0.5217415690422058,-0.1509149819612503,0.4551183879375458,0.5305610299110413,-0.16628903150558472,0.40273618698120117,0.5689098834991455,-0.1684618443250656,0.5139767527580261,0.45325931906700134,-0.043228551745414734,0.4299415647983551,0.4990711808204651,-0.08468849956989288,0.46729838848114014,0.5475452542304993,-0.1085485890507698,0.4995082914829254,0.5536754131317139,-0.11691707372665405,0.5034339427947998,0.5270980000495911,0.006604446563869715,0.4294164478778839,0.5708842873573303,-0.02608073130249977,0.49014732241630554,0.6090370416641235,-0.03421085700392723,0.5133075714111328,0.5843143463134766,-0.029548076912760735,0.4978024363517761,0.5962977409362793,0.03963330388069153,0.4417390525341034,0.6361850500106812,0.0028560757637023926,0.5095393657684326,0.6567853093147278,-0.001578546012751758,0.5373290777206421,0.6277090311050415,0.006929630413651466,0.4913025200366974,0.6518557667732239,0.06216718256473541,0.47065162658691406,0.683502733707428,0.041039202362298965,0.5158498287200928,0.6923609972000122,0.03587190434336662,0.54396653175354,0.6734578609466553,0.038869552314281464,rock
0.2972342371940613,0.8263459801673889,-2.429285075322696e-07,0.3230348229408264,0.7630136609077454,-0.10812455415725708,0.3993959128856659,0.7301896214485168,-0.14148074388504028,0.4926833510398865,0.7448142766952515,-0.1571066975593567,0.5640489459037781,0.7739701867103577,-0.1566668450832367,0.46088501811027527,0.6496146321296692,-0.05505845323204994,0.5446425080299377,0.6601554751396179,-0.12070038169622421,0.48619890213012695,0.6914826035499573,-0.1444101780653,0.4424304664134979,0.6999970078468323,-0.14447778463363647,0.46640723943710327,0.7093570828437805,-0.013824637047946453,0.5309622287750244,0.7532384991645813,-0.09554091095924377,0.4445781111717224,0.782360851764679,-0.11561228334903717,0.4121966063976288,0.7722251415252686,-0.10408833622932434,0.4682147204875946,0.7681750059127808,0.0116389449685812,0.5114665627479553,0.810445249080658,-0.07665602117776871,0.4281393885612488,0.8204236626625061,-0.07829317450523376,0.40614816546440125,0.7998630404472351,-0.051465954631567,0.46629709005355835,0.812455415725708,0.03051122836768627,0.497687429189682,0.852308452129364,-0.027855612337589264,0.4390275180339813,0.8564286828041077,-0.03051953949034214,0.415627658367157,0.8388551473617554,-0.014189601875841618,rock
0.9104418754577637,0.8289545774459839,-8.87022792994685e-08,0.9332506656646729,0.6713912487030029,-0.036170147359371185,0.9028578400611877,0.5531599521636963,-0.08156359940767288,0.8793984651565552,0.4722302556037903,-0.1269386261701584,0.8534367680549622,0.4458724856376648,-0.16050487756729126,0.6862040758132935,0.5413562655448914,-0.07935512065887451,0.803754985332489,0.45768457651138306,-0.13901697099208832,0.8534451127052307,0.5155264139175415,-0.15128740668296814,0.8398398756980896,0.5493277907371521,-0.15518182516098022,0.6724383234977722,0.601658821105957,-0.0972084254026413,0.8285073041915894,0.5019271373748779,-0.16222886741161346,0.8672928810119629,0.5775797367095947,-0.15223641693592072,0.8296857476234436,0.6068387031555176,-0.13843391835689545,0.6880932450294495,0.6607344150543213,-0.12106206268072128,0.8420228958129883,0.572152853012085,-0.1767188012599945,0.8736528754234314,0.6330649852752686,-0.14654682576656342,0.8381413817405701,0.6605663895606995,-0.1208716556429863,0.7191362380981445,0.7180646061897278,-0.1497284173965454,0.8432911038398743,0.6475855112075806,-0.18018336594104767,0.8684722781181335,0.6852535605430603,-0.16458489000797272,0.8357535004615784,0.7109817266464233,-0.15148580074310303,rock
0.6472216844558716,0.7966286540031433,-1.9843558618504176e-07,0.5594150424003601,0.8030628561973572,-0.03830742463469505,0.4899592101573944,0.7878468632698059,-0.0347156822681427,0.43952229619026184,0.7803482413291931,-0.018021883442997932,0.4100269675254822,0.755902886390686,-0.0010174758499488235,0.4996394217014313,0.6531402468681335,-0.008239666931331158,0.4237581491470337,0.6115800142288208,0.0084791025146842,0.3675573170185089,0.5838954448699951,0.008293526247143745,0.3304477334022522,0.5624052882194519,0.006054506171494722,0.5220127701759338,0.6493369936943054,0.03101392835378647,0.4406757950782776,0.6795092225074768,0.049536701291799545,0.40468114614486694,0.7246182560920715,0.042856212705373764,0.3931569755077362,0.7578616142272949,0.03867678716778755,0.5395709276199341,0.6591258645057678,0.07042773067951202,0.45624327659606934,0.6957046389579773,0.08938080817461014,0.4272153377532959,0.7441480159759521,0.07557633519172668,0.4270083010196686,0.7708737850189209,0.06670284271240234,0.5496313571929932,0.6755859851837158,0.10773690044879913,0.4877825975418091,0.7075635194778442,0.11669744551181793,0.4646412134170532,0.7420840859413147,0.11210507899522781,0.46716228127479553,0.7687602043151855,0.11253535002470016,rock
0.36360886693000793,0.6751446723937988,-1.0085184953823045e-07,0.5170652270317078,0.6899981498718262,-0.0401715412735939,0.6428746581077576,0.6266363859176636,-0.051655665040016174,0.7055707573890686,0.5365318059921265,-0.04122795909643173,0.7048549652099609,0.4745205044746399,-0.013943390920758247,0.5751033425331116,0.49392780661582947,-0.11942863464355469,0.7496246099472046,0.4729273021221161,-0.11619860678911209,0.7139592170715332,0.5548816323280334,-0.07632319629192352,0.6584550142288208,0.5900859832763672,-0.04359234869480133,0.523080587387085,0.42769160866737366,-0.08805626630783081,0.7083415389060974,0.4090300500392914,-0.08732805401086807,0.6824329495429993,0.4916765093803406,-0.05127303674817085,0.6324729323387146,0.5280004143714905,-0.02447175607085228,0.48707181215286255,0.40301620960235596,-0.04988314211368561,0.6388897895812988,0.40805870294570923,-0.03343730419874191,0.6230813264846802,0.48102569580078125,-0.00011222339526284486,0.5799912214279175,0.5118452906608582,0.01708909124135971,0.45787137746810913,0.4038451910018921,-0.013464716263115406,0.5703948140144348,0.4261428713798523,0.007543247193098068,0.5567929148674011,0.4765499234199524,0.029305964708328247,0.5247107744216919,0.4977729618549347,0.04084690660238266,rock
0.5674943327903748,0.8447093963623047,-4.1968277741943893e-07,0.4807862639427185,0.8506320714950562,-0.10733435302972794,0.37869852781295776,0.8193925619125366,-0.12028125673532486,0.2990202307701111,0.8115192651748657,-0.09996014088392258,0.251095712184906,0.8088405132293701,-0.06343664973974228,0.3732808828353882,0.6486172676086426,-0.06530948728322983,0.2587798237800598,0.7257239818572998,-0.07283634692430496,0.3010042905807495,0.7747191786766052,-0.0793752446770668,0.34156855940818787,0.7616679072380066,-0.07940921932458878,0.38416510820388794,0.6545434594154358,0.0012809730833396316,0.266231894493103,0.7351512908935547,0.005742319393903017,0.31356173753738403,0.7799052000045776,0.004347370471805334,0.35194510221481323,0.769326388835907,0.004386210348457098,0.3840513229370117,0.6739222407341003,0.05927974358201027,0.29084324836730957,0.7445859313011169,0.06362099200487137,0.3287554979324341,0.7806379795074463,0.050748445093631744,0.3618164360523224,0.7625113129615784,0.04278440773487091,0.3822072148323059,0.6947222948074341,0.1086404100060463,0.32037150859832764,0.7439463138580322,0.11087600886821747,0.35000377893447876,0.7633138298988342,0.1003408282995224,0.3797874450683594,0.7536559700965881,0.09682179242372513,rock
0.5099353194236755,0.13385963439941406,-4.0426886016575736e-07,0.5470737814903259,0.10385638475418091,-0.0017463401891291142,0.5840582847595215,0.09512927383184433,-0.00450196024030447,0.6125150918960571,0.10829195380210876,-0.011451205238699913,0.6268734335899353,0.12684428691864014,-0.016790755093097687,0.6114141941070557,0.1165781170129776,0.01051904447376728,0.6551602482795715,0.11775773763656616,-0.00641575688496232,0.6376526355743408,0.10486263036727905,-0.017510052770376205,0.6144717335700989,0.09989677369594574,-0.02167445607483387,0.6089054346084595,0.13550938665866852,0.004322029650211334,0.6520443558692932,0.1417652666568756,-0.012828965671360493,0.6314457058906555,0.12432064116001129,-0.01864122599363327,0.6080932021141052,0.11770863831043243,-0.017664046958088875,0.6014097929000854,0.1544588804244995,-0.004820200614631176,0.6384423971176147,0.1562933325767517,-0.019913990050554276,0.6177104115486145,0.13539083302021027,-0.018443237990140915,0.5945855975151062,0.1274208426475525,-0.012676681391894817,0.5889187455177307,0.17263665795326233,-0.014880857430398464,0.615578293800354,0.16604198515415192,-0.023313334211707115,0.6031452417373657,0.14695040881633759,-0.020673342049121857,0.5836228132247925,0.13755543529987335,-0.015910523012280464,rock
0.3874683976173401,0.6469223499298096,1.948090613268505e-07,0.4518968164920807,0.6228184700012207,-0.12076116353273392,0.5261494517326355,0.5414742827415466,-0.14950504899024963,0.5907614231109619,0.47229304909706116,-0.1469428539276123,0.627741277217865,0.40295395255088806,-0.12770748138427734,0.4756656587123871,0.4146152138710022,-0.08344555646181107,0.5906904339790344,0.4307711124420166,-0.09667233377695084,0.5704315304756165,0.49902015924453735,-0.0863044261932373,0.5356971025466919,0.5268701910972595,-0.06925225257873535,0.47295019030570984,0.4155927300453186,-0.01175635401159525,0.5814331769943237,0.4436902105808258,-0.027001209557056427,0.550885021686554,0.5111562013626099,-0.019555088132619858,0.5147433876991272,0.53361576795578,-0.005174577236175537,0.47248315811157227,0.4325096905231476,0.049512121826410294,0.5651729702949524,0.46400782465934753,0.02954467572271824,0.5346894264221191,0.5232318043708801,0.02768658474087715,0.5056055784225464,0.5357272624969482,0.03534264490008354,0.4766678214073181,0.44609183073043823,0.10329252481460571,0.5401862859725952,0.47680073976516724,0.08858970552682877,0.5169879794120789,0.5150139927864075,0.07845527678728104,0.4962860941886902,0.5191616415977478,0.07666421681642532,rock
0.4322749972343445,0.43476927280426025,-1.3935763831796066e-07,0.4651273787021637,0.3451991081237793,-0.024215640500187874,0.44866350293159485,0.25373974442481995,-0.030273575335741043,0.38236624002456665,0.20475588738918304,-0.03683560714125633,0.32253196835517883,0.2188747674226761,-0.036003824323415756,0.4037104547023773,0.2396336793899536,0.0142526188865304,0.37047237157821655,0.18791502714157104,-0.015771448612213135,0.38032206892967224,0.21433524787425995,-0.031275320798158646,0.3801964819431305,0.23683249950408936,-0.03714434802532196,0.3674539625644684,0.2690325081348419,0.009970633313059807,0.33738192915916443,0.2264929711818695,-0.020795153453946114,0.37844741344451904,0.2814306318759918,-0.02776549756526947,0.3925631642341614,0.2914998233318329,-0.024196436628699303,0.33700501918792725,0.30163338780403137,-0.0022218641825020313,0.31175696849823,0.26414045691490173,-0.04419524967670441,0.3594759702682495,0.3179325461387634,-0.03834057226777077,0.3708653450012207,0.32485008239746094,-0.022507162764668465,0.30743685364723206,0.3414674997329712,-0.01644269935786724,0.29835402965545654,0.30317115783691406,-0.039232853800058365,0.33232152462005615,0.3369791507720947,-0.027244076132774353,0.3384956121444702,0.35022470355033875,-0.012817819602787495,rock
0.4142851233482361,0.8058218955993652,-2.1015029005866381e-07,0.41444575786590576,0.7650402784347534,-0.12485580891370773,0.354586660861969,0.7203541994094849,-0.18473443388938904,0.2595614194869995,0.7213758826255798,-0.22366464138031006,0.17109301686286926,0.7451606392860413,-0.24879081547260284,0.3044382333755493,0.5975399017333984,-0.10235829651355743,0.21572557091712952,0.6451321244239807,-0.17495790123939514,0.2777859568595886,0.6877979040145874,-0.2111114114522934,0.31466642022132874,0.6856787800788879,-0.22713585197925568,0.26860326528549194,0.6573478579521179,-0.061646003276109695,0.18183566629886627,0.7058075070381165,-0.14702503383159637,0.2571980655193329,0.7350248098373413,-0.1717568039894104,0.28347131609916687,0.7199658751487732,-0.17130860686302185,0.24535608291625977,0.719139814376831,-0.03522532060742378,0.18498006463050842,0.760302722454071,-0.11256270110607147,0.2511349320411682,0.778216540813446,-0.10949935764074326,0.26986560225486755,0.7530825734138489,-0.09000184386968613,0.2278469353914261,0.7745432257652283,-0.018854672089219093,0.20302091538906097,0.8033581972122192,-0.06538796424865723,0.24716085195541382,0.8118006587028503,-0.06659223884344101,0.2632225453853607,0.7881803512573242,-0.056459132581949234,rock
0.5940362215042114,0.7131868600845337,-1.2184572142359684e-06,0.4554038345813751,0.7418911457061768,-0.14077967405319214,0.2886051833629608,0.7270100712776184,-0.13076037168502808,0.17012590169906616,0.7239413857460022,-0.07816336303949356,0.16036605834960938,0.7146060466766357,0.0027285953983664513,0.3090962767601013,0.467585027217865,-0.01578029990196228,0.15217044949531555,0.5620465278625488,-0.020240478217601776,0.22059029340744019,0.6414171457290649,-0.02385668084025383,0.30014047026634216,0.6480604410171509,-0.013237718492746353,0.3423174023628235,0.4870937764644623,0.08099927008152008,0.17306867241859436,0.5743449926376343,0.0672171413898468,0.24560892581939697,0.6460068225860596,0.047999173402786255,0.3304383456707001,0.6480053663253784,0.05290691554546356,0.3545626103878021,0.511337161064148,0.16143661737442017,0.21628466248512268,0.5937321782112122,0.14096668362617493,0.26759886741638184,0.6541535258293152,0.0994662269949913,0.3326488435268402,0.6429144740104675,0.09206674247980118,0.36307430267333984,0.5323967337608337,0.23255655169487,0.25690722465515137,0.5770740509033203,0.2218926101922989,0.2892758250236511,0.6148840188980103,0.19648203253746033,0.3487550914287567,0.6188197135925293,0.19355332851409912,rock
0.4032108187675476,0.5220228433609009,-3.945110620406922e-07,0.4496137201786041,0.41803205013275146,-0.015552575699985027,0.44140589237213135,0.32500961422920227,-0.014202309772372246,0.36710432171821594,0.28717026114463806,-0.01609150320291519,0.31139954924583435,0.3023500442504883,-0.01247416902333498,0.3791532516479492,0.30598366260528564,0.015580598264932632,0.32479482889175415,0.24638837575912476,-0.024962082505226135,0.3465215563774109,0.29792216420173645,-0.045038480311632156,0.3765436112880707,0.33621618151664734,-0.050424300134181976,0.3341621458530426,0.3483453392982483,0.0104683181270957,0.2810070216655731,0.307113915681839,-0.031105516478419304,0.32640793919563293,0.3663783371448517,-0.03929929435253143,0.36622604727745056,0.3839415907859802,-0.034649986773729324,0.30101481080055237,0.389367014169693,-0.0027949162758886814,0.24757641553878784,0.35180264711380005,-0.050297822803258896,0.3001515865325928,0.4049580693244934,-0.04671700298786163,0.3416576385498047,0.4197706878185272,-0.030641542747616768,0.2726019620895386,0.4316673278808594,-0.017298292368650436,0.22901944816112518,0.39537012577056885,-0.046447835862636566,0.26935991644859314,0.42813587188720703,-0.04094536602497101,0.30642351508140564,0.4443458616733551,-0.02864990197122097,rock
0.7752659320831299,0.5975205898284912,-2.1815915829392907e-07,0.7648316025733948,0.40998485684394836,-0.040839094668626785,0.672566831111908,0.2681119441986084,-0.0454024076461792,0.5215975046157837,0.22191068530082703,-0.05418100953102112,0.42993301153182983,0.2802378535270691,-0.05188862234354019,0.6281865239143372,0.25224989652633667,0.07429813593626022,0.5262693166732788,0.1697045862674713,0.038604989647865295,0.508823573589325,0.21609872579574585,0.006742270663380623,0.5031208395957947,0.263383150100708,-0.009368895553052425,0.5764561891555786,0.32148411870002747,0.07101502269506454,0.46459755301475525,0.27792197465896606,0.022875100374221802,0.5443590879440308,0.34376969933509827,-0.008439803496003151,0.603390097618103,0.3648102879524231,-0.015796072781085968,0.5367907881736755,0.39656537771224976,0.05265180021524429,0.42632076144218445,0.35965511202812195,-0.012964806519448757,0.5291913151741028,0.41148999333381653,-0.028466876596212387,0.5945774912834167,0.42959126830101013,-0.01790747046470642,0.5044143795967102,0.4744124114513397,0.030431078746914864,0.4225150942802429,0.42068612575531006,-0.00994438212364912,0.48419541120529175,0.4548909068107605,-0.006447390653192997,0.534073531627655,0.47718802094459534,0.007595456205308437,rock
0.8011636734008789,0.684062659740448,1.1374272901321092e-07,0.8400333523750305,0.5516115427017212,-0.028982367366552353,0.8075488805770874,0.4253324866294861,-0.029855549335479736,0.7205672860145569,0.35163089632987976,-0.03376731649041176,0.6373422741889954,0.35877513885498047,-0.03419879823923111,0.7401920557022095,0.4042088985443115,0.039048194885253906,0.6783161163330078,0.32338693737983704,0.02115766517817974,0.681655764579773,0.3327288329601288,-0.004960809834301472,0.6996471285820007,0.3655473589897156,-0.0209446232765913,0.6872205138206482,0.4282754361629486,0.03986334800720215,0.6089377999305725,0.34813934564590454,0.026320677250623703,0.6174671053886414,0.34830519556999207,-0.003178495680913329,0.6459981799125671,0.3859158754348755,-0.02326882630586624,0.644797682762146,0.4645748734474182,0.03173398971557617,0.5642110109329224,0.3863692283630371,0.01099601574242115,0.5779507756233215,0.37898245453834534,-0.02061605080962181,0.6164383888244629,0.423642098903656,-0.0370788536965847,0.6071079969406128,0.512434184551239,0.01988867297768593,0.5449961423873901,0.4440697729587555,0.0034710003528743982,0.5525486469268799,0.4212472140789032,-0.016159752383828163,0.5893017649650574,0.44219496846199036,-0.028521738946437836,rock
0.056555867195129395,0.3838987350463867,2.0015897916891845e-07,0.09338146448135376,0.3291786313056946,-0.11249711364507675,0.14997050166130066,0.2619585692882538,-0.1294367015361786,0.2130286991596222,0.22476311028003693,-0.1180606335401535,0.25649210810661316,0.19862861931324005,-0.08766552060842514,0.0902043953537941,0.1356661319732666,-0.045929744839668274,0.20040278136730194,0.1307809203863144,-0.06475488841533661,0.1871371567249298,0.1917862892150879,-0.06284237653017044,0.15524491667747498,0.225568026304245,-0.05000472813844681,0.11319208145141602,0.1748357117176056,0.019309626892209053,0.22445644438266754,0.17094597220420837,-0.014895828440785408,0.2043810486793518,0.24123691022396088,-0.029611436650156975,0.16814947128295898,0.2742290198802948,-0.022494178265333176,0.1447039395570755,0.21434247493743896,0.07202322036027908,0.22451691329479218,0.2161681354045868,0.034150876104831696,0.20718498528003693,0.27598392963409424,0.011740813963115215,0.18165448307991028,0.29028692841529846,0.01293503399938345,0.17158493399620056,0.2348865121603012,0.118357814848423,0.21686610579490662,0.2441127896308899,0.09180934727191925,0.20189154148101807,0.2817738652229309,0.07015550881624222,0.17925186455249786,0.2924947142601013,0.06411269307136536,rock
0.7838680744171143,0.9349883794784546,-1.5510214268488198e-07,0.7544711828231812,0.8318618535995483,0.030361007899045944,0.7093101739883423,0.7429219484329224,0.021008232608437538,0.6899382472038269,0.6748955845832825,-0.0009581578196957707,0.6748872995376587,0.6520892381668091,-0.015719810500741005,0.5414995551109314,0.7394732236862183,0.006519504822790623,0.6339061856269836,0.599210798740387,-0.025859570130705833,0.6784980893135071,0.6481695771217346,-0.03711126372218132,0.6629301309585571,0.69682776927948,-0.041967928409576416,0.5433806777000427,0.7456005811691284,-0.03056713007390499,0.6673579216003418,0.6012541651725769,-0.05552287772297859,0.7088790535926819,0.6580051779747009,-0.04756026342511177,0.6819458603858948,0.7011356353759766,-0.041037753224372864,0.5762153267860413,0.7539733648300171,-0.0687447339296341,0.706085205078125,0.6200475096702576,-0.0868011862039566,0.7469683289527893,0.6839039325714111,-0.06275676935911179,0.7182088494300842,0.7280002236366272,-0.04834771156311035,0.6319373250007629,0.7623236179351807,-0.10637856274843216,0.7596164345741272,0.6727474927902222,-0.1105719581246376,0.7882370948791504,0.7264757752418518,-0.09137114882469177,0.7595342993736267,0.7672983407974243,-0.0803438276052475,rock
0.47032642364501953,0.27197933197021484,-8.257741228590021e-07,0.5256336331367493,0.17445392906665802,0.04113880172371864,0.5713011026382446,0.14201681315898895,0.044443558901548386,0.60793536901474,0.11985647678375244,0.03294792026281357,0.6389316916465759,0.1077413558959961,0.019541839137673378,0.6542655229568481,0.1887960433959961,0.03547099977731705,0.6607641577720642,0.09992477297782898,0.020309612154960632,0.6124255657196045,0.0886746346950531,0.009412821382284164,0.5849522948265076,0.1006060391664505,0.0013721603900194168,0.6528019309043884,0.20394963026046753,-0.0016247594030573964,0.6602809429168701,0.09565700590610504,-0.02167811058461666,0.6037982702255249,0.0885542631149292,-0.024556981399655342,0.575153112411499,0.10876336693763733,-0.024969153106212616,0.6366122961044312,0.21129047870635986,-0.03840526565909386,0.6353170871734619,0.1090245395898819,-0.05420262739062309,0.5851706266403198,0.11418676376342773,-0.04266383871436119,0.5654956102371216,0.14226511120796204,-0.03541438281536102,0.6129112839698792,0.21270915865898132,-0.07321147620677948,0.6060957312583923,0.13935287296772003,-0.07835070788860321,0.5745378136634827,0.14289051294326782,-0.0670728087425232,0.5604884028434753,0.1667523980140686,-0.06000649929046631,rock
0.5792604684829712,0.7834001779556274,-2.9476564122887794e-07,0.5745398998260498,0.705522894859314,-0.03021468035876751,0.5524392127990723,0.6374316811561584,-0.032892487943172455,0.5132765173912048,0.6008139252662659,-0.03453092649579048,0.4742100238800049,0.5959106087684631,-0.030333908274769783,0.5443229079246521,0.585936427116394,0.030068090185523033,0.4656224250793457,0.5767050385475159,0.0011336259776726365,0.4677180051803589,0.6294201612472534,-0.022507812827825546,0.49300193786621094,0.6562460064888,-0.03294406831264496,0.517737090587616,0.6067334413528442,0.03653762862086296,0.4391932487487793,0.5983054041862488,-0.0008497412200085819,0.45769721269607544,0.65677809715271,-0.022169876843690872,0.4899955093860626,0.6780129075050354,-0.02471844293177128,0.4959096610546112,0.6316525340080261,0.034340813755989075,0.4253377318382263,0.6293894052505493,-0.006606712471693754,0.45248061418533325,0.6778352856636047,-0.018253719434142113,0.49000078439712524,0.6950544118881226,-0.011570899747312069,0.4829511046409607,0.6583071947097778,0.02939748391509056,0.4306917190551758,0.6578658223152161,0.003042614785954356,0.4497036635875702,0.6887816190719604,-0.0014497797237709165,0.4820026159286499,0.7018005847930908,0.005339134018868208,rock
0.2766232192516327,0.756632924079895,-7.92503129787292e-08,0.36982154846191406,0.7881402969360352,-0.08356520533561707,0.4659978747367859,0.7461345195770264,-0.11543860286474228,0.5416499376296997,0.6876744031906128,-0.1279224306344986,0.5335601568222046,0.6308755874633789,-0.12688487768173218,0.39198511838912964,0.5540835857391357,-0.09896805137395859,0.5205428600311279,0.5884944796562195,-0.14149652421474457,0.47669920325279236,0.6557669043540955,-0.1496865302324295,0.42177891731262207,0.6749573945999146,-0.1457536667585373,0.3768795132637024,0.5250012278556824,-0.06467469036579132,0.5141949653625488,0.5805835127830505,-0.11167043447494507,0.4634380638599396,0.6540215611457825,-0.11232278496026993,0.4094124138355255,0.6648088693618774,-0.10031167417764664,0.3735317289829254,0.516913652420044,-0.03636673465371132,0.49254870414733887,0.5809741616249084,-0.07703110575675964,0.44522133469581604,0.6460513472557068,-0.06253767758607864,0.3982676863670349,0.6505635976791382,-0.040981490164995193,0.36903584003448486,0.514642059803009,-0.014082328416407108,0.4588163197040558,0.5568478107452393,-0.036357391625642776,0.43011975288391113,0.6006482839584351,-0.028582965955138206,0.39644181728363037,0.6048902273178101,-0.016810208559036255,rock
0.3869430422782898,0.6123847961425781,-6.650902264482283e-07,0.4206550121307373,0.4869546890258789,-0.05934279412031174,0.5029115676879883,0.3712727725505829,-0.07179670035839081,0.6221886873245239,0.3232879340648651,-0.08181650191545486,0.710644006729126,0.3549884557723999,-0.07281985133886337,0.5494200587272644,0.323512464761734,0.041718438267707825,0.6361422538757324,0.2657931447029114,-0.017023565247654915,0.5840708613395691,0.3328433930873871,-0.033268172293901443,0.5720589756965637,0.3661044239997864,-0.028313644230365753,0.57944655418396,0.3903217911720276,0.05788306146860123,0.6633388996124268,0.3774654269218445,-0.003125614719465375,0.5655707716941833,0.4391970634460449,-0.005655989982187748,0.5687454342842102,0.42337924242019653,0.016642864793539047,0.6039800643920898,0.4601469039916992,0.054655034095048904,0.6629927754402161,0.46145373582839966,-0.01834722049534321,0.5630159974098206,0.5021777153015137,-0.008605776354670525,0.5604419112205505,0.482023149728775,0.02412722446024418,0.6249328851699829,0.5274908542633057,0.046956490725278854,0.6648295521736145,0.5252596735954285,0.013522784225642681,0.5952829718589783,0.5478378534317017,0.025177450850605965,0.5766627788543701,0.5358083248138428,0.04836251214146614,rock
0.500855565071106,0.46719929575920105,-4.8251667550403e-08,0.633590579032898,0.550808846950531,-0.080069899559021,0.7666470408439636,0.5627965927124023,-0.07668552547693253,0.8606048226356506,0.5664698481559753,-0.04522755742073059,0.8978184461593628,0.5238723158836365,0.006346933078020811,0.8198886513710022,0.34141048789024353,-0.0356946662068367,0.9290613532066345,0.46528053283691406,-0.031700849533081055,0.8485202789306641,0.5025323033332825,-0.03160148113965988,0.7899887561798096,0.4826744496822357,-0.023791896179318428,0.7863934636116028,0.3069760799407959,0.03183690458536148,0.8957989811897278,0.43310868740081787,0.038903187960386276,0.8297148942947388,0.47331446409225464,0.025519398972392082,0.7761679887771606,0.452121764421463,0.01898260787129402,0.7589911222457886,0.3070000112056732,0.09589548408985138,0.859312891960144,0.41294747591018677,0.1111396998167038,0.8032985329627991,0.45212966203689575,0.09514103084802628,0.7618882060050964,0.4352582097053528,0.08539091050624847,0.7500985860824585,0.30700817704200745,0.15520156919956207,0.815752387046814,0.38553357124328613,0.17439569532871246,0.7881788015365601,0.4100014567375183,0.1676105558872223,0.7610257267951965,0.3934687077999115,0.1624085009098053,rock
0.7291547656059265,0.570904016494751,-1.9796723904619284e-07,0.7006893157958984,0.5373094081878662,-0.08954592049121857,0.633129358291626,0.4893719255924225,-0.11681735515594482,0.5415967106819153,0.4837947189807892,-0.12939365208148956,0.4717143774032593,0.4901929199695587,-0.13722756505012512,0.6099340319633484,0.38383543491363525,-0.03507736697793007,0.5087257623672485,0.367523193359375,-0.06344323605298996,0.5026900768280029,0.4264661967754364,-0.08539387583732605,0.5225949883460999,0.47236159443855286,-0.0944831594824791,0.5726357102394104,0.42014268040657043,0.00404430041089654,0.47951409220695496,0.40230023860931396,-0.026049260050058365,0.4842689335346222,0.45913368463516235,-0.052694935351610184,0.5098497271537781,0.49584001302719116,-0.06272286176681519,0.5488537549972534,0.4629429876804352,0.03221491351723671,0.4803534746170044,0.4514029026031494,-0.00471125915646553,0.4826818108558655,0.4911141097545624,-0.03550685569643974,0.5037857890129089,0.5187898874282837,-0.044447124004364014,0.5387436747550964,0.5079290866851807,0.05438996106386185,0.48853808641433716,0.4968397915363312,0.0237783994525671,0.48527878522872925,0.5192124843597412,0.003213342046365142,0.498665988445282,0.53891521692276,-0.0033172841649502516,rock
0.4378053545951843,0.5063918232917786,-2.5196024822093932e-08,0.5030521750450134,0.5083042979240417,-0.04279299080371857,0.5742378830909729,0.49495238065719604,-0.045230403542518616,0.6239180564880371,0.49293506145477295,-0.03650742024183273,0.6371697783470154,0.4832444190979004,-0.018459079787135124,0.5737375617027283,0.38950127363204956,-0.013902372680604458,0.6412441730499268,0.4359893500804901,-0.01726112700998783,0.6098458766937256,0.4634903073310852,-0.015810204669833183,0.5792872905731201,0.4572545289993286,-0.010924255475401878,0.5640199184417725,0.398944228887558,0.015120986849069595,0.6238890290260315,0.4454887807369232,0.010202859528362751,0.5947357416152954,0.46904096007347107,0.007477984298020601,0.5703166127204895,0.45769190788269043,0.008580326102674007,0.5563063621520996,0.4173876643180847,0.0400015152990818,0.6092711687088013,0.45565807819366455,0.0351090133190155,0.5831966400146484,0.4756079316139221,0.031503647565841675,0.561421811580658,0.464006632566452,0.0317390151321888,0.5498154163360596,0.43179765343666077,0.062150873243808746,0.5903449654579163,0.462780237197876,0.06062232330441475,0.5737906694412231,0.4745672643184662,0.058439914137125015,0.5553348660469055,0.4627639353275299,0.058574285358190536,rock
0.8153335452079773,0.5607077479362488,-1.0143489816982765e-06,0.6876378655433655,0.6428537964820862,0.01124189980328083,0.5754030346870422,0.6409176588058472,0.026024889200925827,0.49202293157577515,0.5961366891860962,0.04536277428269386,0.46396079659461975,0.5588091611862183,0.06675161421298981,0.5460309982299805,0.5128556489944458,0.011630095541477203,0.4615362882614136,0.5381319522857666,0.06376664340496063,0.50131756067276,0.574444591999054,0.09972196072340012,0.5428770184516907,0.5835217237472534,0.11744849383831024,0.5744063854217529,0.4450611174106598,0.025624219328165054,0.49096888303756714,0.49305424094200134,0.0849209800362587,0.5213235020637512,0.5332260131835938,0.11016303300857544,0.5593428611755371,0.5416476726531982,0.11453864723443985,0.6074545979499817,0.4072513282299042,0.047541067004203796,0.5309844017028809,0.45096680521965027,0.10371236503124237,0.5524247884750366,0.48842957615852356,0.11901300400495529,0.5924543738365173,0.5032297968864441,0.11321184784173965,0.6443412899971008,0.3858950138092041,0.07092832028865814,0.583598792552948,0.42336052656173706,0.1149272695183754,0.6001335978507996,0.4563426077365875,0.1343032717704773,0.6332196593284607,0.4741270840167999,0.1406920850276947,rock
0.35329362750053406,0.38008570671081543,-3.1910366260490264e-07,0.4722161293029785,0.3712194561958313,-0.019305415451526642,0.5680052042007446,0.32001787424087524,0.00010700709390221164,0.6497511267662048,0.27927637100219727,0.024048572406172752,0.6475847363471985,0.2362547218799591,0.06314819306135178,0.5020689368247986,0.12021344155073166,0.06524519622325897,0.6395772695541382,0.1634434312582016,0.038470812141895294,0.5940120816230774,0.2346474826335907,0.012510409578680992,0.5393275618553162,0.25581517815589905,0.006833349354565144,0.48115965723991394,0.1131908968091011,0.08315877616405487,0.6271723508834839,0.1614278107881546,0.04729650914669037,0.5778382420539856,0.23491333425045013,0.013553101569414139,0.5257712006568909,0.2462952435016632,0.008136431686580181,0.48161911964416504,0.12134777754545212,0.09341532737016678,0.6104418039321899,0.16605590283870697,0.0642886757850647,0.5611081719398499,0.23375016450881958,0.0486789345741272,0.5191444158554077,0.23637036979198456,0.055327270179986954,0.48500627279281616,0.11997930705547333,0.10326524823904037,0.578141450881958,0.156741201877594,0.09973151981830597,0.5475658774375916,0.19798815250396729,0.10134625434875488,0.5154274702072144,0.19822975993156433,0.1109020933508873,rock
0.7714018821716309,0.363455593585968,-5.729875169890875e-07,0.6278688907623291,0.3355589509010315,0.06282364577054977,0.5422496199607849,0.37849709391593933,0.08445847034454346,0.5035412907600403,0.4484073221683502,0.09246159344911575,0.49791356921195984,0.5039985179901123,0.09675820171833038,0.4526042640209198,0.45066753029823303,0.06517671048641205,0.41122177243232727,0.505602240562439,0.10418208688497543,0.45697322487831116,0.5046156644821167,0.12188008427619934,0.4877091348171234,0.48467299342155457,0.12808459997177124,0.4942435622215271,0.5202625393867493,0.03948844596743584,0.48569241166114807,0.5572003722190857,0.09599708765745163,0.5288403034210205,0.5399237275123596,0.11257591843605042,0.5538914799690247,0.5064802169799805,0.1081605851650238,0.5588124990463257,0.5696412920951843,0.02156694233417511,0.5527217388153076,0.5842892527580261,0.07253305613994598,0.5882024168968201,0.5620490312576294,0.0819038525223732,0.6139742136001587,0.5344327688217163,0.07117531448602676,0.6268779039382935,0.6035159230232239,0.008408362977206707,0.614084780216217,0.6110390424728394,0.051850348711013794,0.6401326656341553,0.5855057239532471,0.0757342204451561,0.6615815758705139,0.5559415817260742,0.08496733754873276,rock
0.403735876083374,0.41165032982826233,1.2020804796009088e-08,0.4630603790283203,0.4855726659297943,-0.00987320113927126,0.5282276272773743,0.5124121308326721,-0.020598461851477623,0.588744580745697,0.5108758807182312,-0.02778642438352108,0.6251071691513062,0.4906352162361145,-0.030214006081223488,0.558035135269165,0.4250514805316925,-0.03846440464258194,0.6285025477409363,0.4821851849555969,-0.05222031846642494,0.588147759437561,0.496589332818985,-0.054694440215826035,0.5580215454101562,0.4852093756198883,-0.05297635495662689,0.5596989989280701,0.38177070021629333,-0.03460795804858208,0.6177303194999695,0.4473547041416168,-0.03694158047437668,0.5882596373558044,0.4646763205528259,-0.031213046982884407,0.5655092597007751,0.4554045796394348,-0.030690688639879227,0.5550753474235535,0.3552507162094116,-0.0294380821287632,0.6003814935684204,0.4196636378765106,-0.025081448256969452,0.5750367641448975,0.43329060077667236,-0.01177142933011055,0.5518696904182434,0.4228626489639282,-0.007355119101703167,0.5475189089775085,0.3393694758415222,-0.0251090656965971,0.5804245471954346,0.3900565505027771,-0.01789112202823162,0.5622631311416626,0.4038922190666199,-0.005682892631739378,0.5434706807136536,0.39730918407440186,0.000819225562736392,rock
0.23318588733673096,0.4191146492958069,-1.2027689422211552e-07,0.35485711693763733,0.42428722977638245,0.07398626953363419,0.4302009046077728,0.3864598274230957,0.13781669735908508,0.4837532639503479,0.3406496047973633,0.1763843297958374,0.48042774200439453,0.3033536672592163,0.2200695276260376,0.36508840322494507,0.24177832901477814,0.2493339627981186,0.44643086194992065,0.2688044011592865,0.2525326907634735,0.43065145611763,0.3242412209510803,0.2298622727394104,0.394695907831192,0.3424626290798187,0.2247409224510193,0.3347094655036926,0.22032298147678375,0.21606387197971344,0.4571743905544281,0.25765249133110046,0.19637733697891235,0.42758244276046753,0.32456836104393005,0.1418018639087677,0.38176700472831726,0.33436283469200134,0.12525738775730133,0.33156585693359375,0.2139570415019989,0.1734355390071869,0.44503894448280334,0.257842093706131,0.13852865993976593,0.4053277373313904,0.32660210132598877,0.08868501335382462,0.3613586723804474,0.3261576294898987,0.07946337014436722,0.3385013937950134,0.19189676642417908,0.13861288130283356,0.42415615916252136,0.23533403873443604,0.1275624930858612,0.3951583802700043,0.27790161967277527,0.1130821704864502,0.3535739779472351,0.2737468481063843,0.11342336237430573,rock
0.5599744319915771,0.6009125709533691,-1.7611839098208293e-07,0.5198136568069458,0.5789585113525391,-0.0778738260269165,0.4592289328575134,0.5436643958091736,-0.09822575747966766,0.39315828680992126,0.5349506735801697,-0.10233408212661743,0.3444303274154663,0.5337771773338318,-0.09944646805524826,0.45671162009239197,0.4310072064399719,-0.0361955463886261,0.35944414138793945,0.4584839344024658,-0.05415836349129677,0.37931954860687256,0.5045869946479797,-0.06611580401659012,0.41058260202407837,0.51845782995224,-0.06850595027208328,0.447199285030365,0.4467597007751465,0.0024739690124988556,0.35573601722717285,0.4796904921531677,-0.01599983125925064,0.38428258895874023,0.524498701095581,-0.027955181896686554,0.4140227138996124,0.5360076427459717,-0.027924591675400734,0.4398179352283478,0.47279712557792664,0.03317537531256676,0.36634552478790283,0.5122290849685669,0.012506342492997646,0.3909910321235657,0.5480411648750305,-0.0019834015984088182,0.41704559326171875,0.5512353181838989,-0.002062284154817462,0.43592628836631775,0.5011419057846069,0.05808506906032562,0.3798843026161194,0.5238383412361145,0.04437429830431938,0.39660054445266724,0.5470526814460754,0.037491701543331146,0.4218386709690094,0.5552030801773071,0.040808357298374176,rock
0.447093665599823,0.5788838863372803,7.01896965438209e-07,0.5683759450912476,0.5681449174880981,-0.13250993192195892,0.6880146265029907,0.5221483707427979,-0.16112667322158813,0.803618848323822,0.4815630316734314,-0.158736914396286,0.887347400188446,0.4205229878425598,-0.13654521107673645,0.5931522846221924,0.28652411699295044,-0.06860421597957611,0.757491946220398,0.2765898108482361,-0.09121154248714447,0.7678175568580627,0.38023754954338074,-0.09993155300617218,0.7228666543960571,0.43833786249160767,-0.09218084067106247,0.5898364782333374,0.29163622856140137,0.008653415367007256,0.7439543604850769,0.2821817398071289,-0.02471253275871277,0.7430198788642883,0.39295104146003723,-0.05422515794634819,0.6952534317970276,0.4434830844402313,-0.061254438012838364,0.5953804850578308,0.3134153485298157,0.07523147761821747,0.7209338545799255,0.30049827694892883,0.040320754051208496,0.7152256965637207,0.39619117975234985,0.01732783392071724,0.6748051643371582,0.43561506271362305,0.016573354601860046,0.5946710705757141,0.32248419523239136,0.13419586420059204,0.691491425037384,0.3179263174533844,0.10648465156555176,0.6918527483940125,0.3816457986831665,0.09304944425821304,0.6607422828674316,0.4121350049972534,0.09528548270463943,rock
0.3405652642250061,0.4236750304698944,8.367036841150366e-09,0.40819111466407776,0.4324193298816681,-0.038073327392339706,0.4776139557361603,0.4081987738609314,-0.04053904861211777,0.5335294604301453,0.3918762505054474,-0.034481484442949295,0.543369710445404,0.3701082766056061,-0.017631979659199715,0.4611879289150238,0.2828632891178131,3.1509825930697843e-05,0.5396753549575806,0.32230231165885925,-0.01444106176495552,0.5027375817298889,0.3610740900039673,-0.017869820818305016,0.46834155917167664,0.36414825916290283,-0.012974599376320839,0.45418354868888855,0.2803666293621063,0.02267882414162159,0.5326455235481262,0.32471099495887756,-6.41370570519939e-05,0.4921482503414154,0.36330103874206543,-0.008991391398012638,0.4586925506591797,0.35985755920410156,-0.0040753488428890705,0.4528348743915558,0.2905704081058502,0.040045879781246185,0.5227095484733582,0.32844796776771545,0.021586986258625984,0.48691070079803467,0.3625691533088684,0.02018153853714466,0.4612318277359009,0.35524070262908936,0.028987890109419823,0.452006459236145,0.2959826588630676,0.05508697032928467,0.5062217116355896,0.32963353395462036,0.05016835778951645,0.4832001328468323,0.3488905429840088,0.05172538384795189,0.4618681073188782,0.3406244218349457,0.05788522958755493,rock
0.5261403322219849,0.8484139442443848,-5.977401684731376e-08,0.6359163522720337,0.7263432145118713,-0.021022602915763855,0.6542564630508423,0.5856224298477173,-0.05153477564454079,0.6065650582313538,0.4947337806224823,-0.08427994698286057,0.5562539100646973,0.43937188386917114,-0.10424170643091202,0.5219503045082092,0.4737183749675751,-0.05475612357258797,0.6483138203620911,0.429430216550827,-0.1341249644756317,0.6712201237678528,0.5328418016433716,-0.16918052732944489,0.651444673538208,0.596064031124115,-0.1823500096797943,0.4662279188632965,0.4992765188217163,-0.0781281441450119,0.6319673657417297,0.4524802267551422,-0.15915313363075256,0.648932695388794,0.5624313354492188,-0.16983148455619812,0.6197558641433716,0.6186267733573914,-0.16239775717258453,0.434431791305542,0.550529956817627,-0.10835231095552444,0.5850976705551147,0.5639826655387878,-0.1754039078950882,0.5927979946136475,0.646450400352478,-0.16143859922885895,0.5596280097961426,0.6626235246658325,-0.1391226351261139,0.4225621819496155,0.6186192631721497,-0.1413150429725647,0.558358907699585,0.6384022235870361,-0.1725282520055771,0.5718444585800171,0.6861519813537598,-0.1596226841211319,0.540334165096283,0.6844147443771362,-0.1463657170534134,rock
0.3007403016090393,0.5874358415603638,-8.129121624733671e-07,0.3893762230873108,0.5091071128845215,-0.01569160260260105,0.5000084042549133,0.49548518657684326,-0.016783613711595535,0.5573816895484924,0.5472156405448914,-0.02203807793557644,0.5787296295166016,0.6034416556358337,-0.022866766899824142,0.5494818091392517,0.5236126184463501,0.013405299745500088,0.641686737537384,0.5266270637512207,-0.030632073059678078,0.5901693105697632,0.5188159942626953,-0.05168159306049347,0.5338301658630371,0.5203179121017456,-0.05616891011595726,0.5399259328842163,0.5842111110687256,0.005356872919946909,0.6404386758804321,0.6067346930503845,-0.04326781630516052,0.5691352486610413,0.5757191777229309,-0.052186522632837296,0.5137891173362732,0.5663900971412659,-0.04073340818285942,0.513043224811554,0.6363270282745361,-0.010498411022126675,0.57215815782547,0.6403420567512512,-0.059348467737436295,0.4976193308830261,0.59874027967453,-0.05130968987941742,0.4550209939479828,0.5928008556365967,-0.02869313582777977,0.47259148955345154,0.683027982711792,-0.027946172282099724,0.5234095454216003,0.6698433756828308,-0.05320319905877113,0.4773085415363312,0.6363311409950256,-0.04168262705206871,0.44519272446632385,0.6335359215736389,-0.02444242313504219,rock
0.9192318320274353,0.4350910186767578,-9.76344381342642e-07,0.7784535884857178,0.4499453008174896,-0.05398252606391907,0.667326033115387,0.39359140396118164,-0.03310680016875267,0.6166720390319824,0.3381052613258362,0.01231120154261589,0.6107567548751831,0.30505499243736267,0.06636413931846619,0.6769616603851318,0.22331519424915314,-0.0007804865599609911,0.5618255734443665,0.3098345994949341,0.04819478467106819,0.5872924327850342,0.3751101493835449,0.07157567143440247,0.6287633180618286,0.39023059606552124,0.08284318447113037,0.7271649837493896,0.21619676053524017,0.04927775636315346,0.6068264842033386,0.3045101761817932,0.10179194062948227,0.6345187425613403,0.3746234178543091,0.10533209890127182,0.6741387248039246,0.4006750285625458,0.1001686230301857,0.7574732899665833,0.22944235801696777,0.09928832948207855,0.6537175178527832,0.3085935413837433,0.1398686170578003,0.6636935472488403,0.37585604190826416,0.11834786832332611,0.6981073617935181,0.40487048029899597,0.09629528969526291,0.7871710658073425,0.2493075579404831,0.14578938484191895,0.7010395526885986,0.30986472964286804,0.16586361825466156,0.7047614455223083,0.3536417782306671,0.15409885346889496,0.7227484583854675,0.3795814514160156,0.14470797777175903,rock
0.48544251918792725,0.4582793116569519,1.3576173785168066e-07,0.5412397980690002,0.43382811546325684,-0.12239256501197815,0.6204812526702881,0.39361661672592163,-0.15043191611766815,0.7032252550125122,0.3766317069530487,-0.14938463270664215,0.7503077387809753,0.35610806941986084,-0.1268300712108612,0.6124158501625061,0.22294750809669495,-0.0685529038310051,0.734214723110199,0.2700563669204712,-0.10587597638368607,0.6896065473556519,0.3292059302330017,-0.11416459083557129,0.6390149593353271,0.3391866087913513,-0.10724079608917236,0.619972288608551,0.2541871964931488,-0.004892919212579727,0.7352133393287659,0.2991147041320801,-0.056167326867580414,0.6830857396125793,0.3602181375026703,-0.06954392790794373,0.6309587955474854,0.3624408543109894,-0.059625957161188126,0.6348510980606079,0.29403916001319885,0.04510276019573212,0.7205874919891357,0.3309003710746765,-0.004077262245118618,0.6678062677383423,0.3786570429801941,-0.011575032956898212,0.6292449235916138,0.3662315607070923,0.0015238418709486723,0.6467916965484619,0.31997624039649963,0.0870831236243248,0.7053183317184448,0.3535405099391937,0.05749630182981491,0.6623682975769043,0.3780091106891632,0.04833768308162689,0.6218410134315491,0.3618990480899811,0.05267949029803276,rock
0.6175127625465393,0.8077831268310547,6.035020305716898e-08,0.6273289322853088,0.790912926197052,-0.1485045999288559,0.5852729082107544,0.7292754054069519,-0.21208739280700684,0.5209439992904663,0.6823318600654602,-0.24840007722377777,0.449662983417511,0.6569944620132446,-0.27266809344291687,0.55348801612854,0.6197953224182129,-0.1479300558567047,0.5242293477058411,0.5993421673774719,-0.24510058760643005,0.5236853957176208,0.6275825500488281,-0.28453028202056885,0.5228440761566162,0.6502429842948914,-0.2941248416900635,0.5025889873504639,0.6483309268951416,-0.09547749161720276,0.43739092350006104,0.6864107847213745,-0.18798597157001495,0.4828115403652191,0.7514296770095825,-0.18962736427783966,0.5066342353820801,0.7408131957054138,-0.16800376772880554,0.46293905377388,0.6837202906608582,-0.06279723346233368,0.4092104434967041,0.72923743724823,-0.15719643235206604,0.46544283628463745,0.7823213338851929,-0.14059442281723022,0.49563518166542053,0.7671604752540588,-0.1056988537311554,0.4343060553073883,0.7169607877731323,-0.042050302028656006,0.4063066244125366,0.7620234489440918,-0.11123557388782501,0.44760629534721375,0.7946962118148804,-0.11221713572740555,0.47574687004089355,0.7824567556381226,-0.09475840628147125,rock
0.39546576142311096,0.6081023812294006,-3.053419277421199e-07,0.5194656848907471,0.6697543859481812,0.09039218723773956,0.6152933835983276,0.6677745580673218,0.17744693160057068,0.7019858360290527,0.6519442796707153,0.23437097668647766,0.7205598950386047,0.6257895827293396,0.2940555810928345,0.60370272397995,0.5448843240737915,0.3502947986125946,0.6754558682441711,0.5756146311759949,0.4035640358924866,0.6332998871803284,0.6263535022735596,0.4030824303627014,0.5779142379760742,0.6253494620323181,0.4116295576095581,0.5783674716949463,0.5151715874671936,0.32508519291877747,0.688747227191925,0.6021601557731628,0.3618845045566559,0.6215391755104065,0.6428031921386719,0.31481534242630005,0.568322479724884,0.616153359413147,0.2968093156814575,0.582111120223999,0.5115471482276917,0.287876695394516,0.6937766671180725,0.5986714363098145,0.30033206939697266,0.619650661945343,0.6326573491096497,0.24289722740650177,0.5658197402954102,0.607990026473999,0.22036117315292358,0.6122825145721436,0.5011820793151855,0.2587421238422394,0.6913756132125854,0.5756454467773438,0.2899382710456848,0.6383147239685059,0.6022478938102722,0.28106334805488586,0.5935781598091125,0.5902462005615234,0.27640992403030396,rock
0.9684363007545471,0.6940173506736755,-7.529455388066708e-07,0.8544219136238098,0.6765878200531006,-0.021436091512441635,0.7777302861213684,0.6122181415557861,-0.016929861158132553,0.7369366884231567,0.5558879971504211,-0.002048791851848364,0.7442471385002136,0.530068576335907,0.0177106074988842,0.8425449728965759,0.5085892081260681,-0.017651470378041267,0.7479963302612305,0.5136616826057434,0.009550273418426514,0.7593806982040405,0.5619502663612366,0.026021882891654968,0.7848415970802307,0.5835120677947998,0.03357936069369316,0.8852417469024658,0.494451642036438,0.0031504761427640915,0.7822679877281189,0.5164124369621277,0.03568001464009285,0.7906477451324463,0.560075581073761,0.04634365439414978,0.8168176412582397,0.5789312720298767,0.04520384222269058,0.9117223620414734,0.4995274543762207,0.026823926717042923,0.8215146064758301,0.5186977386474609,0.0561131127178669,0.8231551647186279,0.5508699417114258,0.058122649788856506,0.8436763882637024,0.5724376440048218,0.050242915749549866,0.9259426593780518,0.5134135484695435,0.04884174093604088,0.8562166094779968,0.5210531949996948,0.06919746845960617,0.8579260110855103,0.5464757084846497,0.07567771524190903,0.8721617460250854,0.5697119832038879,0.07685621082782745,rock
0.48164278268814087,0.6123309135437012,-8.805455422589148e-07,0.46551841497421265,0.513334333896637,-0.039681125432252884,0.5021198391914368,0.4024835228919983,-0.047320228070020676,0.5880935192108154,0.33592644333839417,-0.05531356483697891,0.6614670157432556,0.34612682461738586,-0.049478624016046524,0.5464429259300232,0.3663325011730194,0.025231603533029556,0.5997698307037354,0.29202526807785034,-0.028019141405820847,0.5652022361755371,0.3538377285003662,-0.0453069843351841,0.5624719858169556,0.3849296569824219,-0.04442431405186653,0.5835525989532471,0.4110412895679474,0.03193897753953934,0.6376051306724548,0.3791828155517578,-0.021919019520282745,0.5695582032203674,0.44662702083587646,-0.020818324759602547,0.5703296661376953,0.4386410117149353,-0.0024068548809736967,0.6168400645256042,0.4587724506855011,0.023870909586548805,0.6595752239227295,0.4375819265842438,-0.036879487335681915,0.5857256650924683,0.49140578508377075,-0.019189462065696716,0.5820015668869019,0.4873844385147095,0.012677870690822601,0.6468110680580139,0.5082632303237915,0.012144160456955433,0.6748123168945312,0.4886622428894043,-0.015968265011906624,0.6223856210708618,0.5212181806564331,-0.0003870246873702854,0.6088289022445679,0.5261077880859375,0.022382378578186035,rock
0.6630836725234985,0.7058123350143433,-3.5983757129542937e-07,0.6757872700691223,0.7074462175369263,-0.21608702838420868,0.58984375,0.6827793121337891,-0.3166108727455139,0.4459616243839264,0.6740788221359253,-0.37530821561813354,0.323806494474411,0.6977173686027527,-0.4099650979042053,0.5129679441452026,0.46805253624916077,-0.22816547751426697,0.3626966178417206,0.4681304097175598,-0.30916932225227356,0.4316794276237488,0.5846147537231445,-0.31493958830833435,0.5054271817207336,0.6087016463279724,-0.3056071400642395,0.46429431438446045,0.5048186779022217,-0.14381317794322968,0.3231983184814453,0.5144093632698059,-0.24554185569286346,0.40177759528160095,0.6261563897132874,-0.23798729479312897,0.4651230573654175,0.6129143238067627,-0.2065889835357666,0.41957172751426697,0.5618219971656799,-0.07830530405044556,0.3197505474090576,0.5899441242218018,-0.16987746953964233,0.388599157333374,0.6667380332946777,-0.14477798342704773,0.4491048753261566,0.6366520524024963,-0.10575978457927704,0.3794376850128174,0.6156822443008423,-0.02921401336789131,0.31818538904190063,0.6531970500946045,-0.09211818128824234,0.36983805894851685,0.7020214796066284,-0.0883944034576416,0.4300518035888672,0.6904457807540894,-0.0692814514040947,rock
0.3151945471763611,0.6369073390960693,-4.128768296141061e-07,0.3952890932559967,0.5778802037239075,0.030216436833143234,0.42981770634651184,0.5565726161003113,0.012697400525212288,0.45558401942253113,0.5354793071746826,-0.017116902396082878,0.47309985756874084,0.5150887370109558,-0.047825831919908524,0.4994976818561554,0.6284559965133667,-0.003957431763410568,0.5194678902626038,0.551147997379303,-0.02440585196018219,0.4801786541938782,0.541309118270874,-0.0341903418302536,0.468356728553772,0.5577157735824585,-0.04177595302462578,0.4813992381095886,0.6346377730369568,-0.03885508328676224,0.4989830553531647,0.5414547324180603,-0.05576043203473091,0.4559091329574585,0.5401074886322021,-0.04938496649265289,0.4431283175945282,0.5656237602233887,-0.04725150391459465,0.45698556303977966,0.627675473690033,-0.0725175067782402,0.4685951769351959,0.5464897155761719,-0.07669311761856079,0.4309992790222168,0.5484193563461304,-0.05418802797794342,0.4197348952293396,0.573451578617096,-0.04498995840549469,0.4329841434955597,0.6150943040847778,-0.10606565326452255,0.4432668387889862,0.5583037734031677,-0.09936971962451935,0.41976314783096313,0.5605356693267822,-0.08178598433732986,0.40849795937538147,0.5798075199127197,-0.07313229888677597,rock
0.18188148736953735,0.7590559124946594,1.4737707054734983e-08,0.2764720320701599,0.7675274014472961,-0.05181746184825897,0.35870522260665894,0.7235724925994873,-0.04513023421168327,0.4118458330631256,0.6813542246818542,-0.023413289338350296,0.4308612048625946,0.6521818041801453,0.01128679420799017,0.35991179943084717,0.6007587313652039,-0.005106496624648571,0.45183423161506653,0.6604719758033752,-0.02423384226858616,0.42224857211112976,0.7201577425003052,-0.03445478901267052,0.38290345668792725,0.7502835988998413,-0.03052084892988205,0.35029879212379456,0.5944448709487915,0.030703648924827576,0.44087353348731995,0.6580938696861267,0.013292481191456318,0.40515100955963135,0.719348669052124,0.006112348288297653,0.36505118012428284,0.7495838403701782,0.012762440368533134,0.34223583340644836,0.6052426695823669,0.058757562190294266,0.4222677946090698,0.6674948930740356,0.03752559423446655,0.38974064588546753,0.721790611743927,0.025883954018354416,0.3525945544242859,0.7445023655891418,0.03156564384698868,0.3349187672138214,0.6212674975395203,0.0835641399025917,0.3945970833301544,0.66389000415802,0.06889936327934265,0.37867578864097595,0.703357458114624,0.060118578374385834,0.3531399071216583,0.7209573984146118,0.06317409873008728,rock
0.7229434847831726,0.5289282202720642,-8.293334730069546e-08,0.6143591403961182,0.6621577739715576,-0.042713865637779236,0.49033287167549133,0.7077836394309998,-0.1353689581155777,0.365936279296875,0.6686017513275146,-0.20042991638183594,0.29666733741760254,0.5851580500602722,-0.2531670928001404,0.5835896134376526,0.7673671245574951,-0.37407243251800537,0.36235979199409485,0.7626289129257202,-0.3860330581665039,0.3963412642478943,0.7277953028678894,-0.2913508117198944,0.45029547810554504,0.7083226442337036,-0.2220187783241272,0.5866672396659851,0.6570054292678833,-0.37439844012260437,0.3472815454006195,0.6527751088142395,-0.3860248327255249,0.38945382833480835,0.6314682364463806,-0.2673277258872986,0.4496210515499115,0.6306918859481812,-0.1932784914970398,0.5628752112388611,0.5521075129508972,-0.3553326427936554,0.35813209414482117,0.5647612810134888,-0.33818334341049194,0.4127279222011566,0.5574273467063904,-0.22037433087825775,0.4790712893009186,0.5644696354866028,-0.1624894142150879,0.5250635743141174,0.4567375183105469,-0.3380011022090912,0.38553404808044434,0.4899412989616394,-0.3282276391983032,0.4221959710121155,0.49632441997528076,-0.2715197503566742,0.47662076354026794,0.49858981370925903,-0.24396687746047974,rock
0.5492992401123047,0.33306270837783813,-8.420815156284789e-09,0.4734046757221222,0.36148470640182495,-0.04217483475804329,0.4271695613861084,0.42674073576927185,-0.04257121682167053,0.4028003513813019,0.46220827102661133,-0.03225426375865936,0.4035157263278961,0.46187862753868103,-0.012874523177742958,0.4829644560813904,0.5278643369674683,-0.012073574587702751,0.3903301954269409,0.5141079425811768,-0.030675873160362244,0.38493844866752625,0.45731791853904724,-0.04333830997347832,0.3998333513736725,0.41594475507736206,-0.045051317662000656,0.5031479597091675,0.5273481011390686,0.01263833325356245,0.40344592928886414,0.5115150213241577,-0.005990642588585615,0.39888012409210205,0.45330724120140076,-0.014751720242202282,0.4148827791213989,0.41113898158073425,-0.012450377456843853,0.5096222162246704,0.5148391127586365,0.03125474974513054,0.41781142354011536,0.5011008977890015,0.0070382677949965,0.40823057293891907,0.4474470019340515,-0.007128552533686161,0.4213225841522217,0.40957218408584595,-0.005507097113877535,0.5089972615242004,0.49721813201904297,0.04763055592775345,0.4367836117744446,0.4912877678871155,0.02662898786365986,0.4224698543548584,0.4533419609069824,0.014833632856607437,0.43050792813301086,0.4243663251399994,0.01432810164988041,rock
0.18864016234874725,0.5928049087524414,2.979837461225543e-07,0.21771317720413208,0.5354810953140259,-0.19669348001480103,0.2845410108566284,0.4624512195587158,-0.25256961584091187,0.3835412263870239,0.4087317883968353,-0.2634124159812927,0.4471595287322998,0.369966596364975,-0.24673977494239807,0.20305773615837097,0.27268511056900024,-0.128641739487648,0.36614713072776794,0.28077930212020874,-0.19625280797481537,0.3563266694545746,0.36874598264694214,-0.21744351089000702,0.31221917271614075,0.41092056035995483,-0.21336491405963898,0.23623591661453247,0.31360098719596863,-0.033194947987794876,0.39156314730644226,0.31805509328842163,-0.12086103111505508,0.36405280232429504,0.42203834652900696,-0.14564579725265503,0.3112257122993469,0.46181386709213257,-0.1331697702407837,0.2815643548965454,0.35566651821136475,0.04049248248338699,0.39100340008735657,0.3739556670188904,-0.049520283937454224,0.3529679775238037,0.45889198780059814,-0.0687435120344162,0.30886343121528625,0.47099918127059937,-0.05115611106157303,0.31908753514289856,0.3808017373085022,0.10164343565702438,0.38802802562713623,0.40316981077194214,0.04350728541612625,0.3563478887081146,0.4605614244937897,0.022496212273836136,0.31597161293029785,0.4737642705440521,0.02614331804215908,rock
0.5976428985595703,0.5203386545181274,-3.0356653724084026e-07,0.5725427269935608,0.45844849944114685,-0.07317666709423065,0.5330191254615784,0.3909393846988678,-0.08181138336658478,0.47392502427101135,0.36066609621047974,-0.07741797715425491,0.42743098735809326,0.3438660204410553,-0.06874196976423264,0.5961862802505493,0.31798985600471497,-0.000641417398583144,0.517690896987915,0.2757946252822876,-0.008876942098140717,0.4868129789829254,0.31591328978538513,-0.020967179909348488,0.4871411919593811,0.35582900047302246,-0.024801742285490036,0.5721198916435242,0.33979713916778564,0.038588352501392365,0.49140864610671997,0.3028557300567627,0.022249413654208183,0.4685233533382416,0.34558531641960144,-0.0034483124036341906,0.47309809923171997,0.3858962655067444,-0.013444324024021626,0.5461548566818237,0.3661953806877136,0.06805357336997986,0.47996824979782104,0.3423099219799042,0.040231503546237946,0.46243712306022644,0.373972088098526,0.0007795112323947251,0.46703794598579407,0.40536895394325256,-0.013779944740235806,0.5259923934936523,0.3927166759967804,0.0934850424528122,0.48154670000076294,0.3715972304344177,0.06679843366146088,0.46641474962234497,0.388436883687973,0.03936544805765152,0.4667927324771881,0.41165924072265625,0.028377274051308632,rock
0.2547433078289032,0.670061469078064,-4.951543246534129e-07,0.23802699148654938,0.5989577174186707,-0.037972595542669296,0.22189277410507202,0.513584315776825,-0.0526607371866703,0.22037163376808167,0.46319401264190674,-0.06528481841087341,0.2334417700767517,0.43058955669403076,-0.07097309827804565,0.2126818150281906,0.4575435519218445,-0.019480908289551735,0.1975599229335785,0.3980301320552826,-0.05787696689367294,0.20261329412460327,0.4606327414512634,-0.07559607923030853,0.20737645030021667,0.5060483813285828,-0.08184556663036346,0.260885089635849,0.46274539828300476,-0.01711861416697502,0.25937125086784363,0.3900780975818634,-0.06192123517394066,0.2576340138912201,0.4663802981376648,-0.07991612702608109,0.25400808453559875,0.508181631565094,-0.08295506238937378,0.305563747882843,0.4792104661464691,-0.021256083622574806,0.30505648255348206,0.40770411491394043,-0.06509871780872345,0.29655328392982483,0.4793992340564728,-0.06844161450862885,0.2840507924556732,0.5178066492080688,-0.0605829656124115,0.3388407528400421,0.5074090361595154,-0.028387829661369324,0.33725038170814514,0.46108278632164,-0.05715090408921242,0.3265312910079956,0.5036553144454956,-0.05714046582579613,0.3157707750797272,0.5321950912475586,-0.05153292790055275,rock
0.8720152974128723,0.803748369216919,-6.675421673207893e-07,0.7667211890220642,0.8250141143798828,-0.04281732439994812,0.6792669892311096,0.7895991802215576,-0.05647986754775047,0.6280702352523804,0.7409105896949768,-0.05622323229908943,0.6258890628814697,0.7120267748832703,-0.050001971423625946,0.7316755652427673,0.6721683144569397,-0.06384316831827164,0.6275851726531982,0.6873199343681335,-0.05609744414687157,0.6496157050132751,0.7322190999984741,-0.045120205730199814,0.6802142858505249,0.746603786945343,-0.04073747247457504,0.7560907602310181,0.6413766145706177,-0.038885440677404404,0.6485093832015991,0.6746599674224854,-0.029373180121183395,0.6683773994445801,0.7186095118522644,-0.01858149841427803,0.6983004212379456,0.7323070764541626,-0.016675181686878204,0.7703816890716553,0.6345798373222351,-0.01183580793440342,0.6770561337471008,0.668455958366394,-0.0010789340594783425,0.6895767450332642,0.7044703364372253,0.007199001032859087,0.7153720855712891,0.7212091684341431,0.0060598114505410194,0.7783622741699219,0.6412116885185242,0.011593312956392765,0.7066685557365417,0.6679118275642395,0.012394632212817669,0.715839684009552,0.6955315470695496,0.014477934688329697,0.735993504524231,0.7115533351898193,0.015152341686189175,rock
0.3583693504333496,0.6002489328384399,-3.7755654602733557e-07,0.4034097194671631,0.523267388343811,-0.05285314843058586,0.48099714517593384,0.4681139588356018,-0.07335790246725082,0.5797790288925171,0.49217885732650757,-0.08804041892290115,0.6499494314193726,0.5392035245895386,-0.09060913324356079,0.5523514151573181,0.4090331792831421,-0.003666000673547387,0.6457870006561279,0.38393837213516235,-0.05628034844994545,0.5936057567596436,0.43010589480400085,-0.09015020728111267,0.5419444441795349,0.4486263394355774,-0.10260829329490662,0.5703722238540649,0.4716602563858032,0.007348785642534494,0.6656198501586914,0.4507339894771576,-0.03342354670166969,0.6001729965209961,0.4864717125892639,-0.050897642970085144,0.5665006041526794,0.49060606956481934,-0.05186117812991142,0.5685999393463135,0.5310543775558472,0.006909533403813839,0.628872275352478,0.5295480489730835,-0.03785337507724762,0.5587794780731201,0.5436024069786072,-0.033338576555252075,0.529579758644104,0.5360487103462219,-0.017902223393321037,0.5496228337287903,0.5846754312515259,0.0017898816149681807,0.5966681241989136,0.5810465812683105,-0.02493457682430744,0.5470984578132629,0.5846166014671326,-0.01438902784138918,0.5195558071136475,0.5746654868125916,0.0014677296858280897,rock
0.3411587178707123,0.4436221122741699,-6.608671014873835e-07,0.5056213140487671,0.37745723128318787,0.06525085121393204,0.58385169506073,0.3541562259197235,0.02777073159813881,0.6376437544822693,0.3192541003227234,-0.028601819649338722,0.6554882526397705,0.2858615815639496,-0.08870234340429306,0.6569725275039673,0.5116934776306152,-0.08230647444725037,0.7645449638366699,0.4066406190395355,-0.11699028313159943,0.7083615660667419,0.35182034969329834,-0.10764732956886292,0.6689778566360474,0.35672712326049805,-0.10221090167760849,0.610954225063324,0.5081623196601868,-0.1491008698940277,0.7329898476600647,0.39218753576278687,-0.18770574033260345,0.6694581508636475,0.3396512269973755,-0.14508561789989471,0.6305165886878967,0.3593496084213257,-0.11676335334777832,0.5588717460632324,0.4771687090396881,-0.20667144656181335,0.6578584909439087,0.3640724718570709,-0.22571133077144623,0.6011150479316711,0.32567986845970154,-0.15918780863285065,0.5585683584213257,0.3506503403186798,-0.12088806927204132,0.5092018842697144,0.43524405360221863,-0.2595990002155304,0.5812938213348389,0.3463824391365051,-0.2539865970611572,0.5608482360839844,0.31602907180786133,-0.2073698341846466,0.5285719633102417,0.328938364982605,-0.17971555888652802,rock
0.8105587959289551,0.5130807757377625,-7.132916834962089e-07,0.7120194435119629,0.4595751166343689,-0.025609441101551056,0.6609145998954773,0.3903570771217346,-0.0135927964001894,0.6365562677383423,0.34605592489242554,0.010367409326136112,0.6520276069641113,0.3464123606681824,0.042190976440906525,0.7769733667373657,0.29709339141845703,0.008837038651108742,0.677901029586792,0.2920530438423157,0.021791573613882065,0.670077383518219,0.34070873260498047,0.0187342818826437,0.6891742944717407,0.3606005012989044,0.016519872471690178,0.8009140491485596,0.308484822511673,0.0327349454164505,0.6888763904571533,0.30210018157958984,0.05535769835114479,0.6851080656051636,0.34595930576324463,0.052911702543497086,0.7103604674339294,0.3670347332954407,0.04629618674516678,0.80588299036026,0.32354986667633057,0.05481477454304695,0.7073734998703003,0.3222005367279053,0.07621010392904282,0.701555609703064,0.3560112714767456,0.06633275747299194,0.7225987315177917,0.3754007816314697,0.05518581345677376,0.7974861264228821,0.33911219239234924,0.0739247053861618,0.7224671244621277,0.3387507498264313,0.09526337683200836,0.7221577167510986,0.36492466926574707,0.09663048386573792,0.7344871163368225,0.38808247447013855,0.09579229354858398,rock
0.5522545576095581,0.6640116572380066,-2.600694983811991e-07,0.5917931199073792,0.5818262696266174,-0.06860864162445068,0.6818064451217651,0.5224660634994507,-0.07782851904630661,0.7814444303512573,0.518861711025238,-0.0784439817070961,0.8482476472854614,0.5464619398117065,-0.06351291388273239,0.7196596264839172,0.4539116621017456,0.022392667829990387,0.8057664632797241,0.44866228103637695,-0.024630721658468246,0.758812427520752,0.4801221191883087,-0.04113278165459633,0.7286366820335388,0.49711373448371887,-0.037006307393312454,0.7302178740501404,0.5147919058799744,0.05034038797020912,0.8031665682792664,0.5336191654205322,-0.0016530443681403995,0.7192453145980835,0.5603201389312744,-0.00816831924021244,0.7026367783546448,0.5562691688537598,0.010724672116339207,0.7350010871887207,0.5767863392829895,0.06164627522230148,0.7855873107910156,0.5982763171195984,-4.699978671851568e-05,0.7017197012901306,0.6130598783493042,0.004700106102973223,0.6876829266548157,0.601271390914917,0.03237356245517731,0.736171543598175,0.6319176554679871,0.06786781549453735,0.7721342444419861,0.6530909538269043,0.030064038932323456,0.7149274945259094,0.6596625447273254,0.032476477324962616,0.6951847076416016,0.6484376192092896,0.05009112507104874,rock
0.3650778532028198,0.7714796662330627,-8.596774137004104e-08,0.4724777042865753,0.7555972337722778,-0.05440864711999893,0.5500392317771912,0.6852250695228577,-0.056143827736377716,0.5910229086875916,0.6223112344741821,-0.043646566569805145,0.5632257461547852,0.594110906124115,-0.016030821949243546,0.4313924312591553,0.5517188906669617,-0.01931401900947094,0.5443441867828369,0.5578874349594116,-0.04943625256419182,0.5215334296226501,0.6342950463294983,-0.05895507335662842,0.4793338477611542,0.656522274017334,-0.055426906794309616,0.41006913781166077,0.5387479066848755,0.008284886367619038,0.5338954329490662,0.5533389449119568,-0.025716610252857208,0.5067219734191895,0.6359950304031372,-0.0362371951341629,0.4642137587070465,0.6447356939315796,-0.031076163053512573,0.4050862789154053,0.541784942150116,0.028118813410401344,0.514452338218689,0.5599016547203064,-0.0066799381747841835,0.4901963174343109,0.6402930617332458,-0.007228401955217123,0.4585532546043396,0.6396918296813965,0.0060277581214904785,0.39658915996551514,0.5469257831573486,0.045174889266490936,0.4862741231918335,0.570106565952301,0.03118637576699257,0.46919772028923035,0.618398904800415,0.035524532198905945,0.4364386200904846,0.6152438521385193,0.04450207203626633,rock
0.38925349712371826,0.7010170817375183,-6.060076316316554e-07,0.42230790853500366,0.6074033975601196,-0.046822790056467056,0.4634504020214081,0.5415326356887817,-0.05763724073767662,0.506935179233551,0.5212620496749878,-0.06357058137655258,0.5265658497810364,0.5518639087677002,-0.0590750053524971,0.5473739504814148,0.5601069331169128,-0.00040929854731075466,0.5399985313415527,0.5372887849807739,-0.04052727669477463,0.4648292362689972,0.5708723068237305,-0.058317702263593674,0.44105231761932373,0.5926007032394409,-0.0639609768986702,0.5552104711532593,0.618736982345581,0.011952949687838554,0.5465944409370422,0.6200040578842163,-0.036541517823934555,0.46014344692230225,0.6617780327796936,-0.050722137093544006,0.45101481676101685,0.675086259841919,-0.048030778765678406,0.5505616664886475,0.6775126457214355,0.014451923780143261,0.5485826730728149,0.6848629713058472,-0.042866300791502,0.46502286195755005,0.7128651738166809,-0.036721453070640564,0.45211032032966614,0.7145695686340332,-0.016297267749905586,0.5346605777740479,0.7235705852508545,0.014159219339489937,0.535511314868927,0.7381383776664734,-0.019369153305888176,0.47977516055107117,0.7528994083404541,-0.010711188428103924,0.47132840752601624,0.7548815011978149,0.006000812631100416,rock
0.4102437496185303,0.6997660398483276,-5.326395466909162e-07,0.42486870288848877,0.5893246531486511,-0.04304569587111473,0.48425713181495667,0.4880615472793579,-0.05544649064540863,0.5635185837745667,0.42219215631484985,-0.06731905788183212,0.6323369145393372,0.3792892098426819,-0.06967806071043015,0.562174916267395,0.47204700112342834,0.014876511879265308,0.6543763279914856,0.43678516149520874,-0.030858254060149193,0.6092445850372314,0.4826040267944336,-0.05932886153459549,0.5556687116622925,0.5089336633682251,-0.06925655901432037,0.5847731828689575,0.529030978679657,0.020222047343850136,0.6708102822303772,0.5099941492080688,-0.036037370562553406,0.5970701575279236,0.5588685870170593,-0.060857512056827545,0.5365784764289856,0.5751641392707825,-0.06146633252501488,0.5935325026512146,0.5849642753601074,0.015242128632962704,0.6623831987380981,0.5739534497261047,-0.046006765216588974,0.5855821371078491,0.6086438298225403,-0.047091756016016006,0.5259954333305359,0.6183418035507202,-0.02801421470940113,0.5934987664222717,0.6398265957832336,0.007247708272188902,0.6345780491828918,0.6289156675338745,-0.03505031764507294,0.580730140209198,0.6450598835945129,-0.03177383542060852,0.5369957685470581,0.6515331268310547,-0.01627969555556774,rock
0.28913652896881104,0.8743058443069458,-3.4135322124484446e-08,0.4026901423931122,0.9272023439407349,-0.07672833651304245,0.5114189982414246,0.8998146653175354,-0.07356390357017517,0.5866678953170776,0.8664876222610474,-0.04326961189508438,0.5996704697608948,0.81682288646698,0.004289189353585243,0.4971931278705597,0.7195103168487549,-0.047774072736501694,0.6062527298927307,0.7830601334571838,-0.05491359531879425,0.5444381833076477,0.8299161195755005,-0.048447512090206146,0.4872691035270691,0.8315322995185852,-0.033762261271476746,0.46297889947891235,0.6911337971687317,0.008806069381535053,0.5807148814201355,0.763060450553894,5.001152021577582e-05,0.5245441794395447,0.8146665096282959,-0.0049794940277934074,0.4754787087440491,0.8129420280456543,0.0004928240668959916,0.44189614057540894,0.6848564743995667,0.06012336537241936,0.5355839729309082,0.7560186982154846,0.05371591076254845,0.48052701354026794,0.8073219060897827,0.043825991451740265,0.45116472244262695,0.7940961718559265,0.04428449645638466,0.42814725637435913,0.6724011898040771,0.10773511976003647,0.4950850307941437,0.7335708141326904,0.11360213160514832,0.4616207778453827,0.7673333883285522,0.11108233034610748,0.4364076852798462,0.7537994384765625,0.11144909262657166,rock
0.5124348402023315,0.7281641960144043,-7.804958954693575e-07,0.5221507549285889,0.6344090700149536,-0.04294661432504654,0.5846716165542603,0.5416291356086731,-0.05406532809138298,0.6876553297042847,0.5166471600532532,-0.06277986615896225,0.7639725208282471,0.5414249897003174,-0.056523703038692474,0.6216230988502502,0.49020010232925415,0.01118585653603077,0.7066117525100708,0.42780545353889465,-0.045645903795957565,0.6488604545593262,0.4844127297401428,-0.06846831738948822,0.6214589476585388,0.509892463684082,-0.07165081799030304,0.6561447381973267,0.5421044826507568,0.017832675948739052,0.7309216856956482,0.4988884925842285,-0.03659776598215103,0.6572755575180054,0.5531493425369263,-0.040858421474695206,0.6528967618942261,0.5568251013755798,-0.026019949465990067,0.6780217289924622,0.5974104404449463,0.011020439676940441,0.7274053692817688,0.5683291554450989,-0.04668506607413292,0.6494021415710449,0.6073442101478577,-0.029843905940651894,0.6493039727210999,0.6100044250488281,0.0002698371827136725,0.693797767162323,0.654916524887085,0.00017343198123853654,0.7191987037658691,0.6230499744415283,-0.028511708602309227,0.6655452251434326,0.6441343426704407,-0.01294317189604044,0.6583815813064575,0.6524250507354736,0.009398325346410275,rock
0.36984458565711975,0.3360137939453125,3.6540794212669425e-07,0.31525397300720215,0.43535399436950684,-0.0876837968826294,0.30700957775115967,0.5420957803726196,-0.10207708179950714,0.3080798089504242,0.6251125931739807,-0.09042070060968399,0.3363390564918518,0.6607919931411743,-0.0628296434879303,0.5063002109527588,0.5469280481338501,-0.07922156155109406,0.428917795419693,0.6687546968460083,-0.08185600489377975,0.36116325855255127,0.6294987201690674,-0.06778425723314285,0.34744909405708313,0.5810184478759766,-0.051232997328042984,0.5276451110839844,0.5458198189735413,-0.018672224134206772,0.4452652037143707,0.6566699743270874,-0.023092661052942276,0.3790116012096405,0.618377149105072,-0.02076910249888897,0.36806827783584595,0.5739973783493042,-0.01649443991482258,0.5244341492652893,0.5403437614440918,0.038900673389434814,0.4501388967037201,0.631690502166748,0.03592817857861519,0.39474159479141235,0.5998795628547668,0.03310827910900116,0.386157751083374,0.55653977394104,0.03362702578306198,0.5191255211830139,0.5349223613739014,0.09077900648117065,0.46074020862579346,0.5956480503082275,0.08425737172365189,0.4221303462982178,0.5813534259796143,0.07539421319961548,0.41854000091552734,0.5534945130348206,0.07187505066394806,rock
0.9128368496894836,0.8192415237426758,-1.0715219787016395e-06,0.7599515914916992,0.8984013795852661,0.010338183492422104,0.6340439319610596,0.8940207362174988,0.009509967640042305,0.5317018628120422,0.8308887481689453,0.0158523116260767,0.48926079273223877,0.7689315676689148,0.029655735939741135,0.6160016655921936,0.805221438407898,-0.059784263372421265,0.4865541458129883,0.7617209553718567,-0.028616568073630333,0.5277802348136902,0.7915756702423096,0.024838106706738472,0.5795595049858093,0.8064765930175781,0.06064378097653389,0.650833785533905,0.7190104126930237,-0.05268023535609245,0.5171595811843872,0.692112386226654,-0.025600094348192215,0.5504832863807678,0.7339023351669312,0.018458150327205658,0.5944569110870361,0.7516841888427734,0.0432325154542923,0.6888388991355896,0.6560526490211487,-0.03466065973043442,0.5674198269844055,0.6452957391738892,-0.0015898385317996144,0.5968438386917114,0.6843402981758118,0.03957528620958328,0.6415570974349976,0.7060092091560364,0.05708279460668564,0.7308366298675537,0.6154276728630066,-0.013983016833662987,0.6375954151153564,0.6207377314567566,0.01784548908472061,0.6539124846458435,0.6531305909156799,0.04889979213476181,0.6900733113288879,0.6747586131095886,0.06654275208711624,rock
0.4891018867492676,0.6618421077728271,-7.061548501496873e-08,0.5616559982299805,0.674763560295105,-0.02583104558289051,0.6350560188293457,0.6589398980140686,-0.027781326323747635,0.7043761610984802,0.637751042842865,-0.027377571910619736,0.7325009703636169,0.59749436378479,-0.017302492633461952,0.6001217365264893,0.5065128207206726,0.013863085769116879,0.7065109610557556,0.5200163722038269,-0.0006710590096190572,0.6817724704742432,0.5816195011138916,-0.00561535032466054,0.6355876922607422,0.6022517681121826,-0.0009952334221452475,0.6016744375228882,0.4900805652141571,0.024784337729215622,0.704719066619873,0.5126656293869019,0.002635960467159748,0.6714286208152771,0.5782850384712219,-0.00975888967514038,0.6277070045471191,0.5906432867050171,-0.008516243658959866,0.6048954725265503,0.4861591160297394,0.030847445130348206,0.7011388540267944,0.5121978521347046,0.004894975107163191,0.6665825843811035,0.5725441575050354,0.003952398430556059,0.6243166923522949,0.5845618844032288,0.014854212291538715,0.6075258851051331,0.48372548818588257,0.03584272041916847,0.6902614831924438,0.5015115737915039,0.020662382245063782,0.6729552149772644,0.5432151556015015,0.025674056261777878,0.6405977010726929,0.5566201210021973,0.036512136459350586,rock
0.6696596145629883,0.5683207511901855,-9.646412308939034e-07,0.584448516368866,0.517082929611206,-0.04470311477780342,0.47969508171081543,0.47009849548339844,-0.04975678771734238,0.4064462184906006,0.4653891623020172,-0.048548225313425064,0.3733261823654175,0.49728137254714966,-0.038582876324653625,0.510295569896698,0.3420838713645935,0.009744478389620781,0.3563820421695709,0.40791991353034973,-0.03564942255616188,0.38238710165023804,0.488770067691803,-0.05728767439723015,0.4462275505065918,0.5157018899917603,-0.05853777751326561,0.4954516291618347,0.36732757091522217,0.023551642894744873,0.3450501263141632,0.43938297033309937,-0.031335532665252686,0.397122323513031,0.5263471603393555,-0.04672500118613243,0.46539294719696045,0.5457254648208618,-0.034975674003362656,0.47890549898147583,0.40576285123825073,0.026508456096053123,0.3541221618652344,0.49096474051475525,-0.03258248046040535,0.41699665784835815,0.5695359706878662,-0.04472149908542633,0.48834940791130066,0.5814995765686035,-0.029541801661252975,0.47367432713508606,0.45254790782928467,0.02670072391629219,0.3807440996170044,0.5135937929153442,-0.02257058396935463,0.42407238483428955,0.5631471276283264,-0.03500701114535332,0.4831932783126831,0.5727518796920776,-0.024650095030665398,rock
0.4454265534877777,0.6356459856033325,-6.54193115678936e-07,0.4512038230895996,0.5225225687026978,-0.023594077676534653,0.49472683668136597,0.42366570234298706,-0.01767316833138466,0.5720817446708679,0.3974919617176056,-0.011949993669986725,0.6199418902397156,0.4096429944038391,2.3593638616148382e-05,0.4645158648490906,0.38784855604171753,0.02977236919105053,0.5107086896896362,0.28841090202331543,0.005747938062995672,0.5025734305381775,0.34248578548431396,-0.010563571006059647,0.4778367877006531,0.3858737051486969,-0.01309212762862444,0.5120924711227417,0.42046746611595154,0.03737683966755867,0.5641169548034668,0.3269179165363312,0.014331288635730743,0.5419565439224243,0.38626205921173096,-0.0027964115142822266,0.5150008797645569,0.4202636778354645,-0.004527528304606676,0.5539613366127014,0.45935165882110596,0.03762279450893402,0.6004934906959534,0.39372462034225464,0.011468382552266121,0.5719894766807556,0.4382629692554474,-0.0016209542518481612,0.5437864661216736,0.4665972888469696,-0.0004454678564798087,0.583900511264801,0.49863916635513306,0.03625507652759552,0.6101144552230835,0.44255033135414124,0.019034620374441147,0.5893746018409729,0.4733397364616394,0.01563275046646595,0.564620316028595,0.5044312477111816,0.019669409841299057,rock
0.7559993267059326,0.820987343788147,3.3257734344260825e-07,0.7492220997810364,0.6885032653808594,-0.0651739165186882,0.6586397886276245,0.5684008598327637,-0.08064586669206619,0.5203135013580322,0.5428324937820435,-0.09696001559495926,0.408594012260437,0.5696395635604858,-0.10597287863492966,0.5697131156921387,0.48386240005493164,0.04688636586070061,0.46317192912101746,0.37555691599845886,0.013180173002183437,0.4591798782348633,0.3715687394142151,-0.026455450803041458,0.5009726881980896,0.4229726195335388,-0.04461830109357834,0.5033663511276245,0.5413816571235657,0.05973092466592789,0.3778453469276428,0.4481487274169922,0.02618577890098095,0.39511069655418396,0.4669109284877777,-0.021278170868754387,0.45193490386009216,0.5060257911682129,-0.04284682869911194,0.46663108468055725,0.6070718169212341,0.05685027688741684,0.3503659665584564,0.5281286835670471,0.025294506922364235,0.36697155237197876,0.5220183730125427,-0.022615861147642136,0.4241969585418701,0.5608287453651428,-0.04268854483962059,0.44856932759284973,0.6850413680076599,0.04636308178305626,0.34813159704208374,0.6183392405509949,0.02848375216126442,0.3451628088951111,0.5934180617332458,0.0025004814378917217,0.39537638425827026,0.6037468314170837,-0.010903911665081978,rock
0.7338743805885315,1.0001250505447388,1.7840308146332973e-06,0.8077243566513062,0.9422038197517395,-0.09969039261341095,0.8068376779556274,0.8681974411010742,-0.16215094923973083,0.7485707402229309,0.8477882742881775,-0.22113433480262756,0.6593720316886902,0.8538749814033508,-0.27951982617378235,0.649581253528595,0.7237949371337891,-0.11164181679487228,0.6125598549842834,0.5995000600814819,-0.1803836226463318,0.5880498886108398,0.515059769153595,-0.22515955567359924,0.5629783272743225,0.4442521929740906,-0.2574608027935028,0.5899660587310791,0.7702280282974243,-0.11764374375343323,0.5133222341537476,0.6613917946815491,-0.20463639497756958,0.46976494789123535,0.5844238996505737,-0.2593156099319458,0.42663896083831787,0.5155631303787231,-0.2896580994129181,0.5571190118789673,0.8395525217056274,-0.13426682353019714,0.5080723762512207,0.7949162721633911,-0.257656067609787,0.5808497071266174,0.8427760004997253,-0.3053519129753113,0.6353828310966492,0.8768191337585449,-0.3116423785686493,0.547285258769989,0.9203152656555176,-0.15670061111450195,0.5637918710708618,0.9122574329376221,-0.2645685374736786,0.6427571177482605,0.9380459785461426,-0.3035164475440979,0.7042945623397827,0.9550778269767761,-0.3156769275665283,rock
0.4105832576751709,0.8017475605010986,-7.750712711640517e-07,0.39093267917633057,0.7056429386138916,-0.008327816613018513,0.4339064955711365,0.6191038489341736,-0.004180272109806538,0.5067442059516907,0.5960532426834106,-0.004515998996794224,0.5640115141868591,0.60146564245224,-0.002058759331703186,0.487030565738678,0.6043179035186768,0.027358083054423332,0.5147793292999268,0.527729868888855,-0.0068947249092161655,0.4831578731536865,0.5527103543281555,-0.02418728731572628,0.4603589177131653,0.5941486954689026,-0.028265124186873436,0.5218392610549927,0.6328078508377075,0.019284997135400772,0.5769627094268799,0.5534299612045288,-0.020682120695710182,0.5271637439727783,0.5765082836151123,-0.029615161940455437,0.495319664478302,0.6131004691123962,-0.021136613562703133,0.5468563437461853,0.670516848564148,0.004103298764675856,0.5800435543060303,0.6086395978927612,-0.04086311161518097,0.5116827487945557,0.6431819796562195,-0.037045981734991074,0.4821852445602417,0.6832185387611389,-0.018942609429359436,0.564999520778656,0.7209729552268982,-0.011807023547589779,0.5728404521942139,0.6557403206825256,-0.0443069189786911,0.5218428373336792,0.6773638725280762,-0.04099106788635254,0.5012355446815491,0.7126045227050781,-0.028603050857782364,rock
0.470989853143692,0.5831469297409058,9.195497341352166e-08,0.5286813974380493,0.5438706278800964,-0.0515190027654171,0.6001385450363159,0.5169327855110168,-0.05436761677265167,0.6572497487068176,0.5126281380653381,-0.04544903337955475,0.6810219287872314,0.5117431282997131,-0.027524812147021294,0.585843563079834,0.4300403594970703,-0.002361276187002659,0.6644043922424316,0.45692387223243713,-0.005973197054117918,0.6413448452949524,0.4886351227760315,-0.0066937049850821495,0.608019232749939,0.491635799407959,-0.0021774061024188995,0.5854201912879944,0.4717720150947571,0.030910680070519447,0.6498936414718628,0.49061450362205505,0.025718413293361664,0.6258560419082642,0.5115389823913574,0.01822267286479473,0.5964033007621765,0.506623387336731,0.01816513016819954,0.583338737487793,0.5153449177742004,0.058249581605196,0.631139874458313,0.5259218215942383,0.051018428057432175,0.6063100695610046,0.5399054288864136,0.043779850006103516,0.5823988914489746,0.532704770565033,0.04369239881634712,0.5781901478767395,0.5469019412994385,0.08243675529956818,0.6115422248840332,0.5512046217918396,0.08108315616846085,0.5917958617210388,0.5544400811195374,0.08005106449127197,0.5693400502204895,0.5465127229690552,0.08231621980667114,rock
0.5891280174255371,0.5228694677352905,-4.587205921779969e-07,0.5083898901939392,0.46017560362815857,-0.08594636619091034,0.42430758476257324,0.38304993510246277,-0.09408102184534073,0.34961456060409546,0.3450916111469269,-0.08589133620262146,0.2891204357147217,0.33398914337158203,-0.07244735211133957,0.484927237033844,0.2719683349132538,0.009054332971572876,0.35996443033218384,0.29863858222961426,0.0004937656922265887,0.3626996874809265,0.3600099980831146,-0.015400363132357597,0.3953263461589813,0.39689990878105164,-0.019689805805683136,0.4959137737751007,0.30956095457077026,0.055780019611120224,0.36575084924697876,0.34785112738609314,0.04437227174639702,0.3807280361652374,0.41061490774154663,0.021035712212324142,0.4174688458442688,0.45098572969436646,0.013480840250849724,0.4962533712387085,0.35801103711128235,0.09077063202857971,0.38325035572052,0.3994688093662262,0.06860727071762085,0.39702439308166504,0.4506033658981323,0.034768909215927124,0.4293800890445709,0.480648010969162,0.02417472004890442,0.49671709537506104,0.40564286708831787,0.11948683112859726,0.41434526443481445,0.42963916063308716,0.10000167042016983,0.41486653685569763,0.4646664261817932,0.07987244427204132,0.4333077669143677,0.49039363861083984,0.07577991485595703,rock
0.39397743344306946,0.18688319623470306,-5.165751417735009e-07,0.3838973641395569,0.3075670003890991,0.05366937071084976,0.3971042037010193,0.4046425223350525,0.023636285215616226,0.443697988986969,0.47044435143470764,-0.012912039645016193,0.4858221113681793,0.5041452646255493,-0.054288577288389206,0.36320704221725464,0.44621071219444275,-0.12987332046031952,0.4751085638999939,0.5421743988990784,-0.13488851487636566,0.5029290914535522,0.49664074182510376,-0.09073469787836075,0.4804093837738037,0.4661710560321808,-0.060586538165807724,0.39370104670524597,0.3947733938694,-0.17460544407367706,0.5218762159347534,0.5031768083572388,-0.18083693087100983,0.5308343768119812,0.44877108931541443,-0.1188158318400383,0.5014654994010925,0.41357895731925964,-0.08228062093257904,0.43465369939804077,0.34443220496177673,-0.20394818484783173,0.5566979646682739,0.4464762210845947,-0.19464358687400818,0.5531178712844849,0.39738985896110535,-0.12847359478473663,0.5230054259300232,0.361791729927063,-0.0970207080245018,0.4793259799480438,0.29626503586769104,-0.22657305002212524,0.5697654485702515,0.383493036031723,-0.21407100558280945,0.5567551255226135,0.35878250002861023,-0.17187318205833435,0.5273606777191162,0.32577186822891235,-0.14823707938194275,rock
0.5042874813079834,0.9242297410964966,2.4960129962892097e-07,0.6355428695678711,0.8889265060424805,0.041739802807569504,0.7109873294830322,0.8123955130577087,0.04265591502189636,0.7786456346511841,0.760247528553009,0.022311709821224213,0.8059823513031006,0.6935437917709351,0.00439656525850296,0.6261256337165833,0.6727132201194763,0.06261438131332397,0.7160961627960205,0.5982877016067505,0.03542458266019821,0.7658824324607849,0.6474968791007996,0.015987608581781387,0.7655205130577087,0.6948652267456055,0.00946369394659996,0.5961357951164246,0.6605979800224304,0.016279583796858788,0.7231362462043762,0.5883554220199585,-0.012154909782111645,0.7616433501243591,0.6682366132736206,-0.024292349815368652,0.7457035779953003,0.7214503288269043,-0.024146659299731255,0.5790954828262329,0.6675567030906677,-0.03311256691813469,0.7101787328720093,0.6074679493904114,-0.056700944900512695,0.7442247867584229,0.6914846301078796,-0.04558673873543739,0.7223556637763977,0.7436240911483765,-0.030574403703212738,0.5720541477203369,0.6946789026260376,-0.08172076940536499,0.6871548295021057,0.6534276604652405,-0.09808269888162613,0.7260106801986694,0.7015210390090942,-0.08597373217344284,0.7167607545852661,0.7373397350311279,-0.07239606976509094,rock
0.5965924263000488,0.8088956475257874,-5.424818283472632e-08,0.6302445530891418,0.775416374206543,-0.06987427175045013,0.6022911667823792,0.7067152857780457,-0.10127300024032593,0.5103558897972107,0.662138819694519,-0.1239674836397171,0.44095557928085327,0.6404972076416016,-0.13571131229400635,0.5812842845916748,0.5868880748748779,-0.03174249827861786,0.535383939743042,0.5190305113792419,-0.08482547849416733,0.5356703400611877,0.5740782618522644,-0.111390620470047,0.553240180015564,0.6163280010223389,-0.12012845277786255,0.5179827809333801,0.6049911975860596,-0.01538181770592928,0.4640675187110901,0.5366554260253906,-0.07246050983667374,0.47524020075798035,0.6039891242980957,-0.08916376531124115,0.4964337646961212,0.6351360082626343,-0.08277472108602524,0.47081583738327026,0.6379656195640564,-0.011096912436187267,0.4222694933414459,0.5840725302696228,-0.07175859808921814,0.44032275676727295,0.6382614970207214,-0.07525324821472168,0.46291986107826233,0.6600837707519531,-0.0584256649017334,0.4380245804786682,0.6819165349006653,-0.011869464069604874,0.401821106672287,0.6564441323280334,-0.05725759267807007,0.4248005151748657,0.6927080154418945,-0.06140604242682457,0.4538828730583191,0.711796760559082,-0.050276391208171844,rock
0.6167114973068237,1.023964285850525,-7.374143820015888e-07,0.4943586587905884,0.9412664175033569,-0.03697532042860985,0.4461861252784729,0.8239601254463196,-0.04168974608182907,0.44742345809936523,0.7296057939529419,-0.028601178899407387,0.4532584547996521,0.6700938940048218,-0.015864191576838493,0.5669681429862976,0.721276581287384,-0.09080896526575089,0.4698414206504822,0.5698450207710266,-0.09463202208280563,0.40955650806427,0.4903962016105652,-0.09801134467124939,0.38052240014076233,0.4218252897262573,-0.10261458158493042,0.6331791877746582,0.7078999280929565,-0.06296557188034058,0.5185755491256714,0.5401231646537781,-0.0602223239839077,0.4461764097213745,0.44520699977874756,-0.060295186936855316,0.39563119411468506,0.3672700524330139,-0.06599310040473938,0.6635653972625732,0.7076078653335571,-0.028407661244273186,0.5626899003982544,0.5873669981956482,-0.02146398462355137,0.5135679244995117,0.5872284770011902,-0.010785352438688278,0.4906020760536194,0.5950912237167358,-0.005417984910309315,0.6720439195632935,0.7188594341278076,0.0046712737530469894,0.6007899045944214,0.6251636743545532,0.016938749700784683,0.5670085549354553,0.6202583909034729,0.03972594439983368,0.5429690480232239,0.6339938640594482,0.05645956099033356,rock
0.6857694387435913,0.4519099295139313,-5.757021170893495e-08,0.6383914351463318,0.30885690450668335,-0.07777596265077591,0.5055755376815796,0.21094268560409546,-0.08891735225915909,0.3600448668003082,0.22528782486915588,-0.09413212537765503,0.2963278591632843,0.3107885718345642,-0.08092758059501648,0.43100064992904663,0.16463539004325867,0.05337025225162506,0.3023618757724762,0.1483485996723175,-0.006855866871774197,0.3682492673397064,0.214795783162117,-0.05335311219096184,0.4166702628135681,0.23758740723133087,-0.070578932762146,0.40553948283195496,0.2589334547519684,0.07067505270242691,0.28178566694259644,0.2551555931568146,0.007067820988595486,0.3648339509963989,0.2988312244415283,-0.03630123659968376,0.4012889266014099,0.29514646530151367,-0.04492660611867905,0.39196163415908813,0.348122775554657,0.06691157072782516,0.2969188094139099,0.3552215099334717,-0.0010031737620010972,0.3852962851524353,0.37075525522232056,-0.03311684727668762,0.4287338852882385,0.35326558351516724,-0.028650643303990364,0.38949835300445557,0.4291936755180359,0.05591258779168129,0.32780134677886963,0.4236222505569458,0.029148850589990616,0.3812270164489746,0.42987415194511414,0.025969399139285088,0.41936612129211426,0.4249356687068939,0.03639282286167145,rock
0.6088688373565674,0.4919608533382416,3.8936482837925723e-07,0.5743166208267212,0.4466177821159363,-0.029951415956020355,0.5072709918022156,0.42019203305244446,-0.03010937012732029,0.44572964310646057,0.44790640473365784,-0.027276642620563507,0.40866512060165405,0.47263282537460327,-0.021960962563753128,0.45779702067375183,0.393764466047287,-0.0008067117887549102,0.4028879702091217,0.3509538173675537,-0.00636259326711297,0.36984890699386597,0.32385939359664917,-0.012217501178383827,0.34365707635879517,0.30099722743034363,-0.01776719093322754,0.44940513372421265,0.42887362837791443,0.0028592736925929785,0.37007468938827515,0.4154822528362274,-0.0010167622240260243,0.3240942358970642,0.4061405062675476,-0.011510992422699928,0.285197377204895,0.4022306501865387,-0.01931656338274479,0.45988455414772034,0.4663737416267395,0.0010388439986854792,0.41539624333381653,0.46810391545295715,-0.02394353784620762,0.44327524304389954,0.46840700507164,-0.04349912330508232,0.4615877866744995,0.4709356427192688,-0.048601970076560974,0.48212340474128723,0.5012261867523193,-0.0026565291918814182,0.44775378704071045,0.5000200271606445,-0.02887738309800625,0.46794742345809937,0.49428898096084595,-0.04139908030629158,0.4872531592845917,0.49434778094291687,-0.045290835201740265,rock
0.3943834900856018,0.8085070848464966,-1.0771926781671937e-06,0.3394695222377777,0.6794411540031433,-0.06237858906388283,0.3249149024486542,0.5171865820884705,-0.0957164391875267,0.3678043484687805,0.3824460804462433,-0.12598982453346252,0.4549494981765747,0.3349168598651886,-0.13890881836414337,0.4444499611854553,0.4324890971183777,-0.029690928757190704,0.5392681360244751,0.33114027976989746,-0.09488611668348312,0.4929082691669464,0.431020587682724,-0.11802968382835388,0.4404919743537903,0.4905754625797272,-0.1212201789021492,0.5131055116653442,0.4845324158668518,-0.023527586832642555,0.5966264009475708,0.40293505787849426,-0.091582752764225,0.5248451828956604,0.5173542499542236,-0.1024729534983635,0.4719662666320801,0.5533799529075623,-0.0936073288321495,0.568016529083252,0.5478646755218506,-0.029279092326760292,0.6371986865997314,0.48335710167884827,-0.09700002521276474,0.5590489506721497,0.5795576572418213,-0.07340625673532486,0.5004816055297852,0.6138578653335571,-0.039533600211143494,0.6070889830589294,0.6188192367553711,-0.04042418301105499,0.6604007482528687,0.5634691119194031,-0.08212690055370331,0.6012120246887207,0.6191737055778503,-0.06187387928366661,0.5528759360313416,0.6465790867805481,-0.03501256927847862,rock
0.1223258376121521,0.1615043580532074,5.8888975473792016e-08,0.04467366635799408,0.223005473613739,-0.10334619879722595,0.024661794304847717,0.3148336708545685,-0.18466328084468842,0.06512607634067535,0.4010840654373169,-0.23429621756076813,0.14801588654518127,0.4366622567176819,-0.27071359753608704,0.09587237983942032,0.17287121713161469,-0.3050824999809265,0.04351072013378143,0.3490694463253021,-0.3806491196155548,0.02993220090866089,0.3277900516986847,-0.37036508321762085,0.04618127644062042,0.28148671984672546,-0.35428586602211,0.16719982028007507,0.17084315419197083,-0.2754443883895874,0.12404048442840576,0.3685116767883301,-0.3419412076473236,0.10364940017461777,0.3384919762611389,-0.29784297943115234,0.1121908500790596,0.28761982917785645,-0.27043232321739197,0.23339027166366577,0.19286063313484192,-0.24437876045703888,0.1892932951450348,0.3816828429698944,-0.28701677918434143,0.16280533373355865,0.3484184741973877,-0.2319793850183487,0.16955716907978058,0.297098308801651,-0.20120272040367126,0.2839931845664978,0.22416168451309204,-0.2207885980606079,0.23937714099884033,0.3660336434841156,-0.2502706050872803,0.2133784145116806,0.3381825089454651,-0.23150528967380524,0.2231317162513733,0.28515827655792236,-0.22461065649986267,rock
0.36626487970352173,0.3155922293663025,-2.7540830060956978e-08,0.32556748390197754,0.22045396268367767,-0.04583831876516342,0.236601322889328,0.14938920736312866,-0.05083366483449936,0.13616926968097687,0.14379765093326569,-0.05234834924340248,0.08587686717510223,0.1753542572259903,-0.04079725965857506,0.20179031789302826,0.10705700516700745,0.03761742264032364,0.10958701372146606,0.09911522269248962,-0.0025473153218626976,0.14104244112968445,0.15225566923618317,-0.026458503678441048,0.17471212148666382,0.17729727923870087,-0.03186635673046112,0.1884322613477707,0.16821511089801788,0.047899264842271805,0.10031309723854065,0.16315358877182007,0.011987246572971344,0.1606590747833252,0.2030666172504425,0.00033098208950832486,0.19332700967788696,0.1933569610118866,0.006686096545308828,0.180715411901474,0.22705437242984772,0.04330359026789665,0.10938569903373718,0.23823580145835876,-0.0018635879969224334,0.17814508080482483,0.2641633152961731,-0.007135670632123947,0.21319840848445892,0.24331557750701904,0.007197177037596703,0.1772615611553192,0.2834841012954712,0.03442347049713135,0.12277007102966309,0.2812836170196533,0.012326096184551716,0.17077158391475677,0.29872119426727295,0.017002470791339874,0.20347623527050018,0.2938998341560364,0.030545631423592567,rock
0.6524887084960938,0.8335497975349426,-4.854273925047892e-07,0.5787549614906311,0.8107377886772156,-0.14028775691986084,0.5026286244392395,0.7246979475021362,-0.18302763998508453,0.42623063921928406,0.6553320288658142,-0.19385167956352234,0.3910495638847351,0.5989362597465515,-0.18656425178050995,0.6627066135406494,0.5764720439910889,-0.11820925027132034,0.5304774045944214,0.5690739750862122,-0.1595221906900406,0.5290413498878479,0.6463021039962769,-0.17719344794750214,0.5709816813468933,0.6691614389419556,-0.18279515206813812,0.677740216255188,0.5694916248321533,-0.056717026978731155,0.5311171412467957,0.5768525004386902,-0.09199931472539902,0.5363341569900513,0.6478372812271118,-0.09512592107057571,0.5791679620742798,0.6672639846801758,-0.0918060764670372,0.6682111024856567,0.5777074694633484,-0.00886506587266922,0.5493637919425964,0.5869240760803223,-0.047073446214199066,0.5556550621986389,0.6457306146621704,-0.05362682417035103,0.5985609292984009,0.6594299674034119,-0.04914616793394089,0.6538119912147522,0.5941874980926514,0.026681022718548775,0.583660364151001,0.5891661047935486,-0.0009963420452550054,0.5928317308425903,0.6246477365493774,-0.011031683534383774,0.6209703683853149,0.6414456963539124,-0.008917688392102718,rock
0.5573642253875732,0.4433061182498932,-1.006403991254956e-07,0.634842038154602,0.5056937336921692,0.015181286260485649,0.7154352068901062,0.5196817517280579,0.02213384211063385,0.7667948603630066,0.48710307478904724,0.02948661707341671,0.7812932729721069,0.4473457634449005,0.04024655371904373,0.7725161910057068,0.45411598682403564,-0.00863026361912489,0.84357750415802,0.4759013056755066,-0.006279490888118744,0.8069238662719727,0.49195727705955505,-0.0002024238056037575,0.7712637782096863,0.4927481710910797,0.0063132415525615215,0.7593618035316467,0.39180824160575867,-0.011979319155216217,0.8281818628311157,0.4214821755886078,0.0034030936658382416,0.7997633814811707,0.44638046622276306,0.017763638868927956,0.7688012719154358,0.4513235092163086,0.02325599640607834,0.7341213822364807,0.3516137897968292,-0.011708316393196583,0.7920519113540649,0.38336265087127686,0.006671175826340914,0.7713977694511414,0.40782004594802856,0.02026350237429142,0.742228627204895,0.4107975959777832,0.023359859362244606,0.7047944068908691,0.3271876573562622,-0.009732493199408054,0.7524077892303467,0.35570627450942993,0.008988269604742527,0.7378044724464417,0.377666711807251,0.025877363979816437,0.7149551510810852,0.38441339135169983,0.03508755564689636,rock
0.42284610867500305,0.3120000958442688,-6.189981718307536e-07,0.3370351791381836,0.3174225389957428,-0.0509212389588356,0.2665899991989136,0.29391568899154663,-0.05597073584794998,0.2222682535648346,0.2785675525665283,-0.04455332085490227,0.21611210703849792,0.26271289587020874,-0.02398928627371788,0.308566689491272,0.16377797722816467,-0.03660999611020088,0.21142692863941193,0.19357599318027496,-0.042504824697971344,0.23137280344963074,0.23937198519706726,-0.04547037556767464,0.26188206672668457,0.24959996342658997,-0.044144146144390106,0.321285218000412,0.15945667028427124,-0.0038162232376635075,0.22149020433425903,0.19368287920951843,-0.006254501640796661,0.24151408672332764,0.24094286561012268,-0.009016323834657669,0.26952290534973145,0.2526836693286896,-0.00962963979691267,0.32431069016456604,0.16361208260059357,0.02605687826871872,0.2411564290523529,0.1977698802947998,0.026421405375003815,0.25344231724739075,0.2403573840856552,0.020272808149456978,0.2789173424243927,0.2502199113368988,0.01673862151801586,0.32494881749153137,0.17263886332511902,0.05194834619760513,0.2642703950405121,0.19804397225379944,0.050733860582113266,0.27554771304130554,0.2252594381570816,0.04567520320415497,0.298674613237381,0.23540569841861725,0.04536060243844986,rock
0.3181890547275543,0.6156911849975586,2.1689072582375957e-07,0.4399099349975586,0.6447557210922241,-0.1676264852285385,0.5687146782875061,0.591395378112793,-0.21217282116413116,0.6694886684417725,0.5354523658752441,-0.20648141205310822,0.7077548503875732,0.46754902601242065,-0.17347291111946106,0.4837096035480499,0.36318495869636536,-0.199342280626297,0.6729752421379089,0.40983128547668457,-0.23029157519340515,0.6104317903518677,0.4972193241119385,-0.21063153445720673,0.5297291874885559,0.5194087028503418,-0.18223153054714203,0.46319717168807983,0.34123849868774414,-0.10188161581754684,0.6564231514930725,0.4031004011631012,-0.1411239355802536,0.5866000056266785,0.4892313778400421,-0.13241347670555115,0.5114575028419495,0.49466630816459656,-0.11395744979381561,0.4608386754989624,0.3410602807998657,-0.011008172295987606,0.6191195249557495,0.4079059958457947,-0.04315619915723801,0.5526975989341736,0.48384732007980347,-0.035313744097948074,0.4999769330024719,0.47469720244407654,-0.019937844946980476,0.462211549282074,0.3300482928752899,0.07007306069135666,0.5702045559883118,0.3888944089412689,0.05362771824002266,0.529385507106781,0.4394603669643402,0.051428020000457764,0.49059638381004333,0.4292212426662445,0.05404358357191086,rock
0.6519829034805298,0.7017009258270264,-1.2806297036149772e-06,0.5199204683303833,0.7323080897331238,-0.12239842861890793,0.3752121329307556,0.6969137787818909,-0.1145181953907013,0.28027549386024475,0.6781374216079712,-0.0638919249176979,0.27037739753723145,0.6557855606079102,0.010914931073784828,0.41901564598083496,0.46315252780914307,-0.054388321936130524,0.27249470353126526,0.5553109049797058,-0.03990164399147034,0.3326255977153778,0.6277538537979126,-0.0310526080429554,0.3897404670715332,0.6229543685913086,-0.020378682762384415,0.4586518704891205,0.4716738164424896,0.032645370811223984,0.30461978912353516,0.5557957291603088,0.04721800982952118,0.35998275876045227,0.6166778206825256,0.04554149508476257,0.41591131687164307,0.6115639805793762,0.04747267812490463,0.4729999005794525,0.4933677017688751,0.1106605976819992,0.3437539041042328,0.5685555338859558,0.11747777462005615,0.38188719749450684,0.6211166381835938,0.09211330115795135,0.4250620901584625,0.6079050898551941,0.07937411963939667,0.4828866720199585,0.5127410888671875,0.1808103770017624,0.38446173071861267,0.5589897036552429,0.19120672345161438,0.4107097089290619,0.5876516699790955,0.179340660572052,0.4527468979358673,0.5914324522018433,0.17519351840019226,rock
0.47428977489471436,0.5143617391586304,-3.71743055893603e-07,0.5207453966140747,0.6216011047363281,-0.13143010437488556,0.5965772271156311,0.6706472635269165,-0.22476527094841003,0.6900652647018433,0.6502478122711182,-0.287904292345047,0.7449336647987366,0.5926085114479065,-0.3367135524749756,0.4422198235988617,0.5901869535446167,-0.27414754033088684,0.6481943130493164,0.6263870596885681,-0.33846724033355713,0.6405344009399414,0.6308639049530029,-0.3431914448738098,0.5930004119873047,0.6165385842323303,-0.35077229142189026,0.44947677850723267,0.4912204444408417,-0.23672930896282196,0.6866350769996643,0.5492322444915771,-0.29854628443717957,0.6528029441833496,0.5714484453201294,-0.27919021248817444,0.5851638317108154,0.5605080127716064,-0.27459588646888733,0.4794282615184784,0.41747772693634033,-0.20039775967597961,0.7043882012367249,0.4783708155155182,-0.25003117322921753,0.6590867042541504,0.5024605989456177,-0.2181488424539566,0.5878013968467712,0.4885563254356384,-0.20397613942623138,0.5148659348487854,0.3695428967475891,-0.17605285346508026,0.6881695985794067,0.4222456216812134,-0.225220188498497,0.655638575553894,0.44399404525756836,-0.23211966454982758,0.5930091738700867,0.43490996956825256,-0.238811194896698,rock
0.3450995683670044,0.7226034998893738,-5.851587729921448e-07,0.2543039321899414,0.6784749031066895,-0.09142911434173584,0.18412795662879944,0.6035788655281067,-0.08451469242572784,0.1313372552394867,0.564895749092102,-0.044240180402994156,0.11648805439472198,0.5502291321754456,0.013157488778233528,0.27345937490463257,0.4729323983192444,-0.03649953380227089,0.15023267269134521,0.48644450306892395,-0.022568466141819954,0.16045218706130981,0.5506264567375183,-0.01754293218255043,0.19605767726898193,0.5621596574783325,-0.011026200838387012,0.28870585560798645,0.4981505572795868,0.03044886700809002,0.15649844706058502,0.5014052987098694,0.052621785551309586,0.17536653578281403,0.5644474029541016,0.054616380482912064,0.21237032115459442,0.583202064037323,0.05497390776872635,0.2854838967323303,0.520973265171051,0.09000303596258163,0.17359092831611633,0.5306148529052734,0.10748162865638733,0.18698221445083618,0.5817608833312988,0.08878058940172195,0.22278860211372375,0.5924427509307861,0.075539231300354,0.2790052592754364,0.5408452749252319,0.14266571402549744,0.2041967213153839,0.5455999374389648,0.15687303245067596,0.22138027846813202,0.5752066373825073,0.14369209110736847,0.2479640394449234,0.5889726281166077,0.1349720060825348,rock
0.43301424384117126,0.5253797173500061,-1.6880107978067826e-07,0.44613033533096313,0.5554417967796326,-0.035913530737161636,0.4697583019733429,0.5843210816383362,-0.050802018493413925,0.4930817782878876,0.6171462535858154,-0.05826001241803169,0.5215970277786255,0.6278993487358093,-0.05916799232363701,0.553350567817688,0.5334853529930115,-0.0374545119702816,0.5433814525604248,0.5947551131248474,-0.0547533817589283,0.509761393070221,0.592178225517273,-0.06068074330687523,0.5004574060440063,0.5737780928611755,-0.06243954598903656,0.5618830323219299,0.5434859991073608,-0.024362582713365555,0.5476229786872864,0.6034677028656006,-0.04412318766117096,0.5121928453445435,0.5976995229721069,-0.04861142113804817,0.5056731104850769,0.578578531742096,-0.04855487495660782,0.5605069994926453,0.5563391447067261,-0.013871733099222183,0.5512670874595642,0.6096013784408569,-0.032610248774290085,0.5201553106307983,0.6038641929626465,-0.029913701117038727,0.5140794515609741,0.5867628455162048,-0.024254171177744865,0.5556874871253967,0.5678266286849976,-0.005852461326867342,0.5521667003631592,0.6079596877098083,-0.018725482746958733,0.5315605998039246,0.6054477691650391,-0.01673353649675846,0.5267935395240784,0.5903699398040771,-0.0122688515111804,rock
0.6469136476516724,0.2277306765317917,5.132181968292571e-07,0.7416329979896545,0.30310192704200745,0.08434057980775833,0.8145736455917358,0.30049023032188416,0.178204745054245,0.8787912726402283,0.26602938771247864,0.24423512816429138,0.9053810834884644,0.23433040082454681,0.3097737729549408,0.7746426463127136,0.21024757623672485,0.3404189944267273,0.824465274810791,0.21840845048427582,0.4297017753124237,0.8616371750831604,0.2504538893699646,0.4781121611595154,0.8692615628242493,0.26565754413604736,0.5136520862579346,0.7909862995147705,0.1839674562215805,0.3119458854198456,0.8834074139595032,0.20384244620800018,0.38786548376083374,0.9077720642089844,0.23813855648040771,0.39793330430984497,0.9214051365852356,0.24296462535858154,0.4125635325908661,0.8219953179359436,0.1621321141719818,0.26480358839035034,0.9151585102081299,0.20354492962360382,0.26039621233940125,0.8529560565948486,0.2317768931388855,0.1899873912334442,0.8020512461662292,0.22998884320259094,0.16236785054206848,0.8781169652938843,0.142665296792984,0.22778312861919403,0.9280176758766174,0.1930568963289261,0.19598041474819183,0.8727956414222717,0.21861886978149414,0.13534167408943176,0.8123500347137451,0.2095216065645218,0.10085730999708176,rock
0.6453982591629028,0.380568265914917,-1.007308242151339e-06,0.5903469920158386,0.27012598514556885,0.027470378205180168,0.5867674350738525,0.1782619208097458,0.03992881998419762,0.6187452673912048,0.10492569208145142,0.03285251185297966,0.6740379929542542,0.059843696653842926,0.029222706332802773,0.699334442615509,0.19570837914943695,0.12488102167844772,0.6937814354896545,0.11709081381559372,0.09705041348934174,0.6505963802337646,0.14248691499233246,0.07134690135717392,0.6440798044204712,0.1869884878396988,0.059532806277275085,0.7288836240768433,0.20156648755073547,0.0955478772521019,0.7161557078361511,0.09871181100606918,0.04564376920461655,0.6575098633766174,0.15798233449459076,0.01661691442131996,0.6702661514282227,0.22019857168197632,0.01659865491092205,0.7636333703994751,0.20542602241039276,0.056194186210632324,0.7313998937606812,0.10307179391384125,0.006664911285042763,0.6762925982475281,0.16694220900535583,-0.004214397631585598,0.6996680498123169,0.229417622089386,0.00751405069604516,0.8031362891197205,0.21133242547512054,0.01831258274614811,0.7517817616462708,0.11929260194301605,-0.007111453451216221,0.7026712894439697,0.1632358282804489,-0.00573562690988183,0.7175414562225342,0.22008639574050903,0.0060545760206878185,rock
0.3311998248100281,0.9483516216278076,5.432495413515426e-07,0.4931741952896118,0.8473377823829651,-0.046762701123952866,0.5293232202529907,0.7199974656105042,-0.10335909575223923,0.4527024030685425,0.6416250467300415,-0.1586373746395111,0.3477553129196167,0.6295520067214966,-0.19857551157474518,0.393283873796463,0.510874330997467,-0.11438533663749695,0.5571960806846619,0.5023899674415588,-0.18859030306339264,0.5782448053359985,0.6266927719116211,-0.2142094224691391,0.553403377532959,0.6863514184951782,-0.2262120395898819,0.3274186849594116,0.543294370174408,-0.13425405323505402,0.530331552028656,0.5387989282608032,-0.2262471467256546,0.5520942211151123,0.6659841537475586,-0.2400495707988739,0.5167844891548157,0.7257838249206543,-0.23565641045570374,0.2971792221069336,0.6120849251747131,-0.15776526927947998,0.4932090640068054,0.6150885224342346,-0.23155321180820465,0.5048206448554993,0.7201476693153381,-0.21527718007564545,0.4568314254283905,0.7483144998550415,-0.1926533281803131,0.29047781229019165,0.6930109262466431,-0.1862526684999466,0.4565795361995697,0.7645580768585205,-0.22336453199386597,0.45401304960250854,0.8233773112297058,-0.21263350546360016,0.40216749906539917,0.8155399560928345,-0.20258376002311707,rock
0.5088286399841309,1.0001788139343262,4.060594278598728e-07,0.6165385842323303,0.9276165962219238,-0.0481392964720726,0.6882786154747009,0.870546817779541,-0.1083001121878624,0.7391467690467834,0.8514960408210754,-0.1690017133951187,0.7081632018089294,0.8669161796569824,-0.2200595736503601,0.5640065670013428,0.6760796904563904,-0.13193240761756897,0.6353650689125061,0.6492288708686829,-0.20798718929290771,0.7045316100120544,0.7398092746734619,-0.23668064177036285,0.7029062509536743,0.7879711985588074,-0.24799449741840363,0.4793398380279541,0.7173116207122803,-0.15648190677165985,0.5752794146537781,0.6889647841453552,-0.24226409196853638,0.6602984666824341,0.7931675910949707,-0.26027849316596985,0.6611968874931335,0.8371853828430176,-0.25983232259750366,0.43689632415771484,0.793778657913208,-0.18217365443706512,0.5240728855133057,0.7808957695960999,-0.2635703980922699,0.6260617971420288,0.8672622442245483,-0.2537427544593811,0.6308021545410156,0.904577374458313,-0.2310633510351181,0.422265887260437,0.8771504163742065,-0.2117447555065155,0.525719404220581,0.8995892405509949,-0.26423564553260803,0.5997645854949951,0.9454247951507568,-0.25374776124954224,0.6024610996246338,0.967329204082489,-0.2363567352294922,rock
0.5617051124572754,0.6349393129348755,-1.604815125233472e-08,0.6768443584442139,0.738433301448822,-0.06693295389413834,0.8079850077629089,0.7568904161453247,-0.05967959016561508,0.8966341018676758,0.7557744383811951,-0.02637307159602642,0.9273112416267395,0.7162330150604248,0.02360154315829277,0.8711749911308289,0.5541769862174988,-0.034592512995004654,0.9599642753601074,0.6714230179786682,-0.019294029101729393,0.8849919438362122,0.7050650119781494,-0.011093495413661003,0.8343545198440552,0.6859049797058105,-0.0008326953975483775,0.8339313268661499,0.5065758228302002,0.026971714571118355,0.9233306646347046,0.6352499723434448,0.04753013327717781,0.8598957657814026,0.6736552119255066,0.04131721332669258,0.812107264995575,0.6527886986732483,0.03539685904979706,0.7999892830848694,0.49852365255355835,0.08732063323259354,0.8853608965873718,0.6089988350868225,0.11370574682950974,0.8331851959228516,0.645975649356842,0.09989068657159805,0.794659435749054,0.6301226615905762,0.08697308599948883,0.7834113836288452,0.49736231565475464,0.14423874020576477,0.8432160019874573,0.5793992280960083,0.1683175265789032,0.8147091865539551,0.604486346244812,0.16203851997852325,0.7884028553962708,0.5914753675460815,0.15455375611782074,rock
0.6608798503875732,0.518781304359436,-1.1402427162465756e-06,0.5340943336486816,0.5467337965965271,0.09501242637634277,0.44787317514419556,0.5444514155387878,0.15485617518424988,0.3878520727157593,0.5464106798171997,0.1883922517299652,0.3736318051815033,0.5265615582466125,0.21667329967021942,0.48615461587905884,0.35992464423179626,0.22158485651016235,0.36993852257728577,0.4264551103115082,0.2605189383029938,0.37864500284194946,0.4917260408401489,0.25615084171295166,0.41166287660598755,0.5274720191955566,0.25152090191841125,0.48083990812301636,0.34106120467185974,0.1784854680299759,0.35461634397506714,0.41696178913116455,0.21501466631889343,0.37953412532806396,0.49369335174560547,0.18810084462165833,0.4255318343639374,0.5283123254776001,0.17015495896339417,0.461757630109787,0.33923691511154175,0.1338309645652771,0.3424723744392395,0.4331740140914917,0.15806038677692413,0.3721194863319397,0.5081795454025269,0.12574037909507751,0.42504608631134033,0.530617892742157,0.1036057397723198,0.43196699023246765,0.3542833924293518,0.09504067152738571,0.34299731254577637,0.4376712143421173,0.10869856178760529,0.3713453710079193,0.4943704903125763,0.09754618257284164,0.4192693829536438,0.5110916495323181,0.09113682806491852,rock
0.7712158560752869,0.356296181678772,-4.877622927779157e-07,0.7017003893852234,0.3636224865913391,-0.015107584185898304,0.6496439576148987,0.3424268662929535,-0.01802177168428898,0.6210948824882507,0.3251643180847168,-0.017739618197083473,0.6178488731384277,0.31001436710357666,-0.015755698084831238,0.6857708692550659,0.255565881729126,-0.005524281412363052,0.6223921775817871,0.27982097864151,-0.008277729153633118,0.626829981803894,0.3124181628227234,-0.01336327102035284,0.6449897885322571,0.3278167247772217,-0.01631586067378521,0.6998890042304993,0.24772079288959503,0.0004897993640042841,0.6314866542816162,0.2738632559776306,-0.0028210750315338373,0.6367241740226746,0.3083820939064026,-0.008023914881050587,0.6565073132514954,0.3246026337146759,-0.010697529651224613,0.7054852843284607,0.25116437673568726,0.005640040151774883,0.6388590931892395,0.275934636592865,-0.0004519412468653172,0.6427896618843079,0.30651161074638367,-0.004877400118857622,0.6616562604904175,0.3201655149459839,-0.006217595189809799,0.7024481296539307,0.26121747493743896,0.009744090959429741,0.6453608274459839,0.2792966663837433,0.003722273977473378,0.6494795680046082,0.3021789789199829,0.0038625341840088367,0.6661309599876404,0.31544771790504456,0.006606835871934891,rock
0.6849590539932251,0.4691857695579529,-1.8763140019473212e-07,0.6432105898857117,0.4451690912246704,-0.06722739338874817,0.5822765231132507,0.41394275426864624,-0.08324142545461655,0.5240630507469177,0.4216492176055908,-0.08703417330980301,0.48488882184028625,0.4414646625518799,-0.08511414378881454,0.5857864022254944,0.32305431365966797,-0.02344178967177868,0.49527573585510254,0.3413113057613373,-0.03952983021736145,0.5111992359161377,0.38643574714660645,-0.051248885691165924,0.5414952039718628,0.4019537568092346,-0.05520425736904144,0.5816996097564697,0.3479476869106293,0.007517598569393158,0.49353498220443726,0.3714038133621216,-0.010021966882050037,0.5159051418304443,0.40899738669395447,-0.02287985198199749,0.5462280511856079,0.417636513710022,-0.026159320026636124,0.5777467489242554,0.38065192103385925,0.03040400706231594,0.5071424245834351,0.40738028287887573,0.00785657949745655,0.5256024599075317,0.43370598554611206,-0.0074855247512459755,0.5531049966812134,0.4370385408401489,-0.009743009693920612,0.576859176158905,0.4149061143398285,0.04826671630144119,0.5213359594345093,0.4277156591415405,0.031298328191041946,0.5326895713806152,0.4456443190574646,0.023830795660614967,0.5571913719177246,0.45525527000427246,0.025041848421096802,rock
0.3071344494819641,0.15848615765571594,6.380660693139362e-07,0.28827881813049316,0.25284144282341003,-0.07566022872924805,0.3243587613105774,0.32811102271080017,-0.13882647454738617,0.3874329626560211,0.3634307086467743,-0.17426523566246033,0.44835665822029114,0.344765841960907,-0.20442913472652435,0.32496610283851624,0.199762761592865,-0.25984230637550354,0.4024197459220886,0.28773441910743713,-0.2899542450904846,0.3984290361404419,0.32831186056137085,-0.2535913586616516,0.3832525610923767,0.32803669571876526,-0.21987572312355042,0.3642968237400055,0.1520184576511383,-0.22931763529777527,0.4511595070362091,0.2660500109195709,-0.25263816118240356,0.42101213335990906,0.2931877672672272,-0.19734494388103485,0.39720991253852844,0.2804994285106659,-0.1591244637966156,0.40449103713035583,0.13308659195899963,-0.19168175756931305,0.48393043875694275,0.239815354347229,-0.20329606533050537,0.4454333186149597,0.26443666219711304,-0.15306179225444794,0.41821229457855225,0.2484082281589508,-0.12318047136068344,0.44038087129592896,0.127703458070755,-0.1583418846130371,0.49407944083213806,0.2070099413394928,-0.17312665283679962,0.46596893668174744,0.23094473779201508,-0.15712222456932068,0.442150354385376,0.21899360418319702,-0.14786571264266968,rock
0.3109492063522339,0.5017023086547852,-7.415097229568346e-07,0.3536560535430908,0.44318363070487976,-0.03695682808756828,0.4146066904067993,0.41383832693099976,-0.06005401536822319,0.45312219858169556,0.41313692927360535,-0.08108262717723846,0.4778207838535309,0.41668570041656494,-0.0948554202914238,0.507908821105957,0.4580121636390686,-0.029742809012532234,0.5092197060585022,0.4220867156982422,-0.07160328328609467,0.4447450637817383,0.4138694405555725,-0.0913894921541214,0.41094475984573364,0.4228626489639282,-0.09992624074220657,0.5065755248069763,0.5063536763191223,-0.029251039028167725,0.5038445591926575,0.46347424387931824,-0.07262527197599411,0.4324769675731659,0.45013219118118286,-0.07664139568805695,0.4087940454483032,0.4612712860107422,-0.0707659125328064,0.49014344811439514,0.5482597351074219,-0.03570307046175003,0.4836360514163971,0.507720947265625,-0.07720282673835754,0.42315566539764404,0.48831114172935486,-0.0649852305650711,0.40977224707603455,0.4989771842956543,-0.048116154968738556,0.4641415476799011,0.5844749808311462,-0.04654964804649353,0.45921793580055237,0.5475908517837524,-0.06604959815740585,0.41827112436294556,0.5245088338851929,-0.05541593208909035,0.40907958149909973,0.5310355424880981,-0.04347912222146988,rock
0.4213156998157501,0.7010582685470581,-3.411304305700469e-07,0.3830792009830475,0.6132653951644897,-0.032813120633363724,0.3014525771141052,0.5413472652435303,-0.04528965428471565,0.20023348927497864,0.5330872535705566,-0.05687228590250015,0.12569712102413177,0.5473039150238037,-0.05991269275546074,0.26086145639419556,0.48672354221343994,0.004741871263831854,0.16582368314266205,0.5020976662635803,-0.04715106636285782,0.2068619728088379,0.5533672571182251,-0.07861863821744919,0.2517993152141571,0.5653223991394043,-0.09258244931697845,0.24623490869998932,0.5489293932914734,0.005027447827160358,0.15124428272247314,0.5735250115394592,-0.048875775188207626,0.22150202095508575,0.6177131533622742,-0.06500910222530365,0.2669737637042999,0.6096060872077942,-0.06484457850456238,0.240075945854187,0.6135899424552917,-0.004728671163320541,0.15741288661956787,0.6373907923698425,-0.06362367421388626,0.23028381168842316,0.666642427444458,-0.06035388261079788,0.27691662311553955,0.6548871397972107,-0.042411066591739655,0.2372482419013977,0.6736769676208496,-0.01685221865773201,0.1826252043247223,0.6860916018486023,-0.054792847484350204,0.22803406417369843,0.7055078744888306,-0.05039488896727562,0.2647380232810974,0.6985669732093811,-0.03654952719807625,rock
0.398167222738266,1.028306245803833,-9.474918982732561e-08,0.5025639533996582,0.9369378089904785,-0.02252187579870224,0.5297872424125671,0.7988548278808594,-0.029282579198479652,0.4360002279281616,0.730309784412384,-0.040313828736543655,0.33266910910606384,0.765156090259552,-0.04581420496106148,0.43972858786582947,0.7155314683914185,0.006304225884377956,0.4061965048313141,0.6355367302894592,-0.032261475920677185,0.41331225633621216,0.7001276016235352,-0.05601859465241432,0.4237385094165802,0.7514879703521729,-0.06859343498945236,0.3542308211326599,0.7478693127632141,-0.00704018771648407,0.318091481924057,0.7019577622413635,-0.05181804299354553,0.3509320318698883,0.759810745716095,-0.07273448258638382,0.3689942955970764,0.780619740486145,-0.07918574661016464,0.28757673501968384,0.7937343120574951,-0.027666734531521797,0.2734205722808838,0.7757776379585266,-0.08155857026576996,0.3265211284160614,0.8431690335273743,-0.09366252273321152,0.3560575246810913,0.8675161004066467,-0.08910079300403595,0.23954440653324127,0.8501436710357666,-0.05007551237940788,0.2559744715690613,0.8548149466514587,-0.0837787464261055,0.29953211545944214,0.9031034708023071,-0.08482635766267776,0.32393789291381836,0.9212968945503235,-0.07877377420663834,rock
0.2744496464729309,0.416849285364151,-7.699964044149965e-08,0.3325134813785553,0.3821183443069458,-0.06598278880119324,0.39743244647979736,0.33687177300453186,-0.06981410831212997,0.45471400022506714,0.31554141640663147,-0.05597862973809242,0.48473435640335083,0.2987577021121979,-0.028285464271903038,0.36219629645347595,0.21981844305992126,-0.022416604682803154,0.46223852038383484,0.23493799567222595,-0.03234853222966194,0.43579795956611633,0.27913597226142883,-0.031067634001374245,0.39713478088378906,0.28697338700294495,-0.02291274257004261,0.3709767758846283,0.24407854676246643,0.02033700980246067,0.46106910705566406,0.254603773355484,0.00510841840878129,0.43220970034599304,0.2969699501991272,0.0012576833833009005,0.3955373167991638,0.299285888671875,0.007591076660901308,0.3834265470504761,0.27387598156929016,0.05573486164212227,0.45473480224609375,0.2809857130050659,0.040598832070827484,0.4250759184360504,0.3157694339752197,0.035209834575653076,0.394494891166687,0.30829674005508423,0.039326317608356476,0.3912363052368164,0.29350021481513977,0.08699887245893478,0.44015926122665405,0.30288586020469666,0.07711934298276901,0.41752710938453674,0.3207775354385376,0.07057232409715652,0.3886294662952423,0.3103086054325104,0.07079377770423889,rock
-0.06891170144081116,0.5915968418121338,-8.172423804353457e-07,0.04371348023414612,0.5695880055427551,-0.02822226844727993,0.16157694160938263,0.5007967352867126,-0.09656999260187149,0.21275785565376282,0.3926095962524414,-0.15309754014015198,0.17714577913284302,0.34617170691490173,-0.21004031598567963,0.21189343929290771,0.6464201807975769,-0.2330007255077362,0.31006765365600586,0.48917922377586365,-0.26711907982826233,0.2318275272846222,0.45127683877944946,-0.24346758425235748,0.19304533302783966,0.4696950614452362,-0.2335052788257599,0.1607128083705902,0.6521205306053162,-0.2513827681541443,0.2981962561607361,0.469145804643631,-0.3045468032360077,0.21689142286777496,0.4262329638004303,-0.2723826467990875,0.16373439133167267,0.4613092541694641,-0.25447672605514526,0.09798136353492737,0.6150692701339722,-0.256486713886261,0.2476700395345688,0.4325578808784485,-0.30153435468673706,0.18329504132270813,0.3973662853240967,-0.25343164801597595,0.13082873821258545,0.44004684686660767,-0.2249784618616104,0.03831885755062103,0.5507302284240723,-0.2583090662956238,0.13821707665920258,0.3916008770465851,-0.29871124029159546,0.10395865142345428,0.36865711212158203,-0.27565956115722656,0.06486767530441284,0.4111047685146332,-0.26132676005363464,rock
0.5615640878677368,0.7728328108787537,1.1969862612204452e-07,0.6761417388916016,0.8896119594573975,-0.0601351223886013,0.8139088153839111,0.910801887512207,-0.06223103776574135,0.9140539765357971,0.9029628038406372,-0.044108547270298004,0.9373416900634766,0.8588652610778809,-0.012145932763814926,0.867730438709259,0.7081076502799988,-0.04372650757431984,0.9652298092842102,0.8198668360710144,-0.02857677824795246,0.8911000490188599,0.8590539693832397,-0.014352003112435341,0.8400068283081055,0.8421691060066223,-0.0021292271558195353,0.83974689245224,0.6520475149154663,0.00660814018920064,0.9270946979522705,0.7800226211547852,0.026164447888731956,0.8672417998313904,0.823205828666687,0.027028614655137062,0.820438027381897,0.8037870526313782,0.023615986108779907,0.8038601875305176,0.6388306617736816,0.0571882426738739,0.8812299966812134,0.7520806789398193,0.08362294733524323,0.8372584581375122,0.7952061891555786,0.0802927017211914,0.7934647798538208,0.7813431620597839,0.07190032303333282,0.7775195240974426,0.6382090449333191,0.10389547795057297,0.8388868570327759,0.7223092913627625,0.12549646198749542,0.8161267638206482,0.7532059550285339,0.12506017088890076,0.7850691676139832,0.7443670630455017,0.12091509997844696,rock
0.10527455806732178,0.8185344934463501,-4.856028681388125e-07,0.11911526322364807,0.7653629183769226,-0.026327138766646385,0.14137044548988342,0.7162287831306458,-0.04682272672653198,0.17050930857658386,0.6933516263961792,-0.06766119599342346,0.1950264722108841,0.7179061770439148,-0.08247426897287369,0.2320454716682434,0.7147049903869629,-0.013200284913182259,0.261858731508255,0.6829760074615479,-0.05044138431549072,0.2248079627752304,0.6839355826377869,-0.07003211975097656,0.20076178014278412,0.6960245966911316,-0.07830660045146942,0.2421739101409912,0.7500645518302917,-0.013409024104475975,0.25636520981788635,0.7231758832931519,-0.04629434272646904,0.20370179414749146,0.7296472191810608,-0.04974080249667168,0.19197861850261688,0.7419447898864746,-0.0449565052986145,0.24129793047904968,0.7860540151596069,-0.020575745031237602,0.25055137276649475,0.7602699398994446,-0.050118785351514816,0.20131491124629974,0.7609105706214905,-0.039149776101112366,0.18987460434436798,0.7716149091720581,-0.02442067116498947,0.23115383088588715,0.8216679096221924,-0.031002681702375412,0.23283697664737701,0.7948863506317139,-0.04558483883738518,0.20096656680107117,0.7869512438774109,-0.03782590106129646,0.193047896027565,0.7928853034973145,-0.027437450364232063,rock
0.29084479808807373,0.17290842533111572,-3.0979016685250826e-08,0.31075599789619446,0.26012977957725525,-0.005470077507197857,0.3836899995803833,0.3241131901741028,-0.04756862297654152,0.46529120206832886,0.34116053581237793,-0.08163073658943176,0.5327181220054626,0.3434106707572937,-0.1157124787569046,0.35175713896751404,0.31571832299232483,-0.17253100872039795,0.46472805738449097,0.35940930247306824,-0.1961793452501297,0.4684854745864868,0.337507426738739,-0.17182597517967224,0.44333764910697937,0.32331591844558716,-0.15363091230392456,0.36029744148254395,0.25678539276123047,-0.18336474895477295,0.480869323015213,0.3043639659881592,-0.2076275646686554,0.48075154423713684,0.2904147803783417,-0.16541025042533875,0.4537598490715027,0.2837783694267273,-0.14074407517910004,0.38016754388809204,0.2020532786846161,-0.1846214085817337,0.4930450916290283,0.2492438405752182,-0.19069917500019073,0.492074579000473,0.24394401907920837,-0.14321672916412354,0.46848368644714355,0.23377087712287903,-0.12031073868274689,0.4033552408218384,0.15732823312282562,-0.18450523912906647,0.4833470582962036,0.19951428472995758,-0.20081661641597748,0.5041704177856445,0.21518632769584656,-0.19030556082725525,0.5061926245689392,0.2139422595500946,-0.18555016815662384,rock
0.7948170304298401,0.514585018157959,-7.584636136925837e-07,0.6486676931381226,0.5340986847877502,-0.11516670882701874,0.5145764350891113,0.48542821407318115,-0.14336548745632172,0.3996395468711853,0.42574864625930786,-0.13997209072113037,0.31329697370529175,0.37791937589645386,-0.1247517317533493,0.5545262098312378,0.27244532108306885,-0.08022432774305344,0.388817697763443,0.34450989961624146,-0.057012151926755905,0.4091329574584961,0.4263911247253418,-0.04219125583767891,0.4542471766471863,0.4588230848312378,-0.0334148108959198,0.5915650725364685,0.24703994393348694,-0.008289958350360394,0.42828989028930664,0.34906256198883057,0.012256535701453686,0.4608229398727417,0.4250563979148865,0.006942916661500931,0.5115013122558594,0.4591009020805359,-0.0014117266982793808,0.6095070242881775,0.25751617550849915,0.061660170555114746,0.46976035833358765,0.3534839153289795,0.08078045397996902,0.48518896102905273,0.4170123040676117,0.06418020278215408,0.5213339328765869,0.45281362533569336,0.04790070652961731,0.6200636625289917,0.28253066539764404,0.12333299219608307,0.5167307257652283,0.3472866117954254,0.13158529996871948,0.5205639600753784,0.39197838306427,0.12089704722166061,0.5397443771362305,0.42384928464889526,0.11425124853849411,rock
0.5789554119110107,0.7926098704338074,-4.928214138999465e-07,0.5053657293319702,0.6839829683303833,0.033427558839321136,0.4087327718734741,0.6583600044250488,0.04936055839061737,0.34146034717559814,0.6349691152572632,0.04557235911488533,0.28303876519203186,0.619149923324585,0.048309311270713806,0.30664747953414917,0.7756325006484985,0.09514214843511581,0.2903149127960205,0.6647475361824036,0.06183011084794998,0.3561033308506012,0.6673955917358398,0.036804214119911194,0.38261112570762634,0.6975987553596497,0.027176646515727043,0.298500120639801,0.7943036556243896,0.060723450034856796,0.2863178849220276,0.6549089550971985,0.017837852239608765,0.36365145444869995,0.6710168719291687,0.0010323947062715888,0.38894394040107727,0.7153562903404236,0.0031027947552502155,0.2914157509803772,0.8045032024383545,0.018528589978814125,0.2879357933998108,0.6576692461967468,-0.02777235582470894,0.3709479570388794,0.6824214458465576,-0.02349444292485714,0.3939265310764313,0.7319329977035522,-0.0038760299794375896,0.29115355014801025,0.8111058473587036,-0.02183888480067253,0.2939602732658386,0.6804811954498291,-0.041878268122673035,0.34431684017181396,0.6852354407310486,-0.028232503682374954,0.3533601462841034,0.7216895818710327,-0.010669777169823647,rock
0.6588576436042786,0.43877309560775757,-6.532829388561368e-08,0.6179715991020203,0.37726256251335144,-0.04252038151025772,0.5442078709602356,0.3514814078807831,-0.059853777289390564,0.47316989302635193,0.38295698165893555,-0.0753258764743805,0.43700674176216125,0.4412114918231964,-0.08299854397773743,0.4579757750034332,0.34190380573272705,0.0018792577320709825,0.3785404562950134,0.3333226144313812,-0.028533034026622772,0.422766774892807,0.35055777430534363,-0.05430946126580238,0.4622710943222046,0.35820677876472473,-0.06797768175601959,0.4481433033943176,0.39209771156311035,0.007312788162380457,0.3564842641353607,0.38896098732948303,-0.01867155358195305,0.4103788733482361,0.40124619007110596,-0.037329331040382385,0.44411569833755493,0.4005327522754669,-0.045420728623867035,0.45221489667892456,0.43932801485061646,0.0036414754576981068,0.37315183877944946,0.44036322832107544,-0.0205259807407856,0.4183073043823242,0.4364165961742401,-0.03006823919713497,0.458548367023468,0.4356955587863922,-0.03072952665388584,0.4726317226886749,0.48112422227859497,-0.004957288969308138,0.4163217842578888,0.4833362102508545,-0.014621390029788017,0.4391576647758484,0.47052666544914246,-0.016256587579846382,0.47168999910354614,0.463556706905365,-0.015978893265128136,rock
0.09721168875694275,0.355525404214859,-2.2684268685679854e-07,0.038270458579063416,0.3222600817680359,-0.030219238251447678,0.0019373148679733276,0.2577931582927704,-0.03579316660761833,0.014120973646640778,0.1909274458885193,-0.04064133018255234,0.03673066943883896,0.14590984582901,-0.03937293961644173,-0.007966823875904083,0.20295757055282593,0.01932234689593315,-0.011272415518760681,0.14256829023361206,-0.00989287719130516,-0.01251237839460373,0.16234493255615234,-0.02614637278020382,-0.011319711804389954,0.18333983421325684,-0.029678037390112877,0.02968635782599449,0.20166200399398804,0.025686470791697502,0.030679814517498016,0.14509567618370056,-0.006984458304941654,0.025673910975456238,0.1813739389181137,-0.01847873069345951,0.02376442402601242,0.20325641334056854,-0.01417691819369793,0.0641227662563324,0.20798394083976746,0.023418553173542023,0.06068892776966095,0.16085413098335266,-0.015696711838245392,0.053699977695941925,0.206025630235672,-0.017908325418829918,0.05464796721935272,0.2332807332277298,-0.0051526292227208614,0.09836450219154358,0.21933987736701965,0.018903249874711037,0.08388764411211014,0.18491077423095703,-0.007926522754132748,0.07353299111127853,0.21593794226646423,-0.008532100357115269,0.07322224974632263,0.23937994241714478,0.0005731513956561685,rock
0.6304444074630737,0.7307349443435669,-2.595195667254302e-07,0.5590689778327942,0.6252626776695251,0.04777402803301811,0.482236385345459,0.5872819423675537,0.04939324036240578,0.4302208423614502,0.5576090812683105,0.03230540454387665,0.3920270502567291,0.541284441947937,0.021760711446404457,0.3626501262187958,0.6684128642082214,0.0531526654958725,0.35473766922950745,0.5276240706443787,0.019968269392848015,0.420376181602478,0.5416187644004822,-0.0055404468439519405,0.44265270233154297,0.5813612937927246,-0.017565282061696053,0.3626245856285095,0.6788806319236755,0.01110848318785429,0.3612288236618042,0.5119969844818115,-0.0141189806163311,0.42959824204444885,0.5351918339729309,-0.02071806788444519,0.44288286566734314,0.5811446309089661,-0.02154252864420414,0.3753401041030884,0.6728690266609192,-0.032857514917850494,0.39683520793914795,0.5160190463066101,-0.04728839918971062,0.4615022838115692,0.5467603206634521,-0.031248364597558975,0.4671805799007416,0.595333456993103,-0.019612465053796768,0.39905163645744324,0.6564406752586365,-0.07533002644777298,0.4466155171394348,0.5394697189331055,-0.06821956485509872,0.49268579483032227,0.5660647749900818,-0.04522611200809479,0.49101391434669495,0.612592339515686,-0.03130779415369034,rock
0.2407175898551941,0.7350878119468689,-1.264578912696379e-07,0.3612024486064911,0.730377733707428,0.024116020649671555,0.4474244713783264,0.683965802192688,0.06137501820921898,0.49818840622901917,0.6181197762489319,0.08726705610752106,0.47354570031166077,0.5716995596885681,0.11905042827129364,0.32919710874557495,0.5489250421524048,0.14656715095043182,0.43675050139427185,0.5603939294815063,0.1368699073791504,0.4253557026386261,0.6214035153388977,0.11799675971269608,0.379991739988327,0.6482167840003967,0.11298820376396179,0.3133614659309387,0.518950879573822,0.13611888885498047,0.44527044892311096,0.5374254584312439,0.10916430503129959,0.4116041362285614,0.616847038269043,0.07477141171693802,0.3525988757610321,0.63602215051651,0.06789311021566391,0.3122613728046417,0.5070744752883911,0.11638990789651871,0.43944406509399414,0.5349827408790588,0.0762750506401062,0.40258750319480896,0.6172270774841309,0.053061239421367645,0.35348010063171387,0.6292786598205566,0.05739397928118706,0.30863866209983826,0.4928632974624634,0.1004137471318245,0.4091914892196655,0.522649884223938,0.08112432062625885,0.3810272216796875,0.5781762003898621,0.07706999033689499,0.339057981967926,0.5886456966400146,0.08285663276910782,rock
0.45042684674263,0.6146196126937866,-1.043836391545483e-06,0.36618727445602417,0.5047982335090637,0.11773434281349182,0.3410889804363251,0.4121072590351105,0.16062341630458832,0.33514857292175293,0.3340332508087158,0.1675565093755722,0.3581850528717041,0.27746427059173584,0.17226973176002502,0.5221295356750488,0.3377966284751892,0.20934705436229706,0.4138581156730652,0.2975575923919678,0.2245856374502182,0.37565261125564575,0.3607918620109558,0.2066381424665451,0.3981926441192627,0.385983407497406,0.18630674481391907,0.544481635093689,0.33883801102638245,0.13294567167758942,0.39150482416152954,0.305835485458374,0.15820294618606567,0.37357476353645325,0.37826570868492126,0.14069363474845886,0.4178662896156311,0.40685760974884033,0.11976971477270126,0.5371062755584717,0.342016339302063,0.05481937155127525,0.3892543315887451,0.31745442748069763,0.08165400475263596,0.37500834465026855,0.399525910615921,0.07659896463155746,0.4305669665336609,0.43564069271087646,0.05825226008892059,0.5191330909729004,0.3364730179309845,-0.01908867061138153,0.39275166392326355,0.330285906791687,0.0016252133063971996,0.37229496240615845,0.3928011953830719,0.003438475774601102,0.411211758852005,0.42348378896713257,-0.003427675226703286,rock
0.41780737042427063,0.8045607805252075,1.206904531869668e-08,0.614770770072937,0.8369882702827454,0.026292424649000168,0.7646951675415039,0.7679840922355652,0.0013833106495440006,0.8685686588287354,0.7379387617111206,-0.04152076691389084,0.9308091402053833,0.7175575494766235,-0.07362651079893112,0.6905245780944824,0.474215030670166,-0.03364546224474907,0.9245332479476929,0.5422928333282471,-0.10694759339094162,0.8929179310798645,0.6760781407356262,-0.13736030459403992,0.8098075985908508,0.7251377105712891,-0.1451859027147293,0.6481841802597046,0.4467275142669678,-0.08784995973110199,0.9500666260719299,0.5470731258392334,-0.16217175126075745,0.9050542116165161,0.6984392404556274,-0.17085304856300354,0.8166449069976807,0.7414660453796387,-0.16332955658435822,0.6322309374809265,0.48206406831741333,-0.14318323135375977,0.9394583106040955,0.5980599522590637,-0.20533020794391632,0.8785933256149292,0.7355784177780151,-0.16740965843200684,0.7782536745071411,0.7554226517677307,-0.1297893077135086,0.629516065120697,0.5576310157775879,-0.19731386005878448,0.876965343952179,0.684546709060669,-0.23460252583026886,0.8366506099700928,0.7695033550262451,-0.20068053901195526,0.7517227530479431,0.7625008225440979,-0.17110833525657654,rock
0.5393993854522705,0.4822480082511902,-3.14491870767597e-07,0.5617905855178833,0.42459872364997864,-0.05847452953457832,0.5925952792167664,0.3541833162307739,-0.05888915807008743,0.5981405973434448,0.3135707974433899,-0.044994235038757324,0.5997863411903381,0.31808963418006897,-0.022315625101327896,0.6800365447998047,0.40156716108322144,-0.005584744270890951,0.6406611800193787,0.3276319205760956,-0.015450827777385712,0.6085165739059448,0.3469899594783783,-0.02657485567033291,0.6121048927307129,0.3750632107257843,-0.030542666092514992,0.6559610962867737,0.40275079011917114,0.02483837679028511,0.6264959573745728,0.33161211013793945,0.0184943750500679,0.6003177762031555,0.35496237874031067,0.009696857072412968,0.6042724251747131,0.3860829174518585,0.008111007511615753,0.6295680999755859,0.3978276252746582,0.04653491824865341,0.6003044843673706,0.33731788396835327,0.034407276660203934,0.5771952867507935,0.35984787344932556,0.018404584378004074,0.5852527022361755,0.3864184319972992,0.014346501789987087,0.6020988821983337,0.39594489336013794,0.06301888078451157,0.5848532319068909,0.3480461835861206,0.054644130170345306,0.5689504146575928,0.36477798223495483,0.04695863649249077,0.5640645027160645,0.38857516646385193,0.046880174428224564,rock
0.47619056701660156,0.8140293955802917,-2.9083219033054775e-07,0.5464585423469543,0.7601292133331299,-0.0942627415060997,0.6518939733505249,0.7338463068008423,-0.10653257369995117,0.7480537295341492,0.7519630789756775,-0.10080966353416443,0.8132021427154541,0.7861356139183044,-0.07539795339107513,0.6988236308097839,0.6242621541023254,-0.01355898566544056,0.8020850419998169,0.6766226291656494,-0.057379163801670074,0.7356348037719727,0.7115448713302612,-0.06664028018712997,0.6940421462059021,0.7075105309486389,-0.05881620943546295,0.6936053037643433,0.6859933733940125,0.029507091268897057,0.7843032479286194,0.7496036887168884,-0.0284418947994709,0.6954895853996277,0.7761966586112976,-0.038245052099227905,0.667411744594574,0.7571805715560913,-0.021951038390398026,0.6858780980110168,0.7525804042816162,0.05658586695790291,0.747237503528595,0.8036531805992126,-0.014006995595991611,0.6591898798942566,0.8136466145515442,-0.01669212430715561,0.6415976881980896,0.7848658561706543,0.006504880730062723,0.6790592670440674,0.8028277158737183,0.07825511693954468,0.7139080762863159,0.8480015993118286,0.02856624685227871,0.6523670554161072,0.845018744468689,0.022024059668183327,0.6306203007698059,0.8158249855041504,0.033307015895843506,rock
0.11455667018890381,0.8666127920150757,5.429359006825507e-08,0.21834447979927063,0.902082622051239,-0.12300413846969604,0.3324240446090698,0.8551421165466309,-0.14399783313274384,0.4191259741783142,0.8068660497665405,-0.1284230500459671,0.4491004943847656,0.7484048008918762,-0.09117721766233444,0.2793913185596466,0.6616257429122925,-0.11991821229457855,0.42157918214797974,0.7209668755531311,-0.14888736605644226,0.3610360026359558,0.7828680872917175,-0.14130954444408417,0.29364606738090515,0.7922748327255249,-0.12367117404937744,0.26216262578964233,0.6387717127799988,-0.05042415112257004,0.413555383682251,0.7108377814292908,-0.08591189235448837,0.3510883152484894,0.7770583629608154,-0.08388148248195648,0.2906968593597412,0.777924656867981,-0.0693906843662262,0.25769954919815063,0.6371676921844482,0.010793023742735386,0.38798677921295166,0.7091477513313293,-0.025052260607481003,0.3258533775806427,0.7726876735687256,-0.021076565608382225,0.2832143306732178,0.760486900806427,-0.005337547045201063,0.25178012251853943,0.6320638656616211,0.06479848176240921,0.349355012178421,0.6878081560134888,0.04441889375448227,0.30966782569885254,0.7318925857543945,0.04410812258720398,0.2757630944252014,0.7219275832176208,0.050361379981040955,rock
0.2704659402370453,0.7304990291595459,3.5201878745283466e-07,0.3571830689907074,0.7754061222076416,-0.1629159301519394,0.42583826184272766,0.7538487911224365,-0.25698235630989075,0.49581071734428406,0.6903417110443115,-0.30794617533683777,0.5372772216796875,0.6006777882575989,-0.3397892713546753,0.3380548655986786,0.5801802277565002,-0.2971254587173462,0.5146300792694092,0.6013618111610413,-0.3487658202648163,0.46982768177986145,0.6698949337005615,-0.32979869842529297,0.4120391011238098,0.6811467409133911,-0.310148149728775,0.32981160283088684,0.531215488910675,-0.22901754081249237,0.5127904415130615,0.5725691318511963,-0.28201767802238464,0.47652217745780945,0.6324828267097473,-0.2543811798095703,0.42092806100845337,0.6338111162185669,-0.23424303531646729,0.33954060077667236,0.5031968951225281,-0.16345515847206116,0.5036611557006836,0.5541670322418213,-0.19811497628688812,0.46241509914398193,0.6045020818710327,-0.16529317200183868,0.41241347789764404,0.6028066873550415,-0.14748072624206543,0.3614291846752167,0.48263096809387207,-0.1092972457408905,0.4763755202293396,0.5327401757240295,-0.13496381044387817,0.4436090290546417,0.5752604603767395,-0.13027340173721313,0.3987433612346649,0.5755059719085693,-0.13047310709953308,rock
0.6378180980682373,0.8261749744415283,5.86055477924674e-07,0.6907142996788025,0.7468001842498779,-0.02150169014930725,0.6823276877403259,0.6313886046409607,-0.024182330816984177,0.6109635233879089,0.5659044981002808,-0.029714126139879227,0.5416038036346436,0.543641984462738,-0.03290800377726555,0.6311684250831604,0.5707828998565674,0.005752198863774538,0.6363382935523987,0.4771047830581665,-0.006483933888375759,0.6424064040184021,0.4220219850540161,-0.01451623160392046,0.6431534886360168,0.37621021270751953,-0.021978506818413734,0.5811534523963928,0.5787383913993835,-0.004563237074762583,0.5535273551940918,0.4628087282180786,-0.028078436851501465,0.5458900928497314,0.3911622166633606,-0.04755854606628418,0.5286208987236023,0.3365681767463684,-0.05814515799283981,0.5419806241989136,0.609845757484436,-0.019283102825284004,0.5342118740081787,0.5266882181167603,-0.06758543848991394,0.5900632739067078,0.5630691647529602,-0.0857095867395401,0.6228998303413391,0.5984084606170654,-0.0834912583231926,0.5152972936630249,0.652783989906311,-0.034723248332738876,0.5374376773834229,0.5985167026519775,-0.07800827920436859,0.5933136940002441,0.6146062612533569,-0.09122200310230255,0.6321257948875427,0.6356121897697449,-0.09214052557945251,rock
0.7245827913284302,0.92279052734375,8.2310343429981e-08,0.8495743274688721,0.7003954648971558,-0.06414471566677094,0.8242220282554626,0.4761964678764343,-0.11437833309173584,0.7398170828819275,0.3286048173904419,-0.16797073185443878,0.6069042682647705,0.31669530272483826,-0.20302188396453857,0.6100451350212097,0.4222862720489502,-0.0634978786110878,0.5746607780456543,0.29411327838897705,-0.1668773740530014,0.6471244096755981,0.38156449794769287,-0.20613206923007965,0.6811081171035767,0.44989916682243347,-0.21884050965309143,0.5326562523841858,0.5001556277275085,-0.08618127554655075,0.5546022653579712,0.428419828414917,-0.2048390507698059,0.651823878288269,0.5513973832130432,-0.22356252372264862,0.6676880717277527,0.5815070867538452,-0.21620339155197144,0.47747600078582764,0.5905340313911438,-0.12411847710609436,0.5287079215049744,0.5390115976333618,-0.24543578922748566,0.6343211531639099,0.6462273597717285,-0.23115579783916473,0.6427922248840332,0.6697807908058167,-0.1967470943927765,0.4378896951675415,0.6857650279998779,-0.16844433546066284,0.5169205665588379,0.663502037525177,-0.24369125068187714,0.5899065136909485,0.7183512449264526,-0.2345731109380722,0.5810421705245972,0.7320021986961365,-0.21337181329727173,rock
0.8385924100875854,0.7248789072036743,-8.617087132734014e-07,0.7101531028747559,0.7895684242248535,0.023783035576343536,0.6123834252357483,0.7806344032287598,0.048663005232810974,0.5398175716400146,0.735848069190979,0.07671935111284256,0.5023964643478394,0.7005302906036377,0.10795146226882935,0.5696842074394226,0.6697556376457214,0.029649514704942703,0.4910949766635895,0.6687525510787964,0.09735465794801712,0.5216933488845825,0.7011682987213135,0.1522839367389679,0.555527925491333,0.7139533162117004,0.1838241070508957,0.6048134565353394,0.6041193008422852,0.043332088738679886,0.522524893283844,0.6239023208618164,0.10999009758234024,0.5454437136650085,0.663632869720459,0.14903071522712708,0.5739355683326721,0.6779513955116272,0.16659066081047058,0.6418759822845459,0.5658411383628845,0.06602849066257477,0.5701063871383667,0.5936751961708069,0.12900245189666748,0.5863302946090698,0.628778338432312,0.15689371526241302,0.6182316541671753,0.6469569802284241,0.162742018699646,0.6838775873184204,0.5451046824455261,0.09122893959283829,0.6284424066543579,0.5680900812149048,0.1453528255224228,0.6364282965660095,0.5999217629432678,0.17544765770435333,0.6605083346366882,0.6227391958236694,0.19098475575447083,rock
0.4522172510623932,0.7096160054206848,4.892637548437051e-07,0.45662590861320496,0.6587878465652466,-0.09098372608423233,0.4987429976463318,0.6022498607635498,-0.12147799879312515,0.5653339624404907,0.5639767050743103,-0.1382574439048767,0.6309387683868408,0.5378731489181519,-0.14864905178546906,0.5716226100921631,0.5478199124336243,-0.039574034512043,0.6545644402503967,0.5457108616828918,-0.07530485838651657,0.6666440963745117,0.586904764175415,-0.10579469054937363,0.650443434715271,0.6268023252487183,-0.11952752619981766,0.5868447422981262,0.5844431519508362,-0.00015386691666208208,0.6626651287078857,0.6037295460700989,-0.04410776123404503,0.654064953327179,0.6596137285232544,-0.08506384491920471,0.6216620206832886,0.696190595626831,-0.10375788807868958,0.5960521101951599,0.6198915839195251,0.029506651684641838,0.6573637127876282,0.646510899066925,-0.02241991087794304,0.6361133456230164,0.6920445561408997,-0.05843689292669296,0.5929479002952576,0.7211175560951233,-0.06792360544204712,0.5967682003974915,0.6456096768379211,0.05409893020987511,0.6481748819351196,0.6604421734809875,0.011671843938529491,0.6375217437744141,0.6934955716133118,-0.011571074835956097,0.6008970737457275,0.7176271677017212,-0.017547952011227608,rock
0.2920827865600586,0.19601774215698242,-6.323256229734397e-07,0.3551459312438965,0.28628113865852356,0.06704843789339066,0.4291195273399353,0.3259907364845276,0.08181437849998474,0.49404823780059814,0.3118842542171478,0.081302210688591,0.5348339080810547,0.27380436658859253,0.07510127127170563,0.4978055953979492,0.3783632516860962,0.03872585669159889,0.5809642672538757,0.3483879566192627,0.06018729507923126,0.5597897171974182,0.3101281523704529,0.07446344196796417,0.5314590334892273,0.3020569682121277,0.08052298426628113,0.5172922611236572,0.33152174949645996,0.0020678862929344177,0.578685462474823,0.2707074284553528,0.0351732037961483,0.5420756936073303,0.24437087774276733,0.05104200169444084,0.5078868269920349,0.24911876022815704,0.05131518840789795,0.5225796699523926,0.2683889865875244,-0.02597060427069664,0.5656870603561401,0.2163870632648468,0.010715311393141747,0.5260575413703918,0.20224803686141968,0.022728776559233665,0.4940478503704071,0.21348710358142853,0.016057627275586128,0.523352861404419,0.2043161541223526,-0.049267008900642395,0.549257755279541,0.17718449234962463,-0.02002255991101265,0.5127936005592346,0.1674032062292099,-0.0016631485195830464,0.48221445083618164,0.17352977395057678,0.005261043552309275,rock
0.4406660199165344,0.5691001415252686,-4.246930700446683e-07,0.4576680064201355,0.48680493235588074,-0.017729630693793297,0.4918469190597534,0.41051778197288513,-0.039857782423496246,0.5571166276931763,0.3839211165904999,-0.07128126174211502,0.6280961036682129,0.381112277507782,-0.09790808707475662,0.6072859764099121,0.417705237865448,0.015332544222474098,0.710481584072113,0.41116052865982056,-0.033332910388708115,0.6876275539398193,0.48137199878692627,-0.07101191580295563,0.6406283378601074,0.5348480939865112,-0.08817652612924576,0.6234854459762573,0.4455755949020386,-0.000703641795553267,0.7031513452529907,0.4752332270145416,-0.06265787780284882,0.6445745825767517,0.5493760704994202,-0.10259990394115448,0.5781151056289673,0.588128924369812,-0.11711426079273224,0.6376023888587952,0.4601764380931854,-0.02427360974252224,0.7235448360443115,0.48883193731307983,-0.08835191279649734,0.6478998064994812,0.5489821434020996,-0.10339438915252686,0.570401132106781,0.5745812058448792,-0.0955687016248703,0.6380782723426819,0.46584755182266235,-0.04925680533051491,0.7127441763877869,0.49046590924263,-0.09875279664993286,0.6612089276313782,0.5421831607818604,-0.10116785019636154,0.5912690162658691,0.5654926300048828,-0.08965068310499191,rock
0.4569736123085022,0.7922196388244629,-1.0957570566461072e-06,0.3756108283996582,0.635765016078949,-0.013268320821225643,0.35257917642593384,0.49122968316078186,-0.02820405177772045,0.36316215991973877,0.3899341821670532,-0.05181058123707771,0.41478365659713745,0.3317122459411621,-0.05971531942486763,0.570162296295166,0.45808592438697815,0.05522008612751961,0.45378559827804565,0.36094874143600464,-0.0080508291721344,0.4188023805618286,0.4510326385498047,-0.05200139060616493,0.45467281341552734,0.49044370651245117,-0.07717394828796387,0.5991634130477905,0.46953678131103516,0.03351987525820732,0.4604252576828003,0.3645491302013397,-0.035863105207681656,0.42780160903930664,0.47244638204574585,-0.054365888237953186,0.4840821623802185,0.5072224140167236,-0.053364723920822144,0.6165938973426819,0.4759145975112915,-0.0021534787956625223,0.4758990406990051,0.3916188180446625,-0.061138298362493515,0.4394755959510803,0.49245208501815796,-0.044999487698078156,0.4932662546634674,0.5282463431358337,-0.021922456100583076,0.6201596260070801,0.480733186006546,-0.043425172567367554,0.49368059635162354,0.4274615943431854,-0.07738324999809265,0.46472710371017456,0.5019034743309021,-0.0678294450044632,0.5089164972305298,0.5375060439109802,-0.05046047270298004,rock
0.31905412673950195,0.7936846017837524,5.498766242340025e-08,0.4036758840084076,0.7588105797767639,0.0077374824322760105,0.45561501383781433,0.690449595451355,0.0064646960236132145,0.48828113079071045,0.6358151435852051,-0.0031402516178786755,0.4693005084991455,0.5961093902587891,-0.009793265722692013,0.407451868057251,0.6010286808013916,0.013537567108869553,0.4342615008354187,0.5128154754638672,-0.00549683440476656,0.46792227029800415,0.5553820729255676,-0.01448312122374773,0.46874141693115234,0.5973882079124451,-0.01663023978471756,0.38081490993499756,0.5954740047454834,-0.007439599838107824,0.42184269428253174,0.5021337270736694,-0.029660604894161224,0.4536300301551819,0.5655301809310913,-0.03744076192378998,0.4467320144176483,0.6086902022361755,-0.03723505139350891,0.3526858389377594,0.5941907167434692,-0.030880050733685493,0.3989965319633484,0.5168477296829224,-0.05496256425976753,0.43226712942123413,0.5829039216041565,-0.05360265076160431,0.42296189069747925,0.6287862062454224,-0.045787129551172256,0.3226665258407593,0.6019706726074219,-0.05446985363960266,0.3778839707374573,0.5467922687530518,-0.07663195580244064,0.40786173939704895,0.5930699110031128,-0.07472408562898636,0.3990303575992584,0.6331661939620972,-0.06845813244581223,rock
0.4603988230228424,0.759809136390686,6.237745253656612e-08,0.4216543138027191,0.6468321681022644,-0.044444091618061066,0.3307381868362427,0.5700030326843262,-0.06023279204964638,0.22216901183128357,0.5650809407234192,-0.07407595962285995,0.15502884984016418,0.6018434762954712,-0.0779949426651001,0.2708241045475006,0.5748093128204346,0.009602885693311691,0.1909121572971344,0.5682016611099243,-0.03278158977627754,0.199387788772583,0.5966329574584961,-0.055919449776411057,0.18769125640392303,0.609339714050293,-0.06637614220380783,0.2502267360687256,0.6421640515327454,0.011263742111623287,0.17644332349300385,0.646141767501831,-0.026495780795812607,0.26404520869255066,0.6734534502029419,-0.03010214865207672,0.29581180214881897,0.6541385650634766,-0.02393195778131485,0.24794256687164307,0.7068971395492554,0.0006047648494131863,0.17747589945793152,0.7082028388977051,-0.04884607717394829,0.26706594228744507,0.7225675582885742,-0.03639267757534981,0.2987726032733917,0.7071042060852051,-0.01536078006029129,0.25684747099876404,0.7717899084091187,-0.014797679148614407,0.20334118604660034,0.76700359582901,-0.04461408779025078,0.2588902413845062,0.7717009782791138,-0.032854851335287094,0.2856941521167755,0.7667697668075562,-0.01722079887986183,rock
0.7469676733016968,0.9388922452926636,-5.882658911104954e-07,0.7211151123046875,0.9234330654144287,0.13458678126335144,0.6921395659446716,0.9016247391700745,0.20641915500164032,0.6739149689674377,0.8621194362640381,0.25078731775283813,0.6623139977455139,0.8272947669029236,0.2897075414657593,0.593675971031189,0.8796979188919067,0.21129411458969116,0.6058398485183716,0.8579766750335693,0.28773006796836853,0.6446898579597473,0.8599585890769958,0.3137814998626709,0.6651626229286194,0.8642561435699463,0.3260994851589203,0.5911331176757812,0.846135139465332,0.16642676293849945,0.6240648627281189,0.8252748250961304,0.2519766688346863,0.6700839996337891,0.844096302986145,0.25552621483802795,0.6870101094245911,0.8608832955360413,0.24555940926074982,0.6034072041511536,0.8144204020500183,0.1306467354297638,0.6281548738479614,0.7984457015991211,0.20894987881183624,0.6710562109947205,0.8200936317443848,0.2021583467721939,0.6964215636253357,0.8401390910148621,0.18051020801067352,0.6226196885108948,0.7787477374076843,0.10497747361660004,0.6503714919090271,0.7648209929466248,0.17082323133945465,0.6845553517341614,0.7780209183692932,0.18888039886951447,0.7026744484901428,0.7917874455451965,0.19063790142536163,rock
0.48586583137512207,0.7654746174812317,-1.1458542985565146e-06,0.403168648481369,0.6221326589584351,-0.049105431884527206,0.3852479159832001,0.45539143681526184,-0.06787850707769394,0.436472624540329,0.3294144570827484,-0.08896321803331375,0.5364812612533569,0.3038051128387451,-0.09131262451410294,0.5145595073699951,0.4017341732978821,0.033492568880319595,0.49496889114379883,0.3111216127872467,-0.029520399868488312,0.4554624557495117,0.3992639183998108,-0.05030134692788124,0.4859886169433594,0.4225981831550598,-0.055033739656209946,0.5751970410346985,0.4382575750350952,0.033841077238321304,0.5530893802642822,0.36117205023765564,-0.045036640018224716,0.49440085887908936,0.48310789465904236,-0.043723784387111664,0.5381371974945068,0.4930061399936676,-0.017347482964396477,0.6337071657180786,0.4832841455936432,0.0153966611251235,0.6007391810417175,0.4182250499725342,-0.06334172934293747,0.5375197529792786,0.5220428705215454,-0.035402748733758926,0.5798752903938293,0.5324561595916748,0.009497120045125484,0.6934731006622314,0.5380075573921204,-0.008569103665649891,0.6589952111244202,0.4678771197795868,-0.03842846304178238,0.6048867106437683,0.5277121663093567,-0.012988467700779438,0.6270889043807983,0.548844039440155,0.019097110256552696,rock
0.21990151703357697,0.5809600353240967,-1.7128353135831276e-07,0.2743135690689087,0.6574769616127014,-0.09821189194917679,0.36614978313446045,0.6965799927711487,-0.13689309358596802,0.4527105391025543,0.7059130072593689,-0.14473164081573486,0.5132012367248535,0.6818011403083801,-0.1377633810043335,0.4122083783149719,0.5437774658203125,-0.16185668110847473,0.49765434861183167,0.6582211256027222,-0.1780533790588379,0.4275440573692322,0.671098530292511,-0.15913105010986328,0.3783089220523834,0.6395670771598816,-0.14239883422851562,0.4201183617115021,0.5040848255157471,-0.10944702476263046,0.4885103404521942,0.6292980909347534,-0.12549079954624176,0.42285481095314026,0.643317699432373,-0.10578992962837219,0.38217246532440186,0.6135684847831726,-0.09271878749132156,0.4226359724998474,0.48850172758102417,-0.05774812027812004,0.47845205664634705,0.6054299473762512,-0.0651165172457695,0.41647911071777344,0.6197859048843384,-0.04661145433783531,0.3826711177825928,0.5941246747970581,-0.03790626674890518,0.4210762679576874,0.48333120346069336,-0.012477169744670391,0.4533928632736206,0.5760495066642761,-0.01772219128906727,0.40915751457214355,0.5869718790054321,-0.01468884851783514,0.3841126561164856,0.5644823312759399,-0.015007398091256618,rock
0.7745417356491089,0.7868301272392273,-4.642626283413165e-09,0.7899779081344604,0.6165770292282104,-0.018838433548808098,0.7331714630126953,0.4855700433254242,-0.027833841741085052,0.6489976048469543,0.41092649102211,-0.04408598691225052,0.5590450763702393,0.40281999111175537,-0.05537626892328262,0.6212937831878662,0.48010924458503723,0.03994189575314522,0.5523765683174133,0.4113718271255493,0.01347621250897646,0.5803602337837219,0.41434091329574585,-0.005190868396311998,0.584638237953186,0.42959272861480713,-0.015694962814450264,0.5758488178253174,0.5378620028495789,0.026451019570231438,0.5255458354949951,0.4624597132205963,-0.007661969866603613,0.6076557040214539,0.5213311910629272,-0.02239879220724106,0.6230864524841309,0.5473185181617737,-0.022925760596990585,0.5456305742263794,0.6069673895835876,0.005012894049286842,0.5051144361495972,0.5386067032814026,-0.04220147803425789,0.5945144891738892,0.5899811387062073,-0.0348212793469429,0.6010055541992188,0.6195732355117798,-0.016415730118751526,0.5186074376106262,0.6886327266693115,-0.01803073287010193,0.5046428442001343,0.6194688081741333,-0.046681638807058334,0.5629628896713257,0.6440525054931641,-0.02913917973637581,0.5619997978210449,0.6746015548706055,-0.009082912467420101,rock
0.5640018582344055,0.35834169387817383,1.147965562608988e-07,0.5415750741958618,0.24426449835300446,-0.02925155498087406,0.4651219844818115,0.17354293167591095,-0.02751799114048481,0.3821149468421936,0.18537285923957825,-0.026332896202802658,0.3462856113910675,0.2493675947189331,-0.021974695846438408,0.39620792865753174,0.17162054777145386,0.025547266006469727,0.313344806432724,0.13396039605140686,0.0018461779691278934,0.271443247795105,0.14647656679153442,-0.016819268465042114,0.2757720947265625,0.17874577641487122,-0.02363860420882702,0.36482810974121094,0.22920769453048706,0.02965380810201168,0.2726394534111023,0.20978637039661407,0.004716126713901758,0.2676806151866913,0.22268176078796387,-0.014071878977119923,0.3089006245136261,0.24974696338176727,-0.018093563616275787,0.3575459122657776,0.28427764773368835,0.02464582398533821,0.27511775493621826,0.27034905552864075,-0.009309984743595123,0.28378915786743164,0.2705787122249603,-0.029209645465016365,0.3298504948616028,0.28940901160240173,-0.02969340607523918,0.36289262771606445,0.33870750665664673,0.016332268714904785,0.2862917184829712,0.3219517767429352,-0.014287343248724937,0.27460065484046936,0.31211358308792114,-0.03087623231112957,0.2998366951942444,0.3126179277896881,-0.03421445190906525,rock
0.35340607166290283,0.8709337115287781,8.806824070006769e-08,0.30534952878952026,0.8041194081306458,-0.027590017765760422,0.3126998841762543,0.6939700245857239,-0.03391757607460022,0.3648095428943634,0.622456431388855,-0.04535970091819763,0.426734983921051,0.6156035661697388,-0.05363449454307556,0.3637053668498993,0.6551984548568726,0.037318792194128036,0.3732982575893402,0.5789260268211365,0.033477526158094406,0.37272360920906067,0.5303139686584473,0.03095298260450363,0.380530446767807,0.49311429262161255,0.028105715289711952,0.40919166803359985,0.6623153686523438,0.03586577624082565,0.4448956251144409,0.573917806148529,0.031903259456157684,0.4575420022010803,0.5176879167556763,0.029520519077777863,0.4696759283542633,0.47902312874794006,0.02961904928088188,0.4435189664363861,0.6851270794868469,0.024274108931422234,0.4765434265136719,0.6105192303657532,-0.003477593418210745,0.4371199607849121,0.6130132675170898,-0.020933562889695168,0.4013262093067169,0.6368380188941956,-0.02289125882089138,0.47902044653892517,0.7136885523796082,0.00954766571521759,0.4847787022590637,0.643221378326416,-0.01649891771376133,0.4564985930919647,0.6293684244155884,-0.03322320058941841,0.4281522333621979,0.6405940651893616,-0.040406372398138046,rock
0.22515220940113068,0.5516813397407532,6.989107532717753e-07,0.3657228946685791,0.6188050508499146,-0.17505265772342682,0.48448821902275085,0.5834639072418213,-0.2845631241798401,0.5998436212539673,0.503709614276886,-0.34413376450538635,0.647358775138855,0.3791276812553406,-0.3860902786254883,0.4348446726799011,0.37054526805877686,-0.3226166069507599,0.6181392669677734,0.4049049913883209,-0.3565574586391449,0.5575355291366577,0.4907141923904419,-0.3193109333515167,0.4881332218647003,0.5087108612060547,-0.2832438349723816,0.4060485363006592,0.3106107711791992,-0.23303164541721344,0.5980646014213562,0.36514759063720703,-0.25985828042030334,0.5399580597877502,0.4452992379665375,-0.21746663749217987,0.47720465064048767,0.4460602402687073,-0.18711093068122864,0.39421066641807556,0.282065749168396,-0.14136247336864471,0.5612152814865112,0.3484068512916565,-0.14560559391975403,0.5077650547027588,0.41434457898139954,-0.1088273823261261,0.45193010568618774,0.41502755880355835,-0.09319259971380234,0.40034404397010803,0.25993216037750244,-0.060519732534885406,0.5095162987709045,0.3352976143360138,-0.058818042278289795,0.4719756543636322,0.3816509246826172,-0.05044914782047272,0.4242631196975708,0.37794002890586853,-0.05155995860695839,rock
0.5670217871665955,0.5724183320999146,-1.8424007919293217e-07,0.5677326321601868,0.476310670375824,-0.02676054649055004,0.5371506214141846,0.3972347378730774,-0.02394845150411129,0.4691236913204193,0.3558666706085205,-0.020122351124882698,0.41904914379119873,0.3795855939388275,-0.00600729463621974,0.5070176124572754,0.3925227224826813,0.04684596136212349,0.4577966630458832,0.3555690348148346,0.013934345915913582,0.47238674759864807,0.3873974084854126,-0.009540059603750706,0.49015817046165466,0.4051625728607178,-0.01853526569902897,0.4809739589691162,0.43585890531539917,0.05024917423725128,0.4257749915122986,0.4006825387477875,0.005285643041133881,0.4743330478668213,0.44745519757270813,-0.019280755892395973,0.502886176109314,0.457023948431015,-0.02072608470916748,0.45923912525177,0.4742465317249298,0.04396961256861687,0.4045827388763428,0.44850826263427734,-0.0073812552727758884,0.46265116333961487,0.4886060953140259,-0.01699242554605007,0.4953285753726959,0.4950290620326996,-0.005079754162579775,0.43791666626930237,0.5117802023887634,0.03592618182301521,0.402404248714447,0.49215832352638245,0.003640088951215148,0.44351333379745483,0.5176315307617188,0.0013685078592970967,0.47570282220840454,0.5241304039955139,0.010979468934237957,rock
0.43336066603660583,0.49734750390052795,-1.0848129932128359e-06,0.5311964750289917,0.3916439116001129,-0.16798081994056702,0.5771653652191162,0.34487274289131165,-0.27956897020339966,0.4820786416530609,0.33850985765457153,-0.35990533232688904,0.38848137855529785,0.4030226469039917,-0.42189300060272217,0.6647313833236694,0.6610025763511658,-0.26955294609069824,0.5910553336143494,0.4930711090564728,-0.3553556203842163,0.575606644153595,0.44168320298194885,-0.3862525522708893,0.5797228217124939,0.4715006947517395,-0.4148307740688324,0.5518794059753418,0.742236316204071,-0.23121674358844757,0.45706719160079956,0.5270204544067383,-0.3110647201538086,0.4754771590232849,0.4484226107597351,-0.31808796525001526,0.5052708983421326,0.4741067588329315,-0.3340633809566498,0.4426420331001282,0.7635911703109741,-0.1997307538986206,0.34958773851394653,0.5495696067810059,-0.2775493562221527,0.38833537697792053,0.46982765197753906,-0.2585809528827667,0.4377216696739197,0.4956091344356537,-0.25268352031707764,0.35110992193222046,0.7436625957489014,-0.18391531705856323,0.2832261323928833,0.5672261118888855,-0.2522602081298828,0.31761032342910767,0.49462729692459106,-0.25992700457572937,0.3656167984008789,0.5096027851104736,-0.2659638524055481,rock
0.3788384199142456,0.7920500636100769,-1.443974753101429e-07,0.38715142011642456,0.7591044902801514,-0.11811792850494385,0.41295281052589417,0.6686080098152161,-0.15236692130565643,0.4547369182109833,0.5761895775794983,-0.16248345375061035,0.49757686257362366,0.5093078017234802,-0.15665122866630554,0.45824992656707764,0.5776435732841492,-0.07215270400047302,0.5534696578979492,0.5506049394607544,-0.11040498316287994,0.5294333100318909,0.6154918670654297,-0.11922656744718552,0.4941082000732422,0.6590225696563721,-0.11253120005130768,0.4584081470966339,0.5725744962692261,-0.013514749705791473,0.5442408919334412,0.5671066641807556,-0.06044059246778488,0.5160032510757446,0.6475367546081543,-0.06734009087085724,0.4893035590648651,0.6872901916503906,-0.05432692542672157,0.4545232653617859,0.5753587484359741,0.03193309158086777,0.5192170739173889,0.5824968218803406,-0.023274200037121773,0.49283909797668457,0.6563767194747925,-0.029259007424116135,0.4714863896369934,0.6924542188644409,-0.012161295861005783,0.445843368768692,0.5785011053085327,0.07014268636703491,0.4945603609085083,0.5807906985282898,0.02936258353292942,0.4825765788555145,0.6312909722328186,0.019873494282364845,0.472234845161438,0.6602961421012878,0.02794891968369484,rock
0.8677554726600647,0.3496507406234741,-3.7502687177948246e-07,0.8050457239151001,0.3698555827140808,-0.05424113571643829,0.7335240244865417,0.36923661828041077,-0.06756598502397537,0.6700291037559509,0.3821137845516205,-0.06856811791658401,0.6238024234771729,0.3911433517932892,-0.06464719772338867,0.7106303572654724,0.2612665891647339,-0.031161168590188026,0.630010187625885,0.3022750914096832,-0.042210135608911514,0.6455987095832825,0.3448069989681244,-0.05069597437977791,0.6725898385047913,0.3616145849227905,-0.05252926051616669,0.710359513759613,0.26194050908088684,-7.690185884712264e-05,0.6270556449890137,0.3011491596698761,-0.011291745118796825,0.6465187072753906,0.3429695963859558,-0.019873645156621933,0.6732861399650574,0.35934561491012573,-0.021756725385785103,0.7134957909584045,0.2712945342063904,0.02652297541499138,0.6420689225196838,0.3089013993740082,0.012722929008305073,0.6576293110847473,0.3477621376514435,0.0007284420426003635,0.6826123595237732,0.36154448986053467,-0.00196743942797184,0.7199735045433044,0.2828671932220459,0.04983213171362877,0.6623636484146118,0.3109002113342285,0.03790167346596718,0.6678755283355713,0.34011101722717285,0.029994836077094078,0.6874598860740662,0.3541561961174011,0.029432179406285286,rock
0.37399327754974365,0.5772808194160461,-1.063733066075656e-06,0.4723948836326599,0.4762180745601654,0.0590982660651207,0.5351348519325256,0.42914754152297974,0.05730954557657242,0.585787296295166,0.39456993341445923,0.03385940194129944,0.619593620300293,0.38719087839126587,0.009902468882501125,0.6592684388160706,0.5546164512634277,0.05335681885480881,0.7044557929039001,0.4394266605377197,0.028511296957731247,0.6306494474411011,0.4144103229045868,0.0031802651938050985,0.5945724248886108,0.4355492889881134,-0.017725413665175438,0.6482498645782471,0.5712921619415283,-0.0009153495775535703,0.6947299242019653,0.41964223980903625,-0.020239613950252533,0.6208575367927551,0.40378338098526,-0.022873777896165848,0.5827096104621887,0.44115597009658813,-0.029216056689620018,0.6218841075897217,0.5624253153800964,-0.055301737040281296,0.6684935688972473,0.42389872670173645,-0.06467387080192566,0.5975722074508667,0.4123440980911255,-0.040337398648262024,0.5600048303604126,0.4493170380592346,-0.031467653810977936,0.590138852596283,0.5410418510437012,-0.1084914579987526,0.6142980456352234,0.4280542731285095,-0.10857172310352325,0.5664569139480591,0.4227715730667114,-0.08971261978149414,0.5352268815040588,0.45638298988342285,-0.08031509071588516,rock
0.3114489018917084,0.6481479406356812,-8.011439263100328e-07,0.3202109932899475,0.5425838232040405,-0.0807734802365303,0.36720407009124756,0.4242265820503235,-0.10712283104658127,0.46924877166748047,0.36126166582107544,-0.12426664680242538,0.5645008683204651,0.37277114391326904,-0.12007492780685425,0.41731858253479004,0.3390294909477234,-0.011359618045389652,0.4986638128757477,0.2737594246864319,-0.08319757878780365,0.4461030960083008,0.3494682312011719,-0.10385196655988693,0.4294714331626892,0.3789953589439392,-0.10136567801237106,0.4572574198246002,0.40058887004852295,0.010803189128637314,0.5383287668228149,0.37933558225631714,-0.06617725640535355,0.4487759470939636,0.4558747708797455,-0.07190397381782532,0.4490312337875366,0.4378229081630707,-0.05188961327075958,0.49434512853622437,0.4682745933532715,0.01450731884688139,0.5453147292137146,0.46331655979156494,-0.07270428538322449,0.45461505651474,0.5201451182365417,-0.061611562967300415,0.45416831970214844,0.49645864963531494,-0.027719741687178612,0.525940477848053,0.5296768546104431,0.01261512003839016,0.5562001466751099,0.5236597657203674,-0.03332660347223282,0.4929001033306122,0.5584139227867126,-0.022008702158927917,0.4756558835506439,0.5491958856582642,0.0015965370694175363,rock
0.6893497705459595,0.6749905943870544,-3.504360961414932e-07,0.6101128458976746,0.6756433248519897,-0.08065798133611679,0.5267454385757446,0.6476094722747803,-0.08581148833036423,0.4614482522010803,0.6332339644432068,-0.06511115282773972,0.42689409852027893,0.6187664866447449,-0.03181993588805199,0.5432724952697754,0.5052772164344788,-0.03682246431708336,0.4463537335395813,0.5577665567398071,-0.02858649753034115,0.4737870395183563,0.6020103096961975,-0.025260742753744125,0.5063937902450562,0.598933219909668,-0.020702403038740158,0.5565381050109863,0.51005619764328,0.017871608957648277,0.4567810893058777,0.5608685612678528,0.031556855887174606,0.487840861082077,0.6048154234886169,0.02878187783062458,0.5198773145675659,0.6072350144386292,0.02646980620920658,0.5590117573738098,0.5242581367492676,0.06724678725004196,0.47826850414276123,0.570631206035614,0.0800347775220871,0.50129234790802,0.6067333221435547,0.06582016497850418,0.5301179885864258,0.6028183102607727,0.055269964039325714,0.5601344704627991,0.5407006144523621,0.11044933646917343,0.5065793395042419,0.5714873671531677,0.1203053891658783,0.5238571763038635,0.5915846824645996,0.11206961423158646,0.546233057975769,0.591787576675415,0.10787707567214966,rock
0.04546715319156647,0.6104050874710083,-4.1937917671930336e-07,0.026783831417560577,0.558149516582489,-0.07060406357049942,0.03395901620388031,0.5172344446182251,-0.10872530192136765,0.08206923305988312,0.5256991982460022,-0.1411256194114685,0.1446303427219391,0.5598966479301453,-0.16492225229740143,0.04794839024543762,0.5231913924217224,-0.060234714299440384,0.051423579454422,0.5356494188308716,-0.12998348474502563,0.028664857149124146,0.5594356656074524,-0.16369789838790894,0.04510365426540375,0.5532510280609131,-0.17893673479557037,0.09918739646673203,0.5822529792785645,-0.05098827928304672,0.10010982304811478,0.6161624789237976,-0.12529727816581726,0.05103427916765213,0.6361806392669678,-0.1392526924610138,0.06632030755281448,0.6045668721199036,-0.13632366061210632,0.14354825019836426,0.6367734670639038,-0.05362974479794502,0.148895725607872,0.672239363193512,-0.1250249147415161,0.08303339779376984,0.6879914999008179,-0.11437225341796875,0.07264765352010727,0.6635271906852722,-0.09168679267168045,0.17967411875724792,0.6807909607887268,-0.06368498504161835,0.17223548889160156,0.7183489203453064,-0.10319387912750244,0.12018302083015442,0.7217381000518799,-0.0974382609128952,0.10687640309333801,0.707377552986145,-0.08506732434034348,rock
0.029554232954978943,0.8024734258651733,-6.134040404504049e-07,0.02724677324295044,0.7304309010505676,-0.029473723843693733,0.05094119906425476,0.6557208895683289,-0.05045124143362045,0.09171102941036224,0.6106420755386353,-0.07291412353515625,0.1333693265914917,0.6293070316314697,-0.08866792917251587,0.15075480937957764,0.6331182718276978,-0.0031448721420019865,0.20981444418430328,0.583893358707428,-0.04609011858701706,0.17320945858955383,0.5951465964317322,-0.07086031883955002,0.14258477091789246,0.6194487810134888,-0.08065323531627655,0.17107495665550232,0.6700790524482727,-0.002799384295940399,0.22303222119808197,0.631866991519928,-0.04393923655152321,0.1582493782043457,0.6547776460647583,-0.053061552345752716,0.12374207377433777,0.6767147183418274,-0.04802002012729645,0.18290798366069794,0.7114964127540588,-0.010728944092988968,0.228063702583313,0.6738029718399048,-0.04958692193031311,0.16392548382282257,0.6876437664031982,-0.040311548858881,0.12633845210075378,0.7088053226470947,-0.02169932797551155,0.18646173179149628,0.7613232135772705,-0.02191576175391674,0.22093722224235535,0.720031201839447,-0.04661358520388603,0.17662954330444336,0.7186975479125977,-0.0396842435002327,0.14322809875011444,0.7319521903991699,-0.026122840121388435,rock
0.7670982480049133,0.5916564464569092,-9.108325116358174e-08,0.7525036334991455,0.4262120723724365,-0.024830220267176628,0.6641842126846313,0.3231627643108368,-0.031469669193029404,0.540888786315918,0.31877508759498596,-0.04336324706673622,0.4806569218635559,0.4001050591468811,-0.0513245053589344,0.5923110842704773,0.34568849205970764,0.029072845354676247,0.5059669613838196,0.31180039048194885,-0.01242641918361187,0.535831093788147,0.34420377016067505,-0.04716617614030838,0.5761244297027588,0.3813650608062744,-0.06672219932079315,0.5634719133377075,0.41969403624534607,0.017742324620485306,0.46907156705856323,0.400211900472641,-0.033558979630470276,0.5511086583137512,0.4249303340911865,-0.06655140966176987,0.6164925694465637,0.44735652208328247,-0.07773634046316147,0.5494034290313721,0.49400490522384644,-0.002187052508816123,0.4582151174545288,0.47571736574172974,-0.061282929033041,0.5497549772262573,0.490725040435791,-0.07504265010356903,0.612616777420044,0.5052509903907776,-0.0684732049703598,0.5436819791793823,0.5719916820526123,-0.024028953164815903,0.48196449875831604,0.5460487008094788,-0.06471160054206848,0.5393421649932861,0.5524677038192749,-0.06597719341516495,0.5895923376083374,0.5625394582748413,-0.0578094981610775,rock
0.4149933457374573,0.7984053492546082,-8.1286636088862e-08,0.4259932041168213,0.7221425175666809,-0.06563351303339005,0.3745325207710266,0.6191672086715698,-0.09629088640213013,0.27395227551460266,0.5864652395248413,-0.12107488512992859,0.1873377114534378,0.6036566495895386,-0.13368581235408783,0.28626319766044617,0.5499181747436523,-0.019249534234404564,0.2137409746646881,0.5383508801460266,-0.07521165162324905,0.2569517195224762,0.5927619338035583,-0.10161568969488144,0.28315892815589905,0.6078284978866577,-0.11094822734594345,0.24444372951984406,0.6032994389533997,-0.00805461686104536,0.18157590925693512,0.6090463995933533,-0.062056977301836014,0.2542194426059723,0.6623257994651794,-0.06866612285375595,0.27279090881347656,0.6411232948303223,-0.05964385345578194,0.22137658298015594,0.6630443930625916,-0.010582718066871166,0.1675366461277008,0.6696575284004211,-0.07057620584964752,0.24222059547901154,0.7115663290023804,-0.05966981500387192,0.2645735740661621,0.6963619589805603,-0.03700213506817818,0.20575615763664246,0.723190188407898,-0.019049404188990593,0.17554569244384766,0.7280369400978088,-0.05557084083557129,0.2224845588207245,0.7497934699058533,-0.047895342111587524,0.2392881214618683,0.7385515570640564,-0.0320989228785038,rock
0.29020726680755615,0.9387422800064087,-1.0337613502997556e-06,0.2468741089105606,0.8383994698524475,0.008545929566025734,0.2707127332687378,0.7438142895698547,0.018034067004919052,0.31620144844055176,0.6903464198112488,0.016478577628731728,0.3594159185886383,0.6606235504150391,0.018349170684814453,0.31558066606521606,0.7073785066604614,0.05767231807112694,0.31151360273361206,0.624061107635498,0.027482617646455765,0.268832266330719,0.6650128960609436,0.008787005208432674,0.2531996965408325,0.7174086570739746,0.00391515763476491,0.3426317870616913,0.7081098556518555,0.042894016951322556,0.3350648581981659,0.6137805581092834,0.0059127165004611015,0.28220224380493164,0.6631799340248108,-0.00640289718285203,0.2670712471008301,0.7175379395484924,0.0002356954209972173,0.3795854151248932,0.7185766100883484,0.02080673910677433,0.36243176460266113,0.6190404891967773,-0.015780292451381683,0.3060336112976074,0.6745815873146057,-0.016459781676530838,0.2954382002353668,0.7374361753463745,-0.001990882446989417,0.42375287413597107,0.7414588332176208,-0.0018528810469433665,0.3946625292301178,0.6544244885444641,-0.02725660428404808,0.3510039448738098,0.6887603998184204,-0.026302387937903404,0.3420284390449524,0.7437829375267029,-0.01518528163433075,rock
0.6450027227401733,0.682320237159729,-4.340872976626997e-07,0.5550238490104675,0.6522020697593689,-0.04127121716737747,0.48234841227531433,0.6259108781814575,-0.030662165954709053,0.42928439378738403,0.6204783320426941,-0.009720640257000923,0.39474815130233765,0.6273139715194702,0.01606709137558937,0.4633605182170868,0.5450436472892761,0.03440810739994049,0.39194780588150024,0.6083340048789978,0.03400981426239014,0.4131835699081421,0.6512178182601929,0.023558026179671288,0.44903963804244995,0.6680107116699219,0.021761002019047737,0.4825342893600464,0.5652756690979004,0.06271000951528549,0.41131848096847534,0.619610071182251,0.06414824724197388,0.44023746252059937,0.6600685119628906,0.04607269540429115,0.4725991487503052,0.6727768182754517,0.038503680378198624,0.4995286464691162,0.5909885168075562,0.0840642899274826,0.43202024698257446,0.6391082406044006,0.07498841732740402,0.4557201862335205,0.6750659942626953,0.04987664148211479,0.487580269575119,0.6835524439811707,0.04041418433189392,0.519388735294342,0.6165889501571655,0.10269004851579666,0.4645878076553345,0.6447344422340393,0.09215053915977478,0.4790860414505005,0.6690559387207031,0.07996972650289536,0.5046111941337585,0.6782851815223694,0.07827607542276382,rock
0.8017353415489197,0.42368391156196594,-1.2043966535202344e-06,0.6544094681739807,0.5240297317504883,0.02555570937693119,0.5343273878097534,0.5246614813804626,0.060240745544433594,0.46025267243385315,0.46591174602508545,0.1040436401963234,0.4405381679534912,0.41370296478271484,0.14861473441123962,0.47795379161834717,0.3662983477115631,0.028123704716563225,0.3932795524597168,0.40315645933151245,0.12760046124458313,0.44433480501174927,0.4525364339351654,0.18781647086143494,0.488368958234787,0.4651549458503723,0.21564489603042603,0.5166071653366089,0.29323387145996094,0.05250920355319977,0.4491965174674988,0.3712159991264343,0.16847334802150726,0.49780744314193726,0.4177510738372803,0.20221199095249176,0.5395798087120056,0.4271174371242523,0.19837775826454163,0.5560011863708496,0.2547990381717682,0.09081397205591202,0.5006836652755737,0.32486891746520996,0.20172055065631866,0.5375784635543823,0.3695948123931885,0.20583678781986237,0.5840268135070801,0.38506969809532166,0.17531730234622955,0.594698429107666,0.22733192145824432,0.13204675912857056,0.5531092286109924,0.2836677134037018,0.21422088146209717,0.5785989165306091,0.3249461054801941,0.23187491297721863,0.6086101531982422,0.3457869589328766,0.2263350486755371,rock
0.6045045852661133,0.4485762417316437,4.745106974013424e-09,0.5131080746650696,0.341704398393631,-0.03800026327371597,0.42034783959388733,0.30390870571136475,-0.03685138747096062,0.3330865204334259,0.34330540895462036,-0.035492781549692154,0.31285327672958374,0.41472330689430237,-0.022101663053035736,0.3689189851284027,0.32608723640441895,0.06631921976804733,0.29068198800086975,0.3654259443283081,0.024379730224609375,0.3528364896774292,0.38073745369911194,-0.0163267832249403,0.3997097313404083,0.37076881527900696,-0.036454182118177414,0.38736140727996826,0.39804551005363464,0.07422845810651779,0.29203397035598755,0.4367932677268982,0.020313911139965057,0.3698827922344208,0.43115055561065674,-0.02439134009182453,0.40791788697242737,0.41032952070236206,-0.04109485074877739,0.40132975578308105,0.45545628666877747,0.0689777135848999,0.31454506516456604,0.49816077947616577,0.01951385661959648,0.38886600732803345,0.48165541887283325,-0.003563591977581382,0.42483872175216675,0.45004892349243164,-0.0025788014754652977,0.40901464223861694,0.5062054395675659,0.05966993793845177,0.35928428173065186,0.5346406102180481,0.04314957186579704,0.40099114179611206,0.5224177837371826,0.04029443860054016,0.4303358793258667,0.4975106716156006,0.04542349651455879,rock
0.7067267298698425,0.5379667282104492,-4.41267957285163e-07,0.6467050313949585,0.5044031143188477,0.18203234672546387,0.5880592465400696,0.4658380150794983,0.2744118273258209,0.5466603636741638,0.4047237038612366,0.32422372698783875,0.5137007236480713,0.3566943407058716,0.3702109158039093,0.4496970772743225,0.5065467953681946,0.29729214310646057,0.42828860878944397,0.42671769857406616,0.3805243670940399,0.4742838144302368,0.3937351703643799,0.404646098613739,0.5049124360084534,0.38902580738067627,0.4157215654850006,0.436656653881073,0.48122042417526245,0.2230633646249771,0.40614011883735657,0.36623844504356384,0.3079574704170227,0.48047420382499695,0.3345479965209961,0.3109404146671295,0.5358370542526245,0.34850478172302246,0.30638396739959717,0.4377270042896271,0.4435790479183197,0.15603147447109222,0.40376245975494385,0.33776402473449707,0.2353992909193039,0.4788758158683777,0.32272791862487793,0.23773446679115295,0.5378477573394775,0.3431946039199829,0.2258455902338028,0.4427778422832489,0.3911723494529724,0.10076412558555603,0.4321219027042389,0.3107532262802124,0.1693977564573288,0.4854471683502197,0.3046896457672119,0.19321782886981964,0.5277427434921265,0.328905314207077,0.1998368799686432,rock
0.20785778760910034,0.4564681351184845,-9.605923878552858e-07,0.3226151466369629,0.43104737997055054,-0.014544923789799213,0.4239148199558258,0.43988287448883057,-0.02780810371041298,0.4884144961833954,0.4814160466194153,-0.04799715802073479,0.4970821142196655,0.543704628944397,-0.05858537182211876,0.4330695569515228,0.5562708973884583,0.025608962401747704,0.5012855529785156,0.5436345934867859,-0.023335326462984085,0.44779667258262634,0.4967053234577179,-0.047507256269454956,0.4188905358314514,0.508782148361206,-0.05840399116277695,0.4020676016807556,0.5823613405227661,0.013078995980322361,0.4689743220806122,0.5655157566070557,-0.043334197252988815,0.4007173180580139,0.5103076696395874,-0.04820472374558449,0.37642431259155273,0.5357472896575928,-0.037077099084854126,0.36683446168899536,0.6097460389137268,-0.0096922991797328,0.4318375587463379,0.5848677158355713,-0.06370719522237778,0.36968034505844116,0.5252126455307007,-0.04338844493031502,0.3443659543991089,0.5462142825126648,-0.014324475079774857,0.3257971704006195,0.6333174705505371,-0.03513793274760246,0.3869051933288574,0.6051169633865356,-0.05792440101504326,0.3527527153491974,0.5620457530021667,-0.039657820016145706,0.3273342251777649,0.5758011341094971,-0.01790214143693447,rock
0.4742758274078369,0.7185888886451721,-2.353923349573961e-07,0.4396911859512329,0.6276085376739502,-0.04534276947379112,0.3463473320007324,0.5489917397499084,-0.05851776897907257,0.2353755235671997,0.5383267998695374,-0.06849439442157745,0.16385865211486816,0.5601081252098083,-0.0679241195321083,0.29916688799858093,0.5350550413131714,0.006155103910714388,0.2082076072692871,0.5381247997283936,-0.03773541375994682,0.25404277443885803,0.5793299078941345,-0.060505323112010956,0.28768184781074524,0.5883402228355408,-0.06906823068857193,0.2860962748527527,0.5987948179244995,0.012771806679666042,0.20269694924354553,0.6173908710479736,-0.03366953134536743,0.280875027179718,0.6431885957717896,-0.04416180029511452,0.31452175974845886,0.6265242099761963,-0.039978887885808945,0.2835875153541565,0.6585028171539307,0.007942449301481247,0.21611787378787994,0.6780332326889038,-0.04697512462735176,0.2965103089809418,0.6904170513153076,-0.04237048327922821,0.33078423142433167,0.6722197532653809,-0.024084612727165222,0.28577443957328796,0.7124187350273132,-0.00043918611481785774,0.23810192942619324,0.7217528820037842,-0.036335162818431854,0.29171350598335266,0.7312073111534119,-0.031518638134002686,0.3213036358356476,0.7205119132995605,-0.017952851951122284,rock
0.7556344866752625,0.7924283146858215,1.381607575012822e-07,0.8192644715309143,0.622301459312439,-0.04254130274057388,0.7768007516860962,0.4908304810523987,-0.08992200344800949,0.722794771194458,0.4020822048187256,-0.13017553091049194,0.6528706550598145,0.35986965894699097,-0.15716473758220673,0.553957462310791,0.5485658049583435,-0.13434647023677826,0.6307766437530518,0.4538218080997467,-0.19573067128658295,0.6938919425010681,0.504253625869751,-0.1955900639295578,0.6950687766075134,0.5514564514160156,-0.1882740706205368,0.5317216515541077,0.5894426107406616,-0.14932391047477722,0.6517927050590515,0.4642447829246521,-0.21655233204364777,0.7074726223945618,0.5330655574798584,-0.19591104984283447,0.6840306520462036,0.5733516216278076,-0.1756828874349594,0.545320451259613,0.6231266260147095,-0.16755715012550354,0.6645085215568542,0.5043113827705383,-0.225647434592247,0.7216808199882507,0.5743378400802612,-0.1825888305902481,0.6973400712013245,0.6157253384590149,-0.14999276399612427,0.5807839632034302,0.6561950445175171,-0.1899074763059616,0.6962775588035583,0.5727554559707642,-0.22546887397766113,0.7263923287391663,0.6246743202209473,-0.2027304470539093,0.6935515999794006,0.6625219583511353,-0.186549574136734,rock
0.7879999876022339,0.4476543366909027,-1.0136442369912402e-06,0.7130559682846069,0.36252492666244507,-0.0018827267922461033,0.6369098424911499,0.29194220900535583,0.006055222358554602,0.5720735192298889,0.2796518802642822,0.01044598501175642,0.5301116108894348,0.31163403391838074,0.014234713278710842,0.6267542243003845,0.18295818567276,0.039753977209329605,0.490281343460083,0.2464723140001297,0.01984209381043911,0.5076640248298645,0.3241458833217621,-0.0003895100671797991,0.5575753450393677,0.36138755083084106,-0.010398786514997482,0.6193541288375854,0.19985850155353546,0.03008110448718071,0.47451210021972656,0.2696513235569,0.0017121417913585901,0.5207828283309937,0.3549897074699402,-0.01694943942129612,0.5760849118232727,0.3943309783935547,-0.019016975536942482,0.6176904439926147,0.2375790923833847,0.01627025008201599,0.48376578092575073,0.30787748098373413,-0.02361094392836094,0.5492387413978577,0.3841138780117035,-0.04225833714008331,0.6165245771408081,0.4145454466342926,-0.04147566482424736,0.6286125183105469,0.284336119890213,0.003233301918953657,0.5213451385498047,0.32991939783096313,-0.03851822763681412,0.559469997882843,0.37524598836898804,-0.051614224910736084,0.6065133810043335,0.3928811252117157,-0.04905133321881294,rock
0.6023338437080383,0.8358650803565979,-8.986207689076764e-08,0.6286755800247192,0.7102248072624207,-0.13120536506175995,0.6718205213546753,0.5722776651382446,-0.14405463635921478,0.7437930703163147,0.471119225025177,-0.12606944143772125,0.802823543548584,0.417905330657959,-0.08235643804073334,0.5317952632904053,0.4548134207725525,-0.02717066928744316,0.6874886751174927,0.36694514751434326,-0.060222409665584564,0.6917969584465027,0.45482927560806274,-0.06769884377717972,0.6552364230155945,0.5121239423751831,-0.056300923228263855,0.5879662036895752,0.4946584403514862,0.05193496122956276,0.7302073836326599,0.41231080889701843,0.00516571756452322,0.7255942821502686,0.5163378715515137,-0.010450899600982666,0.6853736639022827,0.5718441605567932,0.0023154669906944036,0.6516824960708618,0.5348972082138062,0.11363647878170013,0.7614645957946777,0.4804397225379944,0.06200867146253586,0.7456359267234802,0.570841908454895,0.04333982244133949,0.6990891695022583,0.6046164631843567,0.05443349853157997,0.6916928291320801,0.5587342381477356,0.16723531484603882,0.764553427696228,0.5362354516983032,0.13136988878250122,0.7507617473602295,0.5970185995101929,0.11078668385744095,0.7135175466537476,0.6240700483322144,0.11123742163181305,rock
0.9189119935035706,0.9512982368469238,2.071047759955036e-07,0.9289929270744324,0.9147627949714661,-0.013357235118746758,0.9189812541007996,0.87301105260849,-0.015808232128620148,0.9024802446365356,0.8442705273628235,-0.01727243699133396,0.8881968259811401,0.822904109954834,-0.01906563527882099,0.8663023710250854,0.8621671795845032,-0.012867992743849754,0.8443384766578674,0.8257639408111572,-0.021010594442486763,0.832721471786499,0.802355945110321,-0.027864456176757812,0.8234050273895264,0.7816265225410461,-0.033907439559698105,0.8499147891998291,0.8754818439483643,-0.014264394529163837,0.8177704215049744,0.8445799350738525,-0.021916862577199936,0.8009498715400696,0.8221913576126099,-0.030464472249150276,0.7875274419784546,0.8028467893600464,-0.037768665701150894,0.842714786529541,0.8941291570663452,-0.017345495522022247,0.8090023398399353,0.8719807863235474,-0.02606678009033203,0.7903845310211182,0.8538590669631958,-0.035557739436626434,0.7753264904022217,0.8365107774734497,-0.04313226044178009,0.8423073887825012,0.9173328876495361,-0.02181629091501236,0.8114814758300781,0.9070140719413757,-0.03231187164783478,0.7933674454689026,0.8969103097915649,-0.040188174694776535,0.7778955101966858,0.8846352696418762,-0.04606253281235695,paper
0.29539555311203003,0.6186865568161011,2.869642230507452e-07,0.3261566758155823,0.6800189018249512,-0.0335184782743454,0.39436817169189453,0.724055290222168,-0.039172377437353134,0.4634888768196106,0.7426688075065613,-0.04064828157424927,0.5153931379318237,0.7529127597808838,-0.04251503571867943,0.47206586599349976,0.6923984885215759,-0.015970025211572647,0.5502614974975586,0.7085695266723633,-0.0278282780200243,0.6003809571266174,0.7133969068527222,-0.041913021355867386,0.6448429226875305,0.7152134776115417,-0.05474082753062248,0.47984427213668823,0.6550123691558838,-0.011983470991253853,0.5621263980865479,0.6583747863769531,-0.023254211992025375,0.6156132817268372,0.6552777886390686,-0.04177449643611908,0.6586900353431702,0.6488229632377625,-0.057295892387628555,0.47126179933547974,0.6198133826255798,-0.01237865723669529,0.5465488433837891,0.6179700493812561,-0.02778799831867218,0.5940628051757812,0.6105177998542786,-0.04793863371014595,0.6346938610076904,0.6030397415161133,-0.06266950815916061,0.44831541180610657,0.584806501865387,-0.01580842025578022,0.5066279768943787,0.5694337487220764,-0.03494604304432869,0.5434218645095825,0.5576038360595703,-0.04990550875663757,0.5773654580116272,0.5511378049850464,-0.06012197583913803,paper
0.22854343056678772,0.5747242569923401,2.7775442390520766e-07,0.30243948101997375,0.5778518319129944,-0.02406923472881317,0.3670606017112732,0.5555345416069031,-0.028588786721229553,0.4193200469017029,0.5272223949432373,-0.025577420368790627,0.45874470472335815,0.5269401669502258,-0.022531209513545036,0.3300286829471588,0.463609904050827,-0.02833179384469986,0.3727571368217468,0.416545569896698,-0.025284038856625557,0.39444971084594727,0.38643568754196167,-0.024038780480623245,0.41059553623199463,0.35744979977607727,-0.02650490216910839,0.29638731479644775,0.43714773654937744,-0.014858917333185673,0.30950331687927246,0.36021047830581665,-0.016537927091121674,0.31891757249832153,0.3144999146461487,-0.025698337703943253,0.3200644850730896,0.2756483554840088,-0.03590550646185875,0.2663557231426239,0.4286228120326996,-0.00027556504937820137,0.2706236243247986,0.3579908311367035,-0.006610285025089979,0.27763059735298157,0.3126777410507202,-0.023145876824855804,0.2805769145488739,0.2772190570831299,-0.03662632033228874,0.24555067718029022,0.4358692467212677,0.014282966032624245,0.24258780479431152,0.37914371490478516,0.0045472108758986,0.23880115151405334,0.34231117367744446,-0.007730789482593536,0.2398059368133545,0.31065571308135986,-0.017157958820462227,paper
0.3271191418170929,0.42379599809646606,2.20827757857478e-07,0.3750867545604706,0.44303029775619507,-0.029544610530138016,0.41670358180999756,0.444324791431427,-0.04514981061220169,0.4502297341823578,0.4423504173755646,-0.05497446283698082,0.4729302227497101,0.4559374153614044,-0.06396061182022095,0.42068421840667725,0.34558889269828796,-0.03756394609808922,0.4536241292953491,0.308819442987442,-0.04807518422603607,0.47466060519218445,0.2842557430267334,-0.05683992803096771,0.49240267276763916,0.2615734338760376,-0.06440921872854233,0.4101099371910095,0.31545490026474,-0.028019245713949203,0.4386059641838074,0.23827187716960907,-0.045048270374536514,0.4561854600906372,0.19233842194080353,-0.05927492305636406,0.46836063265800476,0.15668416023254395,-0.06994708627462387,0.40049052238464355,0.2998257279396057,-0.01832262985408306,0.4294453263282776,0.23050741851329803,-0.03414839506149292,0.45079612731933594,0.18488967418670654,-0.04759059473872185,0.46471455693244934,0.14740803837776184,-0.05621352046728134,0.395844966173172,0.29913097620010376,-0.009826013818383217,0.42756301164627075,0.2527605891227722,-0.02055973932147026,0.44604623317718506,0.22241242229938507,-0.026797965168952942,0.4593457877635956,0.1951950341463089,-0.03137536719441414,paper
0.20222745835781097,0.5422742962837219,6.183298069117882e-07,0.1872445046901703,0.5292616486549377,-0.07523740082979202,0.18999993801116943,0.5030751824378967,-0.11355508863925934,0.2098727822303772,0.47529950737953186,-0.1383005827665329,0.23026396334171295,0.43999016284942627,-0.16172903776168823,0.23389360308647156,0.4406917095184326,-0.08706524223089218,0.26308292150497437,0.3887012004852295,-0.11222179979085922,0.28976014256477356,0.3552554249763489,-0.13085046410560608,0.31286388635635376,0.331489622592926,-0.14451177418231964,0.2506653070449829,0.44211849570274353,-0.059198275208473206,0.28252920508384705,0.3899726867675781,-0.08409140259027481,0.31159713864326477,0.3624933958053589,-0.1041918396949768,0.3375254273414612,0.3439871072769165,-0.11923883855342865,0.26433494687080383,0.4510456323623657,-0.035186514258384705,0.2975691258907318,0.40710365772247314,-0.05669654533267021,0.32703691720962524,0.38437455892562866,-0.07643705606460571,0.35394275188446045,0.36997270584106445,-0.0904579758644104,0.27669835090637207,0.46358391642570496,-0.01633578911423683,0.3070361316204071,0.4354749619960785,-0.033139608800411224,0.33263182640075684,0.41940629482269287,-0.04769100248813629,0.3570481836795807,0.40945887565612793,-0.05922556668519974,paper
0.7268531918525696,0.44493672251701355,1.0942474659714208e-07,0.6989956498146057,0.422432541847229,-0.009806105867028236,0.665244996547699,0.4097050130367279,-0.010432390496134758,0.6351760625839233,0.4049970507621765,-0.011002149432897568,0.6136625409126282,0.39702799916267395,-0.011498446576297283,0.6398556232452393,0.43862634897232056,0.001266340957954526,0.6086322665214539,0.43888676166534424,-0.0027338287327438593,0.5919684171676636,0.4407792091369629,-0.00786339957267046,0.577062726020813,0.44312620162963867,-0.01224297285079956,0.6426946520805359,0.4578772187232971,0.0012313880724832416,0.6103794574737549,0.4656520485877991,-0.0020973943173885345,0.5908619165420532,0.47130724787712097,-0.008749369531869888,0.5745423436164856,0.47668272256851196,-0.014630897901952267,0.6515260338783264,0.4744107127189636,-0.0007439692853949964,0.6229955554008484,0.48722338676452637,-0.006142417900264263,0.6062905192375183,0.4940592050552368,-0.012044834904372692,0.5916678309440613,0.4990813732147217,-0.016804832965135574,0.6647668480873108,0.48857682943344116,-0.003928930964320898,0.6448585391044617,0.5051506757736206,-0.009900319389998913,0.6320055723190308,0.5144090056419373,-0.01374086644500494,0.6192044019699097,0.5208460688591003,-0.016573643311858177,paper
0.6879590749740601,0.26369836926460266,-2.4471427551020497e-08,0.6608333587646484,0.28453192114830017,-0.026933569461107254,0.6290295124053955,0.27899524569511414,-0.03588871657848358,0.5996875762939453,0.26689857244491577,-0.037487562745809555,0.5741004347801208,0.2619384527206421,-0.0378047339618206,0.6167884469032288,0.23908494412899017,-0.034668609499931335,0.5704703330993652,0.2289987951517105,-0.039771419018507004,0.5435549020767212,0.23209239542484283,-0.04206172749400139,0.524868905544281,0.23389743268489838,-0.0425628162920475,0.6206355690956116,0.22708919644355774,-0.01814945414662361,0.5723377466201782,0.21508701145648956,-0.023327389732003212,0.5432790517807007,0.2200872004032135,-0.02492429129779339,0.5246943235397339,0.2249228060245514,-0.025865579023957253,0.6226305961608887,0.22544869780540466,-0.0019123076926916838,0.5835407972335815,0.21319158375263214,-0.00820738635957241,0.5550056099891663,0.21712571382522583,-0.013951130211353302,0.5357441902160645,0.22193504869937897,-0.016704624518752098,0.6237549185752869,0.2275117039680481,0.013522360473871231,0.5918774604797363,0.21739335358142853,0.010587313212454319,0.56914883852005,0.21858854591846466,0.0077755143865942955,0.5534884333610535,0.22272008657455444,0.005832572467625141,paper
0.15927882492542267,0.796338677406311,2.8297455401116167e-07,0.15885834395885468,0.7308789491653442,-0.026999907568097115,0.1896904706954956,0.6709854006767273,-0.036975834518671036,0.23435910046100616,0.6352138519287109,-0.043548714369535446,0.2669161558151245,0.6050674319267273,-0.04811299219727516,0.25318798422813416,0.6680774092674255,-0.013873475603759289,0.30703651905059814,0.6265643835067749,-0.027463402599096298,0.33995264768600464,0.6034353375434875,-0.039100561290979385,0.3687170743942261,0.5856301784515381,-0.047686100006103516,0.2698478102684021,0.693631649017334,-0.010327090509235859,0.3264114558696747,0.6579059362411499,-0.02146526798605919,0.36316052079200745,0.6375948190689087,-0.03234514594078064,0.39354318380355835,0.6214288473129272,-0.04013650491833687,0.2757509648799896,0.7240837216377258,-0.010986595414578915,0.32939642667770386,0.6974342465400696,-0.023399848490953445,0.3637283146381378,0.6816644072532654,-0.03413361683487892,0.391715407371521,0.6680735945701599,-0.040979672223329544,0.27538812160491943,0.7604534029960632,-0.014195316471159458,0.31806036829948425,0.743804395198822,-0.025934813544154167,0.34614866971969604,0.7319441437721252,-0.033049192279577255,0.37150511145591736,0.7214535474777222,-0.037350237369537354,paper
0.12802521884441376,0.6839174032211304,2.0473588335789827e-07,0.09137003123760223,0.6607576012611389,-0.01116340234875679,0.06352759152650833,0.6241445541381836,-0.018405621871352196,0.041491128504276276,0.5994411110877991,-0.025883279740810394,0.020194999873638153,0.5844548344612122,-0.03395959734916687,0.10160472244024277,0.5691730976104736,-0.008379793725907803,0.0976090207695961,0.5288045406341553,-0.01747380755841732,0.09484441578388214,0.5043905377388,-0.026723172515630722,0.09265019744634628,0.4830624461174011,-0.03411911800503731,0.12672258913516998,0.5674042105674744,-0.012773360125720501,0.14034727215766907,0.5229943990707397,-0.019378630444407463,0.1481930911540985,0.4948253035545349,-0.027284646406769753,0.15491145849227905,0.4717579185962677,-0.03423318639397621,0.14689531922340393,0.5770648717880249,-0.019292887300252914,0.17059345543384552,0.5386899709701538,-0.02775784768164158,0.18463164567947388,0.5134822130203247,-0.0373779721558094,0.19500502943992615,0.49151915311813354,-0.04506785795092583,0.1614552140235901,0.5948466658592224,-0.02699192240834236,0.18786492943763733,0.5719000101089478,-0.03443114086985588,0.2048073261976242,0.5559977293014526,-0.03904133290052414,0.21810832619667053,0.5406566262245178,-0.043127842247486115,paper
0.5841014385223389,0.6036646366119385,1.0499609004455124e-07,0.5760286450386047,0.5767537951469421,-0.017886556684970856,0.5530739426612854,0.5544659495353699,-0.023845897987484932,0.5270814299583435,0.5398801565170288,-0.027705620974302292,0.5061795711517334,0.5269172191619873,-0.03144729509949684,0.5061439275741577,0.5564528107643127,-0.014026710763573647,0.469906210899353,0.5425152778625488,-0.023243974894285202,0.44645893573760986,0.5362264513969421,-0.03188827261328697,0.42605870962142944,0.5321246981620789,-0.0385790653526783,0.49857065081596375,0.5724353194236755,-0.012228770181536674,0.45928215980529785,0.561957597732544,-0.02154160663485527,0.4331919848918915,0.5605193972587585,-0.03043917752802372,0.4128132462501526,0.5614249110221863,-0.036872800439596176,0.49854621291160583,0.5896455645561218,-0.012539430521428585,0.4615776240825653,0.581898033618927,-0.022307442501187325,0.43639689683914185,0.5814267992973328,-0.030945664271712303,0.41574931144714355,0.5819226503372192,-0.03658420592546463,0.5049867630004883,0.6082708239555359,-0.01445789635181427,0.4738103747367859,0.6095130443572998,-0.024982891976833344,0.4533024728298187,0.6110462546348572,-0.0317971408367157,0.43529921770095825,0.6106885075569153,-0.03590753301978111,paper
0.8775571584701538,0.6529787182807922,9.362183277517033e-07,0.8822914361953735,0.6031961441040039,-0.1312609165906906,0.8383923768997192,0.5476096868515015,-0.1922331303358078,0.7786343097686768,0.5023166537284851,-0.22960877418518066,0.7197594046592712,0.43863463401794434,-0.27054762840270996,0.7114515900611877,0.4986467957496643,-0.14726540446281433,0.6022834181785583,0.45957258343696594,-0.19058473408222198,0.5140218734741211,0.43557974696159363,-0.2309892326593399,0.4407527446746826,0.4159098267555237,-0.26418086886405945,0.6945644617080688,0.5321804881095886,-0.10136208683252335,0.5744082927703857,0.5012727379798889,-0.14784008264541626,0.4743245244026184,0.4829152524471283,-0.20425432920455933,0.3929961621761322,0.46996527910232544,-0.25079119205474854,0.6907724142074585,0.5750644207000732,-0.060444425791502,0.5782057046890259,0.5549394488334656,-0.10540276765823364,0.48432978987693787,0.5489081740379333,-0.1575477421283722,0.4180557429790497,0.5450387597084045,-0.1973990648984909,0.6887553930282593,0.6235668659210205,-0.02756602130830288,0.6012697219848633,0.6234991550445557,-0.07191292941570282,0.5382990837097168,0.6238368153572083,-0.10781051218509674,0.490135133266449,0.6210989952087402,-0.1362716555595398,paper
0.9186314344406128,0.499808669090271,1.2569365992476378e-07,0.8635600805282593,0.4831431806087494,-0.031196529045701027,0.801781177520752,0.4995940923690796,-0.03873791918158531,0.7525467276573181,0.5298020243644714,-0.04306406527757645,0.7132868766784668,0.5498937964439392,-0.04716068133711815,0.7634023427963257,0.5708420872688293,-0.016910485923290253,0.7097814679145813,0.6119738817214966,-0.029650604352355003,0.6824202537536621,0.6385378837585449,-0.043464481830596924,0.659238874912262,0.6643962264060974,-0.054734501987695694,0.7829723954200745,0.599992036819458,-0.012401370331645012,0.7348167300224304,0.6487137079238892,-0.024417217820882797,0.7093185186386108,0.6826149821281433,-0.03946356475353241,0.692609429359436,0.713280200958252,-0.051603831350803375,0.8123355507850647,0.6194486021995544,-0.012107276357710361,0.769597053527832,0.6682850122451782,-0.02724016271531582,0.7486540079116821,0.6999901533126831,-0.042453620582818985,0.7340348958969116,0.728512704372406,-0.05294600874185562,0.84946209192276,0.6320798993110657,-0.014728765934705734,0.8233788013458252,0.6774605512619019,-0.0317937470972538,0.8089900612831116,0.7066105008125305,-0.04363982006907463,0.7957269549369812,0.7317067384719849,-0.05124567449092865,paper
0.6171375513076782,0.3421556055545807,4.1190850197381224e-07,0.6052989363670349,0.31946659088134766,-0.055465180426836014,0.577013373374939,0.3082769811153412,-0.07947395741939545,0.5509343147277832,0.30030179023742676,-0.0929872989654541,0.5252953767776489,0.2896222770214081,-0.1063634380698204,0.5071201324462891,0.3256066143512726,-0.06771388649940491,0.4542018473148346,0.32141971588134766,-0.08762577921152115,0.4192236661911011,0.3172493875026703,-0.10390055924654007,0.3898940682411194,0.31361550092697144,-0.1164877712726593,0.5006967782974243,0.34465208649635315,-0.04789888858795166,0.43994274735450745,0.3485187590122223,-0.06925846636295319,0.3999250829219818,0.3549841046333313,-0.0896671861410141,0.3692765533924103,0.36178699135780334,-0.10559258610010147,0.5052599310874939,0.36306536197662354,-0.030402541160583496,0.4514175355434418,0.37166985869407654,-0.050664547830820084,0.4126650393009186,0.383207231760025,-0.07412716746330261,0.38511890172958374,0.3943113684654236,-0.09095443785190582,0.5163708925247192,0.38210025429725647,-0.016256606206297874,0.47836169600486755,0.4034847319126129,-0.03566036373376846,0.450499027967453,0.41932371258735657,-0.054175544530153275,0.42774346470832825,0.43093228340148926,-0.06827604025602341,paper
0.5355062484741211,1.013397455215454,2.6379293558420613e-06,0.6513639688491821,0.9572683572769165,-0.14552292227745056,0.7203737497329712,0.9059914946556091,-0.2475508600473404,0.7317527532577515,0.9074356555938721,-0.3344363272190094,0.7433267831802368,0.9187036752700806,-0.4251171052455902,0.5676953196525574,0.6467668414115906,-0.19860531389713287,0.571300745010376,0.4500046968460083,-0.2942131459712982,0.5737862586975098,0.31802862882614136,-0.36625880002975464,0.5809156894683838,0.20696234703063965,-0.4123899042606354,0.45691534876823425,0.6707143187522888,-0.17317743599414825,0.4189964532852173,0.4722810387611389,-0.24529869854450226,0.3865055441856384,0.3355802595615387,-0.3039867579936981,0.36804354190826416,0.21861803531646729,-0.34461113810539246,0.3759894073009491,0.7308429479598999,-0.15683844685554504,0.3222317397594452,0.5707951784133911,-0.215240940451622,0.2880930006504059,0.46564632654190063,-0.2597199082374573,0.2705647945404053,0.37300941348075867,-0.2887059152126312,0.31932497024536133,0.8181706666946411,-0.15231582522392273,0.24714022874832153,0.735706090927124,-0.20218493044376373,0.20035555958747864,0.6783154010772705,-0.22279855608940125,0.16772043704986572,0.6202360987663269,-0.23388339579105377,paper
0.5753050446510315,0.2828597128391266,6.460566055466188e-07,0.5165528059005737,0.28334900736808777,-0.0907297432422638,0.45465877652168274,0.235918328166008,-0.11160608381032944,0.4023101329803467,0.19007033109664917,-0.11069940030574799,0.35023611783981323,0.15068934857845306,-0.10514365136623383,0.4460009038448334,0.16278275847434998,-0.04978242143988609,0.37283632159233093,0.10904179513454437,-0.04499521851539612,0.31919801235198975,0.0848526880145073,-0.04875201731920242,0.27582669258117676,0.06805207580327988,-0.052139509469270706,0.4437547028064728,0.1662004590034485,0.007595849689096212,0.3730872869491577,0.1144280806183815,0.025646403431892395,0.3116375803947449,0.09333696961402893,0.022522777318954468,0.2669631838798523,0.08562810719013214,0.016091307625174522,0.441919207572937,0.17971132695674896,0.05876893922686577,0.38574808835983276,0.14161460101604462,0.07486601173877716,0.3312380909919739,0.13105329871177673,0.06569235026836395,0.29106801748275757,0.124122753739357,0.05546575039625168,0.4444931447505951,0.19633066654205322,0.10242808610200882,0.39951184391975403,0.17230695486068726,0.11627188324928284,0.36311978101730347,0.16240021586418152,0.11493689566850662,0.3342427611351013,0.15434324741363525,0.11091162264347076,paper
0.7623381018638611,0.2691043019294739,2.6727613544608175e-07,0.7103123664855957,0.23720476031303406,-0.022964078933000565,0.6443348526954651,0.23749449849128723,-0.02859971672296524,0.5889517664909363,0.2533484995365143,-0.032475922256708145,0.5444162487983704,0.2559105455875397,-0.03655637055635452,0.5971969962120056,0.30676910281181335,-0.01129064429551363,0.5335808992385864,0.3369758427143097,-0.024990838021039963,0.49359074234962463,0.35694968700408936,-0.03805450350046158,0.46079105138778687,0.37454837560653687,-0.04835868254303932,0.6109658479690552,0.33613017201423645,-0.011890764348208904,0.5460168123245239,0.36982378363609314,-0.02650349959731102,0.5013483762741089,0.39390426874160767,-0.042710721492767334,0.4655956029891968,0.41467052698135376,-0.054718032479286194,0.6353062987327576,0.3578539192676544,-0.01588369905948639,0.572599470615387,0.39047592878341675,-0.033325131982564926,0.5329877734184265,0.4134978950023651,-0.04865797236561775,0.49964579939842224,0.4324277639389038,-0.058412883430719376,0.6689816117286682,0.3760516941547394,-0.02182244509458542,0.6230510473251343,0.4105202853679657,-0.04138357564806938,0.5922720432281494,0.4309130311012268,-0.05336477980017662,0.5617339611053467,0.4474547505378723,-0.06034313142299652,paper
0.8447213172912598,0.8238787055015564,3.2481426615049713e-07,0.8168412446975708,0.7550067901611328,-0.008860606700181961,0.7535645365715027,0.7132732272148132,-0.004675839561969042,0.7002100348472595,0.6939391493797302,-0.0021327920258045197,0.6583623886108398,0.6752369403839111,-0.00021086297056172043,0.6755356192588806,0.748989462852478,0.01260005496442318,0.6083848476409912,0.7294999957084656,0.004910829942673445,0.5647854804992676,0.71568763256073,-0.0065123229287564754,0.5260447859764099,0.7051626443862915,-0.016781974583864212,0.6673722863197327,0.778069794178009,0.003922972362488508,0.592017412185669,0.7605316042900085,-0.004502696916460991,0.5414085984230042,0.7461844682693481,-0.020217157900333405,0.5009106993675232,0.7366018891334534,-0.03273383155465126,0.6726043224334717,0.8085294365882874,-0.008337128907442093,0.6002647876739502,0.7931523323059082,-0.02105659246444702,0.5529698133468628,0.781014621257782,-0.037202268838882446,0.5131086707115173,0.7702531814575195,-0.048436276614665985,0.6890682578086853,0.842296302318573,-0.021993698552250862,0.6282305121421814,0.8362277746200562,-0.037952061742544174,0.5897107124328613,0.8291159272193909,-0.04926707223057747,0.55362468957901,0.8194437623023987,-0.056910447776317596,paper
0.5841872692108154,0.5523271560668945,1.198739738583754e-07,0.5787070989608765,0.595515251159668,-0.014297664165496826,0.5537092685699463,0.6247313022613525,-0.02326623722910881,0.5222628116607666,0.6427463293075562,-0.02920610085129738,0.49929365515708923,0.658035397529602,-0.03527804836630821,0.5151069164276123,0.6077513694763184,-0.027648022398352623,0.4705216586589813,0.6310055255889893,-0.03944312408566475,0.4453054368495941,0.6451963186264038,-0.04591657966375351,0.4243541955947876,0.6564932465553284,-0.049596644937992096,0.5059370994567871,0.5840167999267578,-0.02531144767999649,0.4581139087677002,0.6034525036811829,-0.036583900451660156,0.42840033769607544,0.6156520843505859,-0.042927298694849014,0.4045410752296448,0.6250773668289185,-0.04684291034936905,0.5048900842666626,0.5636062026023865,-0.023259237408638,0.46124425530433655,0.5767807364463806,-0.034487348049879074,0.43216854333877563,0.5864922404289246,-0.04200531169772148,0.4097699224948883,0.5945983529090881,-0.045923441648483276,0.5070419311523438,0.545589029788971,-0.021432846784591675,0.47006458044052124,0.5501435995101929,-0.030536942183971405,0.4461725056171417,0.5543947815895081,-0.03515118360519409,0.42610758543014526,0.5583152174949646,-0.03735016658902168,paper
0.7366604208946228,0.5460288524627686,-7.399206083391618e-07,0.6509547233581543,0.5015600919723511,0.08039465546607971,0.5899217128753662,0.47031742334365845,0.08926188200712204,0.5445514917373657,0.45544636249542236,0.07914699614048004,0.48875394463539124,0.44903016090393066,0.06019902974367142,0.5427333116531372,0.4237580895423889,-0.008354289457201958,0.4410492181777954,0.4250584542751312,-0.043552957475185394,0.37704333662986755,0.4420475661754608,-0.06468332558870316,0.3276728689670563,0.45971056818962097,-0.07883108407258987,0.5741027593612671,0.43993011116981506,-0.07505415380001068,0.4601662755012512,0.44229835271835327,-0.12323620915412903,0.3816932141780853,0.46317344903945923,-0.14877867698669434,0.31978175044059753,0.4830693304538727,-0.16915962100028992,0.6109699606895447,0.4613935649394989,-0.13345129787921906,0.5073965191841125,0.4711870551109314,-0.18083356320858002,0.43036824464797974,0.4968041777610779,-0.19910787045955658,0.37341058254241943,0.5195103287696838,-0.2119818478822708,0.6465874910354614,0.4840551018714905,-0.1822534054517746,0.5749973654747009,0.49784713983535767,-0.21628054976463318,0.5222421288490295,0.523055374622345,-0.22567255795001984,0.47908836603164673,0.5476181507110596,-0.23475079238414764,paper
0.763217031955719,0.2321564257144928,8.80987229834318e-08,0.7553209662437439,0.2196032702922821,-0.02415124699473381,0.7391664385795593,0.19687725603580475,-0.029658276587724686,0.7228253483772278,0.17668916285037994,-0.030623065307736397,0.7059164643287659,0.16492347419261932,-0.030988220125436783,0.7105446457862854,0.17471398413181305,-0.013500507920980453,0.6837220788002014,0.15485475957393646,-0.0192625243216753,0.6632621884346008,0.14603827893733978,-0.02618066780269146,0.6449636220932007,0.1406000852584839,-0.03110814280807972,0.7045531868934631,0.18067888915538788,-0.003332746447995305,0.6745967864990234,0.16300903260707855,-0.008685282431542873,0.6505808234214783,0.15627536177635193,-0.01620352827012539,0.631735622882843,0.1555318534374237,-0.021275674924254417,0.7022253274917603,0.19005313515663147,0.004501466639339924,0.674680769443512,0.17603009939193726,-0.0009864510502666235,0.6524817943572998,0.17141343653202057,-0.009117845445871353,0.6356416344642639,0.1700434535741806,-0.014345253817737103,0.7034480571746826,0.20244939625263214,0.010239491239190102,0.6832422018051147,0.19560371339321136,0.004145742394030094,0.6669779419898987,0.19306622445583344,-0.0017530861077830195,0.6532588601112366,0.19159458577632904,-0.005466888193041086,paper
0.509417712688446,0.5606009364128113,3.418324752146873e-07,0.4912421703338623,0.6023043990135193,-0.05032340809702873,0.4514046907424927,0.6385790705680847,-0.06246650591492653,0.4240758717060089,0.673609733581543,-0.06401228159666061,0.4014495611190796,0.7109881639480591,-0.06466631591320038,0.39914336800575256,0.6404714584350586,-0.02966063842177391,0.36287277936935425,0.6920589804649353,-0.03167201206088066,0.34434765577316284,0.7315399050712585,-0.03642803430557251,0.334627628326416,0.7616859674453735,-0.03982554376125336,0.41222497820854187,0.6443619728088379,-0.004515660926699638,0.37097641825675964,0.6970630288124084,0.00021105638006702065,0.3520514965057373,0.7425652742385864,-0.006780694238841534,0.3410465121269226,0.7784097790718079,-0.013295219279825687,0.4331118166446686,0.6446210145950317,0.01668425276875496,0.4046064019203186,0.6929771900177002,0.015515060164034367,0.387774795293808,0.7366397380828857,0.0005343990051187575,0.37622231245040894,0.7692680358886719,-0.010417955927550793,0.457534521818161,0.6476414799690247,0.03420709818601608,0.44183000922203064,0.6880655288696289,0.02938789688050747,0.43410059809684753,0.7187775373458862,0.020776405930519104,0.4298062026500702,0.7415890097618103,0.014187391847372055,paper
0.2817980945110321,0.4946520924568176,6.323289198917337e-07,0.2188941240310669,0.5019682049751282,-0.17916324734687805,0.21137824654579163,0.47073671221733093,-0.2920931577682495,0.23573800921440125,0.4293558597564697,-0.3743504285812378,0.2694527506828308,0.3768153190612793,-0.45809510350227356,0.363718181848526,0.38661980628967285,-0.294055312871933,0.4294453561306,0.29500025510787964,-0.39923641085624695,0.48172223567962646,0.23455214500427246,-0.4684644341468811,0.5282858610153198,0.18467362225055695,-0.5157320499420166,0.427815318107605,0.401452898979187,-0.24231815338134766,0.5286821722984314,0.3158439099788666,-0.33918678760528564,0.6024879217147827,0.28011777997016907,-0.40452685952186584,0.6699745655059814,0.25070881843566895,-0.4572589099407196,0.4691227674484253,0.4333779215812683,-0.19528315961360931,0.5701324939727783,0.3806297779083252,-0.2741462290287018,0.6439924240112305,0.37616974115371704,-0.3304748237133026,0.7004308104515076,0.37840208411216736,-0.3726171553134918,0.4932648837566376,0.4739435017108917,-0.15890493988990784,0.5857893228530884,0.4461814761161804,-0.21389326453208923,0.651780366897583,0.4513620138168335,-0.2514953911304474,0.7032740116119385,0.462449848651886,-0.2846111059188843,paper
0.6358129382133484,0.44705110788345337,1.9359772807092668e-07,0.5527706146240234,0.3771764636039734,-0.010108712129294872,0.4759000837802887,0.35744476318359375,0.0026881261728703976,0.405726820230484,0.3660394251346588,0.012980781495571136,0.3611127734184265,0.3760782480239868,0.022343769669532776,0.4460684657096863,0.42184242606163025,0.04365033656358719,0.3689722418785095,0.43204447627067566,0.04670007526874542,0.32416385412216187,0.4439942538738251,0.03844986483454704,0.284913569688797,0.453125536441803,0.029043925926089287,0.4593541622161865,0.4649328887462616,0.04109214246273041,0.3815309405326843,0.4897959530353546,0.04088495299220085,0.33302897214889526,0.5095973610877991,0.019930478185415268,0.29559069871902466,0.5262389183044434,0.0027097759302705526,0.4839068651199341,0.5019499063491821,0.03386663645505905,0.4112745523452759,0.5335203409194946,0.02713758498430252,0.3694072961807251,0.5535353422164917,0.007119862828403711,0.33357593417167664,0.568099856376648,-0.007435282692313194,0.5190894603729248,0.5358225703239441,0.02491763047873974,0.4654129147529602,0.5729299187660217,0.015696674585342407,0.4311142563819885,0.5943765044212341,0.005456890910863876,0.3983868658542633,0.6075679659843445,-0.002077979501336813,paper
0.424609512090683,0.7514556646347046,-4.477550419323961e-08,0.3915536105632782,0.7024474143981934,-0.01810235157608986,0.38175249099731445,0.6455954909324646,-0.024800598621368408,0.38478365540504456,0.5999423861503601,-0.031445857137441635,0.38068458437919617,0.5641395449638367,-0.037869296967983246,0.4328562915325165,0.6063124537467957,-0.0025398435536772013,0.4384848177433014,0.5513678789138794,-0.01522833202034235,0.44318607449531555,0.519128680229187,-0.028386292979121208,0.44820350408554077,0.49191388487815857,-0.038541968911886215,0.45965880155563354,0.6095507144927979,-0.003724568523466587,0.47257232666015625,0.5525553822517395,-0.014161133207380772,0.47932204604148865,0.5193189978599548,-0.024957315996289253,0.4840838313102722,0.49280428886413574,-0.03363312408328056,0.480875700712204,0.6238710880279541,-0.008973912335932255,0.4969850182533264,0.5719776153564453,-0.02010251022875309,0.5045541524887085,0.5408938527107239,-0.029429467394948006,0.5101333856582642,0.5158559679985046,-0.036184851080179214,0.4997517466545105,0.6481803059577942,-0.01677878201007843,0.5198153853416443,0.6110295653343201,-0.02622995153069496,0.5289456844329834,0.5852102041244507,-0.03199794143438339,0.5367075204849243,0.5617669224739075,-0.036547210067510605,paper
0.4801902174949646,0.24942483007907867,9.95063871300772e-08,0.4594540297985077,0.20377327501773834,-0.002028117887675762,0.43014273047447205,0.18945126235485077,0.0023096820805221796,0.4005264937877655,0.18875367939472198,0.0044896723702549934,0.3792264759540558,0.1862708032131195,0.006296946667134762,0.4022235572338104,0.2184503823518753,0.015869569033384323,0.3665277659893036,0.21096792817115784,0.011821732856333256,0.3452381491661072,0.20483069121837616,0.005558950826525688,0.3262156844139099,0.1986113041639328,0.00029418914346024394,0.3961034417152405,0.23842361569404602,0.011221840046346188,0.35508108139038086,0.23232980072498322,0.006556335836648941,0.3283112049102783,0.22543030977249146,-0.002094004303216934,0.3065156638622284,0.2174668163061142,-0.00919603556394577,0.3942214250564575,0.2572011351585388,0.004196519032120705,0.3537399172782898,0.2541586756706238,-0.002622406231239438,0.3284842371940613,0.24850744009017944,-0.010332033969461918,0.3082679212093353,0.24110087752342224,-0.015574907884001732,0.3971255123615265,0.2757366895675659,-0.003539028111845255,0.36180198192596436,0.2758960723876953,-0.010219065472483635,0.34029126167297363,0.2716483473777771,-0.014904819428920746,0.3212021291255951,0.265153706073761,-0.018389543518424034,paper
0.5054560303688049,0.705315351486206,1.947341843333561e-07,0.46694469451904297,0.6147959232330322,0.01592278853058815,0.40346890687942505,0.5800005793571472,0.03274241089820862,0.3487221598625183,0.5612663626670837,0.039869196712970734,0.3032083809375763,0.5463420152664185,0.045317817479372025,0.31590548157691956,0.6243014931678772,0.06377927958965302,0.2426222264766693,0.6003075838088989,0.06815893203020096,0.20023928582668304,0.5848428010940552,0.060304637998342514,0.16095228493213654,0.5726407766342163,0.05050096660852432,0.30346494913101196,0.6531860828399658,0.041134949773550034,0.2187853455543518,0.6300148367881775,0.04373271018266678,0.1658175140619278,0.6124308109283447,0.02866770513355732,0.12311650812625885,0.6005659699440002,0.014089390635490417,0.30224236845970154,0.6831141114234924,0.013834483921527863,0.21892768144607544,0.6681488156318665,0.00871245563030243,0.169474795460701,0.6544142961502075,-0.007257365621626377,0.12818710505962372,0.6428907513618469,-0.02094871737062931,0.31154853105545044,0.7150734663009644,-0.01403913926333189,0.23931185901165009,0.7106391191482544,-0.024942127987742424,0.19637390971183777,0.7057014107704163,-0.03470228984951973,0.15775731205940247,0.6974003314971924,-0.04351199418306351,paper
0.6943174600601196,0.9330889582633972,2.3073275201568322e-07,0.6984517574310303,0.8883145451545715,-0.01584477908909321,0.6765879988670349,0.8434702754020691,-0.01804334670305252,0.6489245295524597,0.815387487411499,-0.018914660438895226,0.6260345578193665,0.7944717407226562,-0.0201692096889019,0.6193572878837585,0.8426496982574463,-0.0104548130184412,0.5867470502853394,0.8076701164245605,-0.019791865721344948,0.5662393569946289,0.7843521237373352,-0.02862732484936714,0.5481157302856445,0.7643096446990967,-0.03614112734794617,0.6035544872283936,0.8604028820991516,-0.011577739380300045,0.5627554655075073,0.8290457129478455,-0.020580552518367767,0.5366864204406738,0.8074397444725037,-0.03127522021532059,0.514729917049408,0.7899806499481201,-0.039886604994535446,0.5970548987388611,0.8821595907211304,-0.014999115839600563,0.5557587146759033,0.8555766344070435,-0.026121491566300392,0.5302259922027588,0.8369702100753784,-0.03725447133183479,0.508466362953186,0.8206332921981812,-0.04514335095882416,0.5972821116447449,0.9085507988929749,-0.019923649728298187,0.5608935952186584,0.8923232555389404,-0.03261177986860275,0.5388977527618408,0.8797005414962769,-0.04115172475576401,0.5190668106079102,0.8656673431396484,-0.04694325104355812,paper
0.41795113682746887,0.3321058452129364,-5.839930494744294e-08,0.38652172684669495,0.37647825479507446,-0.011986686848104,0.3428803086280823,0.3923395872116089,-0.012864567339420319,0.2988117039203644,0.3942982852458954,-0.00959239061921835,0.2659666836261749,0.39326462149620056,-0.0040453700348734856,0.30440595746040344,0.34953027963638306,-0.009579861536622047,0.2498929649591446,0.36212292313575745,-0.0016449247486889362,0.22411873936653137,0.3722314238548279,0.006631375756114721,0.2047680914402008,0.37807324528694153,0.012006971053779125,0.30617693066596985,0.32221463322639465,0.001103718183003366,0.24901266396045685,0.3328886926174164,0.005658110603690147,0.22040769457817078,0.3427869975566864,0.012935101054608822,0.2028626650571823,0.35087814927101135,0.01839800737798214,0.31552231311798096,0.30512991547584534,0.01192865427583456,0.2652950584888458,0.3075466454029083,0.01535009779036045,0.23839294910430908,0.31402549147605896,0.020851433277130127,0.22178411483764648,0.322905033826828,0.025732090696692467,0.3285873532295227,0.2936747670173645,0.02211385779082775,0.29239898920059204,0.2884696125984192,0.027960767969489098,0.2701459228992462,0.29267576336860657,0.033131327480077744,0.25646132230758667,0.3009195327758789,0.037587765604257584,paper
0.6585784554481506,0.7493070363998413,1.0361775082401437e-07,0.6081640720367432,0.7157317399978638,-0.022696666419506073,0.5744098424911499,0.66341632604599,-0.03313684090971947,0.562020480632782,0.611307680606842,-0.042116887867450714,0.54912269115448,0.5713253617286682,-0.0498279370367527,0.6051809191703796,0.6030765771865845,-0.012732096947729588,0.5909056067466736,0.5402073860168457,-0.0280783548951149,0.5860626697540283,0.5028024911880493,-0.04133783280849457,0.5842517018318176,0.4708194136619568,-0.05103746056556702,0.635256290435791,0.5997103452682495,-0.012356513179838657,0.6303111910820007,0.5352131724357605,-0.025296298786997795,0.6295754313468933,0.49519771337509155,-0.036428529769182205,0.6301558017730713,0.46317362785339355,-0.04474955052137375,0.6633040904998779,0.6087550520896912,-0.015832550823688507,0.6664584875106812,0.5501164197921753,-0.028635989874601364,0.6685195565223694,0.5143056511878967,-0.03742079436779022,0.6694343686103821,0.48506325483322144,-0.04333542287349701,0.6915834546089172,0.6268327236175537,-0.02187451720237732,0.7007678747177124,0.5820373892784119,-0.032653965055942535,0.7052103281021118,0.5522791147232056,-0.03814064711332321,0.7090712785720825,0.5256521105766296,-0.041706208139657974,paper
0.8542447090148926,0.7347675561904907,5.873201871509082e-07,0.9013795256614685,0.6500909328460693,-0.05981159955263138,0.9142020344734192,0.5499415397644043,-0.08451288193464279,0.9168262481689453,0.46434956789016724,-0.1038239523768425,0.9484166502952576,0.4002818763256073,-0.12252967804670334,0.7757648229598999,0.4832246005535126,-0.05345791205763817,0.7496830224990845,0.3790115714073181,-0.0833774134516716,0.7335971593856812,0.3145710825920105,-0.10709499567747116,0.7157270908355713,0.25999826192855835,-0.1269533336162567,0.7201091051101685,0.5065200924873352,-0.04939957335591316,0.6655558943748474,0.40951329469680786,-0.0773746520280838,0.6307055950164795,0.3459324836730957,-0.10275838524103165,0.598667323589325,0.2951337695121765,-0.12335961312055588,0.6839908361434937,0.5501331090927124,-0.05205780267715454,0.6216592192649841,0.4737136960029602,-0.08412186801433563,0.5882483124732971,0.42018264532089233,-0.10822176188230515,0.5601146221160889,0.37100353837013245,-0.12627390027046204,0.6625391244888306,0.6078998446464539,-0.060501448810100555,0.5913196802139282,0.5714372992515564,-0.09534666687250137,0.5474393963813782,0.5418684482574463,-0.11514052003622055,0.5107041597366333,0.5088070034980774,-0.12847647070884705,paper
0.2674131691455841,0.5674628019332886,2.7612821895672823e-07,0.3927992582321167,0.5689592361450195,0.09764380007982254,0.46616461873054504,0.5027058720588684,0.13199079036712646,0.5121790766716003,0.4635603129863739,0.1360510140657425,0.5796767473220825,0.42611992359161377,0.13219764828681946,0.47877171635627747,0.36201992630958557,0.10405559092760086,0.5801740884780884,0.2844613194465637,0.09571864455938339,0.6548751592636108,0.2367495894432068,0.08410191535949707,0.7181836366653442,0.20498578250408173,0.06851255148649216,0.4632831811904907,0.3505284786224365,0.014784243889153004,0.5613333582878113,0.22204843163490295,-0.02008245326578617,0.6486929655075073,0.15691831707954407,-0.060456782579422,0.7193430066108704,0.11380982398986816,-0.09198053926229477,0.44212251901626587,0.3530775308609009,-0.07243652641773224,0.5326070785522461,0.22503530979156494,-0.11359579861164093,0.6130681037902832,0.1656852513551712,-0.14586883783340454,0.6835554838180542,0.1205725371837616,-0.1698518842458725,0.42072349786758423,0.374962717294693,-0.1519889384508133,0.49682578444480896,0.26892608404159546,-0.19548746943473816,0.5629088878631592,0.21500417590141296,-0.2203139364719391,0.6222590804100037,0.16951484978199005,-0.2405804544687271,paper
0.5737462043762207,0.21062737703323364,3.341613989960024e-07,0.578750491142273,0.2920224964618683,-0.060978963971138,0.587811291217804,0.35756686329841614,-0.06374790519475937,0.6030242443084717,0.40966787934303284,-0.05662407726049423,0.613306999206543,0.4614102244377136,-0.04753011092543602,0.5861884951591492,0.4036111533641815,0.0263986736536026,0.6170835494995117,0.46652764081954956,0.045502930879592896,0.6440938711166382,0.5099067091941833,0.04652800410985947,0.6663509011268616,0.5367901921272278,0.04443375766277313,0.602851927280426,0.37270188331604004,0.0621233731508255,0.6418272852897644,0.43076851963996887,0.0930827185511589,0.6770620942115784,0.4680154621601105,0.08501278609037399,0.7056238055229187,0.4930117726325989,0.07269855588674545,0.619913637638092,0.34288710355758667,0.08831904828548431,0.6506299376487732,0.38662275671958923,0.10800353437662125,0.6805180907249451,0.4153299927711487,0.08417777717113495,0.7063727378845215,0.43541428446769714,0.06184487044811249,0.6349071860313416,0.31078270077705383,0.10782810300588608,0.6593016982078552,0.3314343988895416,0.11618536710739136,0.6772367358207703,0.3437756597995758,0.10114563256502151,0.6969938278198242,0.3521103858947754,0.08638111501932144,paper
0.586644172668457,0.7797436714172363,8.566108817831264e-07,0.5970290899276733,0.6640588045120239,-0.054651349782943726,0.5496097207069397,0.5511620044708252,-0.07298873364925385,0.5064892768859863,0.46624308824539185,-0.08668184280395508,0.5047534108161926,0.3911116123199463,-0.10040261596441269,0.38355356454849243,0.5439358353614807,-0.036995306611061096,0.30777138471603394,0.4488661587238312,-0.05511725693941116,0.25593265891075134,0.39378786087036133,-0.07364831119775772,0.20753724873065948,0.35121721029281616,-0.09332884848117828,0.3360683023929596,0.5982709527015686,-0.039635319262742996,0.2285313606262207,0.518600344657898,-0.06048725172877312,0.15449979901313782,0.46922022104263306,-0.08914915472269058,0.09286472201347351,0.4361024498939514,-0.11376781761646271,0.3191280961036682,0.664732813835144,-0.04942244291305542,0.20414777100086212,0.6100145578384399,-0.0833197757601738,0.1332312524318695,0.56885826587677,-0.12074561417102814,0.07249480485916138,0.5346778631210327,-0.14879411458969116,0.32741907238960266,0.7396543025970459,-0.06364092230796814,0.21807032823562622,0.7343889474868774,-0.10845308750867844,0.14925365149974823,0.7301999926567078,-0.14049988985061646,0.08607292175292969,0.7153267860412598,-0.16276589035987854,paper
0.7395113110542297,0.7658599615097046,1.3617562899526092e-07,0.6365824341773987,0.7787154912948608,-0.009890623390674591,0.5662370920181274,0.7391422390937805,-0.012906413525342941,0.5183439254760742,0.6852371096611023,-0.007400036323815584,0.48100605607032776,0.6429517865180969,-0.0011818015482276678,0.5770360231399536,0.6461234092712402,-0.04556979238986969,0.511806309223175,0.5658251047134399,-0.04588201642036438,0.47087445855140686,0.5235360860824585,-0.041261427104473114,0.44204214215278625,0.489188015460968,-0.03817877173423767,0.62312912940979,0.6182780861854553,-0.03094968944787979,0.5554448366165161,0.53045654296875,-0.03624171391129494,0.517295241355896,0.48298293352127075,-0.03294338658452034,0.4865819215774536,0.44318079948425293,-0.030598126351833344,0.664328932762146,0.6099458336830139,-0.012181363999843597,0.6156590580940247,0.5248424410820007,-0.017637133598327637,0.5820544362068176,0.4765703082084656,-0.022613544017076492,0.5551825761795044,0.4393925666809082,-0.02491164766252041,0.707433819770813,0.6098853349685669,0.009450688026845455,0.6779566407203674,0.539069414138794,0.009421170689165592,0.6567455530166626,0.49725180864334106,0.008225362747907639,0.6393818855285645,0.4623192548751831,0.007317736279219389,paper
0.8228066563606262,0.263236939907074,6.218218686626642e-07,0.7494737505912781,0.2626582980155945,-0.04193287715315819,0.6844069361686707,0.30798009037971497,-0.061635397374629974,0.6271764636039734,0.36947405338287354,-0.0724451020359993,0.5735437273979187,0.404697448015213,-0.08546046167612076,0.6802177429199219,0.4125707745552063,-0.06601516157388687,0.6183801293373108,0.49512600898742676,-0.08433879166841507,0.582481324672699,0.5557894110679626,-0.09834936261177063,0.5549262762069702,0.6050177812576294,-0.11181435734033585,0.7239378690719604,0.44028332829475403,-0.05815735459327698,0.6888355016708374,0.5421388149261475,-0.07782807946205139,0.669548511505127,0.6115535497665405,-0.09666050225496292,0.6599221229553223,0.6627570390701294,-0.11334268748760223,0.7756105065345764,0.44496896862983704,-0.05080777034163475,0.7523348927497864,0.5437487363815308,-0.07459675520658493,0.7428330183029175,0.6132330894470215,-0.0976865366101265,0.7394507527351379,0.6674232482910156,-0.11611612141132355,0.8293928503990173,0.4326697885990143,-0.04498385265469551,0.8392423391342163,0.507181704044342,-0.07536358386278152,0.8469520211219788,0.5590403079986572,-0.09607970714569092,0.850090742111206,0.604739785194397,-0.10991458594799042,paper
0.23597465455532074,0.6970850229263306,-1.9751900026676594e-07,0.1734541356563568,0.5284658074378967,0.005292111542075872,0.17083433270454407,0.3941314220428467,-0.010014550760388374,0.20415407419204712,0.2737022638320923,-0.006530516315251589,0.25626230239868164,0.17510554194450378,0.00328037329018116,0.3246071934700012,0.3500601649284363,-0.16646459698677063,0.3819570541381836,0.17630067467689514,-0.16093675792217255,0.41241857409477234,0.08803072571754456,-0.1012718454003334,0.4328325390815735,0.030030816793441772,-0.043853919953107834,0.4067785143852234,0.401327908039093,-0.13205011188983917,0.5010314583778381,0.23228958249092102,-0.12147057056427002,0.5320357084274292,0.15792381763458252,-0.03373217582702637,0.527969241142273,0.11713942885398865,0.04126562550663948,0.4620276093482971,0.4607078731060028,-0.08129942417144775,0.5594979524612427,0.3187417984008789,-0.06902322918176651,0.5881167054176331,0.2521003186702728,-0.0005741066415794194,0.5864889621734619,0.207319974899292,0.061129115521907806,0.5000790357589722,0.5170061588287354,-0.022423045709729195,0.5980821251869202,0.4240301549434662,0.005592560861259699,0.6227996945381165,0.3670911192893982,0.055423006415367126,0.6171883940696716,0.3249889612197876,0.10368598997592926,paper
0.9251725673675537,0.6606473922729492,4.869878011959372e-07,0.9111113548278809,0.5443108677864075,-0.010154269635677338,0.830636739730835,0.4631010890007019,-0.008626759052276611,0.7608020305633545,0.4146779179573059,-0.012177680619060993,0.7014380693435669,0.37532150745391846,-0.01778275892138481,0.7125495076179504,0.48356977105140686,0.010306212119758129,0.6272456645965576,0.42660266160964966,-0.014495925977826118,0.5839169025421143,0.3764626085758209,-0.0398908331990242,0.5469096899032593,0.32935935258865356,-0.06107337772846222,0.6957824230194092,0.5171428918838501,-0.00850087869912386,0.6009219884872437,0.46560579538345337,-0.03248702362179756,0.5523535013198853,0.41111382842063904,-0.05950385332107544,0.5143350958824158,0.36258137226104736,-0.08162429183721542,0.6982729434967041,0.5594305992126465,-0.03312888741493225,0.6012216806411743,0.5160873532295227,-0.06090627610683441,0.5527288317680359,0.47319793701171875,-0.08441442251205444,0.5161492824554443,0.4323471784591675,-0.10114965587854385,0.7166694402694702,0.6108501553535461,-0.05995999649167061,0.6350075602531433,0.5819268226623535,-0.09074133634567261,0.5934044122695923,0.5478157997131348,-0.11061789840459824,0.5609283447265625,0.5107254385948181,-0.12499186396598816,paper
0.9566686153411865,0.3622114956378937,2.1002954042614874e-07,0.944265604019165,0.3014298677444458,-0.024365421384572983,0.9136254787445068,0.257948100566864,-0.031769730150699615,0.8771159648895264,0.23397044837474823,-0.03633616492152214,0.855131208896637,0.20998667180538177,-0.04191496595740318,0.8331155776977539,0.2954811751842499,-0.024232156574726105,0.7762438058853149,0.2796434760093689,-0.03500071540474892,0.739296555519104,0.27099964022636414,-0.045110177248716354,0.7052789926528931,0.26395177841186523,-0.0546354241669178,0.8235689401626587,0.3310847282409668,-0.022198574617505074,0.7611709833145142,0.33271458745002747,-0.03660191595554352,0.7211926579475403,0.332791805267334,-0.0535723939538002,0.6881557703018188,0.3344403803348541,-0.06727388501167297,0.8300581574440002,0.36293643712997437,-0.021521762013435364,0.772286593914032,0.37523967027664185,-0.04053670912981033,0.733974814414978,0.38240596652030945,-0.058781709522008896,0.7038267850875854,0.390115350484848,-0.07126788794994354,0.8485028147697449,0.39054471254348755,-0.02218688651919365,0.8064907789230347,0.41394245624542236,-0.04209292307496071,0.7777627110481262,0.42856523394584656,-0.05486935004591942,0.7529418468475342,0.43884801864624023,-0.0629182904958725,paper
0.5765058994293213,0.422356516122818,4.3168543584215513e-07,0.5832773447036743,0.32269611954689026,-0.03684348240494728,0.5309553742408752,0.2248159945011139,-0.03818712383508682,0.4655141830444336,0.15868814289569855,-0.035976506769657135,0.4268430769443512,0.10300491005182266,-0.033439747989177704,0.4282599091529846,0.22232624888420105,-0.01113941241055727,0.3650086522102356,0.1468070149421692,-0.021236926317214966,0.3230069875717163,0.10509361326694489,-0.03401527181267738,0.2835153341293335,0.06848521530628204,-0.04723082482814789,0.3879660964012146,0.2603777348995209,-0.00854996033012867,0.3026122450828552,0.20050200819969177,-0.018179958686232567,0.24579361081123352,0.1632341891527176,-0.037991028279066086,0.19576935470104218,0.13591592013835907,-0.05550270900130272,0.36945194005966187,0.30755090713500977,-0.011637968011200428,0.2790897488594055,0.2642245292663574,-0.02881001867353916,0.2251516580581665,0.2361016422510147,-0.05300687626004219,0.17810672521591187,0.21083872020244598,-0.07137469202280045,0.36861133575439453,0.36267825961112976,-0.018331246450543404,0.28601306676864624,0.34794241189956665,-0.04155745357275009,0.23434993624687195,0.33743175864219666,-0.060721706598997116,0.18997633457183838,0.320431113243103,-0.07425778359174728,paper
0.3303951621055603,0.6353784799575806,1.8342771568313765e-07,0.3011127710342407,0.5629693269729614,-0.025885386392474174,0.31087005138397217,0.4810417890548706,-0.035784073173999786,0.33665141463279724,0.4238796532154083,-0.04408910125494003,0.35329484939575195,0.37864112854003906,-0.05144426226615906,0.3963794410228729,0.4464932978153229,-0.013560905121266842,0.4336824417114258,0.37715473771095276,-0.031904712319374084,0.4582270383834839,0.3357592821121216,-0.048508089035749435,0.47978347539901733,0.30224406719207764,-0.06064284220337868,0.4293708801269531,0.4665570557117462,-0.01457905862480402,0.47787177562713623,0.4025660753250122,-0.029813282191753387,0.5092130899429321,0.3602222204208374,-0.04495040327310562,0.53463214635849,0.3270953893661499,-0.056208834052085876,0.4499555826187134,0.49740535020828247,-0.020268121734261513,0.4988035559654236,0.4444342255592346,-0.03547446429729462,0.5274860858917236,0.4075735807418823,-0.049906764179468155,0.5494509339332581,0.3774411976337433,-0.0599355548620224,0.46353140473365784,0.5382600426673889,-0.028989821672439575,0.5091809630393982,0.5020564198493958,-0.04270777478814125,0.5355883836746216,0.47382429242134094,-0.0519016832113266,0.558347761631012,0.44877830147743225,-0.05822189897298813,paper
0.40473613142967224,0.42086756229400635,1.3959447642264422e-07,0.38531893491744995,0.3978917896747589,-0.03746546804904938,0.3798263967037201,0.36646419763565063,-0.0638192743062973,0.37346529960632324,0.33733931183815,-0.0860293060541153,0.3557910919189453,0.30921533703804016,-0.10936147719621658,0.46942171454429626,0.3133186399936676,-0.05871419608592987,0.48804861307144165,0.25746428966522217,-0.08219951391220093,0.5011792182922363,0.22055768966674805,-0.09942252933979034,0.5140199065208435,0.1917693167924881,-0.11215879023075104,0.5028675198554993,0.3237113058567047,-0.05568591505289078,0.5467382669448853,0.2660459280014038,-0.07875733077526093,0.5771138072013855,0.22934404015541077,-0.09428545832633972,0.6015309691429138,0.19989168643951416,-0.10688624531030655,0.5219860076904297,0.34524133801460266,-0.054640937596559525,0.5828883647918701,0.314912885427475,-0.07945560663938522,0.6211789846420288,0.29093772172927856,-0.09963277727365494,0.6505401134490967,0.2679654061794281,-0.11301591992378235,0.5300356149673462,0.3751124143600464,-0.05559998378157616,0.5887450575828552,0.36937400698661804,-0.07519804686307907,0.6250522136688232,0.36385807394981384,-0.08724505454301834,0.6535614132881165,0.352457195520401,-0.0963885709643364,paper
0.3624025583267212,0.40484359860420227,9.311993665050977e-08,0.4039643704891205,0.37200865149497986,-0.013063529506325722,0.4535471796989441,0.356020450592041,-0.019005492329597473,0.4948557913303375,0.3499354422092438,-0.02533763460814953,0.525389552116394,0.33457446098327637,-0.03130897879600525,0.5048125386238098,0.3835451304912567,-0.0015930888475850224,0.5619873404502869,0.3832710385322571,-0.013450735248625278,0.5953935980796814,0.38627177476882935,-0.02513941191136837,0.622608482837677,0.39087098836898804,-0.03383856639266014,0.5051353573799133,0.40839749574661255,-0.004251641221344471,0.5655300617218018,0.4188489317893982,-0.013530324213206768,0.5999486446380615,0.4278457462787628,-0.02290000207722187,0.6252107620239258,0.43705010414123535,-0.030335428193211555,0.4948083162307739,0.4302177131175995,-0.010134970769286156,0.5492740869522095,0.44428786635398865,-0.019420728087425232,0.5788365602493286,0.45305106043815613,-0.02716320939362049,0.6001008152961731,0.459639310836792,-0.03287509083747864,0.47569724917411804,0.45156317949295044,-0.018025072291493416,0.5134177207946777,0.4684111773967743,-0.02421935833990574,0.5377845168113708,0.4753754138946533,-0.02752227522432804,0.5582423210144043,0.48009395599365234,-0.030470293015241623,paper
0.34441766142845154,0.4776158630847931,3.098786294231104e-07,0.40875881910324097,0.47180742025375366,-0.03227760270237923,0.45164400339126587,0.44038116931915283,-0.04863645136356354,0.47728708386421204,0.4017661511898041,-0.05789514258503914,0.5042011141777039,0.3727496266365051,-0.0669722780585289,0.41204097867012024,0.3753277659416199,-0.05565314367413521,0.43457525968551636,0.3128441274166107,-0.07220275700092316,0.45019078254699707,0.2776027321815491,-0.08076466619968414,0.4629576504230499,0.24967476725578308,-0.08701279014348984,0.3771915137767792,0.3569490313529968,-0.045418545603752136,0.3932284116744995,0.2846185564994812,-0.0664888322353363,0.40964001417160034,0.24116909503936768,-0.07937698066234589,0.4220201373100281,0.2100527137517929,-0.089231938123703,0.34873777627944946,0.349310964345932,-0.03545379638671875,0.3600339889526367,0.2793693542480469,-0.054404113441705704,0.3740919232368469,0.23725095391273499,-0.06792821735143661,0.38765814900398254,0.2064211666584015,-0.07734657824039459,0.3288855254650116,0.3494459390640259,-0.02678963728249073,0.3292109966278076,0.29047083854675293,-0.04458696022629738,0.332872211933136,0.25417840480804443,-0.05754637345671654,0.34032419323921204,0.22509202361106873,-0.06644336879253387,paper
0.581082284450531,0.7146790027618408,9.568438485985098e-08,0.5815032124519348,0.7741178870201111,-0.007446275092661381,0.5506880283355713,0.815633237361908,-0.011855538003146648,0.5052536725997925,0.8395217061042786,-0.01392071507871151,0.4683564007282257,0.8548024296760559,-0.0156878512352705,0.4977508783340454,0.806954026222229,-0.01939399167895317,0.436478853225708,0.8414907455444336,-0.02831106260418892,0.40458470582962036,0.8612098097801208,-0.031296342611312866,0.3784536123275757,0.8759883642196655,-0.03244263306260109,0.48245012760162354,0.777493417263031,-0.01950286142528057,0.4190993905067444,0.812411367893219,-0.028417889028787613,0.3827775716781616,0.8316839337348938,-0.03251441568136215,0.3541659414768219,0.8460188508033752,-0.03440061956644058,0.47738850116729736,0.7473311424255371,-0.01959812641143799,0.41748058795928955,0.7741183638572693,-0.029656020924448967,0.38064512610435486,0.7906419038772583,-0.03640972077846527,0.35302430391311646,0.8035236597061157,-0.03936212509870529,0.47654733061790466,0.7170681357383728,-0.01918940804898739,0.42726272344589233,0.7345311045646667,-0.02698860503733158,0.39719122648239136,0.7464859485626221,-0.030708713456988335,0.3725120723247528,0.7560766339302063,-0.03182295337319374,paper
0.5461713075637817,0.43541720509529114,1.4336764309064165e-07,0.5230444669723511,0.4983331561088562,-0.021823326125741005,0.4746118187904358,0.5394312143325806,-0.030403267592191696,0.4252050518989563,0.556933581829071,-0.037243545055389404,0.38986703753471375,0.5762234926223755,-0.04322007670998573,0.42405804991722107,0.5133463144302368,-0.013936149887740612,0.3641035258769989,0.5357608199119568,-0.029038116335868835,0.32688969373703003,0.546213686466217,-0.04110901430249214,0.2943550646305084,0.5526538491249084,-0.05001649633049965,0.416187584400177,0.480939656496048,-0.014093135483562946,0.35380661487579346,0.4950469434261322,-0.02755025215446949,0.3138379454612732,0.5018149018287659,-0.03923502191901207,0.2808464467525482,0.5063541531562805,-0.04758504405617714,0.4202108085155487,0.44855284690856934,-0.017754046246409416,0.3623886704444885,0.454006552696228,-0.031646378338336945,0.3259618580341339,0.4575282633304596,-0.04183186963200569,0.29595428705215454,0.4610750377178192,-0.04815330728888512,0.43262940645217896,0.4144175350666046,-0.02354024536907673,0.3878222703933716,0.4131722152233124,-0.035097137093544006,0.3576424717903137,0.4145193099975586,-0.0411539189517498,0.33069026470184326,0.4158885180950165,-0.04493241757154465,paper
0.1672559380531311,0.27360790967941284,-4.306593481828713e-08,0.1559416651725769,0.32177290320396423,-0.02703157439827919,0.16561239957809448,0.3624277412891388,-0.04577205330133438,0.1839459240436554,0.39292940497398376,-0.05829547345638275,0.19982150197029114,0.4182463586330414,-0.07010550051927567,0.20182859897613525,0.33136022090911865,-0.06694594770669937,0.2129964381456375,0.346049964427948,-0.09258212894201279,0.21492357552051544,0.34881770610809326,-0.10420481860637665,0.22092363238334656,0.3527613580226898,-0.1116199791431427,0.23406749963760376,0.30430370569229126,-0.06149936839938164,0.26223745942115784,0.3125956654548645,-0.0918542742729187,0.2817973792552948,0.32193419337272644,-0.10512685775756836,0.2982241213321686,0.33211904764175415,-0.11518247425556183,0.25894325971603394,0.2837170362472534,-0.05587652325630188,0.3018842041492462,0.29630759358406067,-0.08602692931890488,0.3350096344947815,0.3110871911048889,-0.10138873755931854,0.36367619037628174,0.32703128457069397,-0.11107207089662552,0.2717047929763794,0.2699454426765442,-0.050157155841588974,0.31808939576148987,0.2791755795478821,-0.07499510794878006,0.3479261100292206,0.2850002646446228,-0.0888471007347107,0.37552887201309204,0.29356616735458374,-0.09857074171304703,paper
0.3889215886592865,0.9168540835380554,1.4360536759738807e-08,0.3872148096561432,0.8798511624336243,-0.012414168566465378,0.4042667746543884,0.8465330600738525,-0.02011260949075222,0.42354869842529297,0.8224276304244995,-0.027467530220746994,0.43025892972946167,0.7993891835212708,-0.035234350711107254,0.4527665972709656,0.8474469780921936,-0.011692430824041367,0.47709187865257263,0.8172215223312378,-0.02187780663371086,0.4930410385131836,0.7988612651824951,-0.031266529113054276,0.5070323348045349,0.7837297916412354,-0.03863940015435219,0.46666958928108215,0.8643063306808472,-0.013757545500993729,0.4970894455909729,0.8397130370140076,-0.022819656878709793,0.5168940424919128,0.8219748735427856,-0.03169733285903931,0.5323742628097534,0.8072628378868103,-0.038790661841630936,0.47147947549819946,0.8849771618843079,-0.01752343401312828,0.5053685903549194,0.869209885597229,-0.026760470122098923,0.5266463756561279,0.8565018773078918,-0.03556827828288078,0.5432289242744446,0.8455440402030945,-0.042013633996248245,0.4700215756893158,0.9072927236557007,-0.02240643836557865,0.5000820159912109,0.9027403593063354,-0.03016018122434616,0.5193253755569458,0.8977309465408325,-0.03532154858112335,0.5352842807769775,0.8921964168548584,-0.03928392007946968,paper
0.8680864572525024,0.583673357963562,-4.4104703533776046e-07,0.7680968046188354,0.5493212938308716,0.042099762707948685,0.6925715804100037,0.5303308963775635,0.020857257768511772,0.6361216306686401,0.5300681591033936,-0.0030762155074626207,0.5714727640151978,0.5414750576019287,-0.03392946347594261,0.6595343947410583,0.5057349801063538,-0.16333627700805664,0.5554882287979126,0.5056118369102478,-0.2341255396604538,0.49156302213668823,0.5192344188690186,-0.26061055064201355,0.4392152428627014,0.5451858043670654,-0.27998319268226624,0.7015442848205566,0.5150477290153503,-0.2202766239643097,0.6007126569747925,0.5116567611694336,-0.3368019759654999,0.5307628512382507,0.5318812727928162,-0.39258307218551636,0.4647108316421509,0.5517463088035583,-0.43278539180755615,0.7615140676498413,0.5281054973602295,-0.2606104016304016,0.6917403936386108,0.5346174836158752,-0.3745032846927643,0.63099205493927,0.5522570013999939,-0.43609869480133057,0.573561429977417,0.5698655843734741,-0.47713503241539,0.8269065618515015,0.5437037944793701,-0.2869427502155304,0.8189522624015808,0.5593887567520142,-0.3809390068054199,0.8016343116760254,0.5746198892593384,-0.43282416462898254,0.7742996215820312,0.593873143196106,-0.47436684370040894,paper
0.5128672122955322,0.5804802775382996,-2.800471463615395e-07,0.4007984697818756,0.5859441757202148,0.07818365097045898,0.3155844211578369,0.5694254636764526,0.10098250210285187,0.24968402087688446,0.546368420124054,0.12058307975530624,0.18449309468269348,0.5469611883163452,0.1362028568983078,0.28676271438598633,0.4826730787754059,-0.03608198091387749,0.18813158571720123,0.43327030539512634,-0.056697238236665726,0.1273060142993927,0.3969346880912781,-0.05998283997178078,0.08655691146850586,0.3652593493461609,-0.0574023574590683,0.3248976767063141,0.4452582001686096,-0.0585639588534832,0.22904223203659058,0.36673980951309204,-0.08339723199605942,0.18010936677455902,0.3121788203716278,-0.07437383383512497,0.14740362763404846,0.26815521717071533,-0.0648503378033638,0.37197619676589966,0.42054951190948486,-0.06762993335723877,0.2982654273509979,0.3400293290615082,-0.09430161863565445,0.25476783514022827,0.27617067098617554,-0.09764087200164795,0.2278522253036499,0.23343916237354279,-0.09288737177848816,0.4250050187110901,0.39595624804496765,-0.06217510625720024,0.38551875948905945,0.31521984934806824,-0.08771383762359619,0.3612258732318878,0.26283252239227295,-0.0974387526512146,0.3392620086669922,0.21879321336746216,-0.09872288256883621,paper
0.3623236119747162,0.08020016551017761,1.531195295001453e-07,0.44969770312309265,0.1583406627178192,-0.029182016849517822,0.4871171712875366,0.2749691605567932,-0.02862374670803547,0.4920344352722168,0.3681538999080658,-0.026812540367245674,0.5080611705780029,0.43567517399787903,-0.021902017295360565,0.4304288625717163,0.3439493477344513,0.02229834720492363,0.4395160377025604,0.44357994198799133,0.014832460321485996,0.4397679567337036,0.4998273551464081,0.0016151771415024996,0.43727195262908936,0.5491737127304077,-0.010067345574498177,0.37611186504364014,0.3434796631336212,0.023263664916157722,0.3725476861000061,0.44534194469451904,0.019813185557723045,0.36610573530197144,0.508254885673523,0.0060414220206439495,0.3606009781360626,0.5574740171432495,-0.005498626735061407,0.32810816168785095,0.3233543038368225,0.015982629731297493,0.316723495721817,0.4176601767539978,0.00640077143907547,0.3083123564720154,0.47451913356781006,-0.00983277428895235,0.30194804072380066,0.5221667289733887,-0.021723506972193718,0.2786549925804138,0.2908570170402527,0.004588426556438208,0.25738802552223206,0.36216187477111816,-0.005001341924071312,0.24669557809829712,0.4105979800224304,-0.013995985500514507,0.23504996299743652,0.4558362066745758,-0.02131347917020321,paper
0.7677248120307922,0.7385066747665405,2.61958291503106e-07,0.7764869928359985,0.6813427209854126,-0.0572344996035099,0.7497265934944153,0.6104031205177307,-0.0749736875295639,0.7105540633201599,0.5480672121047974,-0.08520708978176117,0.6654083132743835,0.5027071237564087,-0.0946473777294159,0.6574100255966187,0.5538380146026611,-0.03853286802768707,0.5992797017097473,0.4860338270664215,-0.0596190020442009,0.5545859932899475,0.45086240768432617,-0.0812508761882782,0.5110793113708496,0.423450231552124,-0.09880964457988739,0.6231315732002258,0.5759173035621643,-0.026754558086395264,0.5546834468841553,0.5137888193130493,-0.04794865846633911,0.49981558322906494,0.4853336811065674,-0.07179334759712219,0.4513002038002014,0.4708029627799988,-0.08987811207771301,0.6029075980186462,0.612051784992218,-0.021577516570687294,0.532902717590332,0.5590391159057617,-0.04691128060221672,0.48226338624954224,0.53935307264328,-0.07240436971187592,0.43703344464302063,0.5288125276565552,-0.08921802788972855,0.5921522974967957,0.6586002111434937,-0.021478882059454918,0.5282182693481445,0.631801962852478,-0.05048562213778496,0.4838584363460541,0.6196584105491638,-0.07202498614788055,0.44596025347709656,0.6099719405174255,-0.08587130159139633,paper
0.15692849457263947,0.5910744071006775,2.2461517801275477e-07,0.2379244863986969,0.6067217588424683,0.01449420116841793,0.304843932390213,0.5812460780143738,0.025552844628691673,0.3564591407775879,0.5417720675468445,0.03645544499158859,0.396256685256958,0.5259659886360168,0.04587506502866745,0.31761249899864197,0.48976069688796997,-0.0005204736371524632,0.3897351622581482,0.43000102043151855,0.0008346075774170458,0.42867806553840637,0.3964257538318634,0.005368304438889027,0.45730340480804443,0.3719996213912964,0.008193129673600197,0.28541746735572815,0.4560434818267822,-0.006187941413372755,0.35445940494537354,0.38706883788108826,-0.012251799926161766,0.3934834599494934,0.3451560139656067,-0.014727075584232807,0.42174962162971497,0.31577426195144653,-0.016015667468309402,0.2454528510570526,0.43667542934417725,-0.008889235556125641,0.3057484030723572,0.3667227625846863,-0.016269048675894737,0.34346434473991394,0.32798105478286743,-0.02323848567903042,0.3721606433391571,0.30081748962402344,-0.027337411418557167,0.20132949948310852,0.4286239445209503,-0.008480682969093323,0.23315030336380005,0.3610343635082245,-0.01792498677968979,0.25603625178337097,0.3223765194416046,-0.024753393605351448,0.2787550985813141,0.2924404740333557,-0.02786015160381794,paper
0.44873255491256714,0.579789936542511,2.293473642112076e-07,0.41601836681365967,0.5316306948661804,-0.07507482171058655,0.3979492783546448,0.45870402455329895,-0.11576379090547562,0.41135188937187195,0.38880154490470886,-0.14706562459468842,0.432456374168396,0.32693490386009216,-0.1757197082042694,0.4788162112236023,0.3505900502204895,-0.07907027751207352,0.48629432916641235,0.24806831777095795,-0.12276419997215271,0.49950405955314636,0.18323996663093567,-0.15567363798618317,0.5172395706176758,0.1309838443994522,-0.17957624793052673,0.5265690684318542,0.3549056649208069,-0.06631170958280563,0.5597730875015259,0.25271838903427124,-0.10682643949985504,0.5921574234962463,0.19481804966926575,-0.13539955019950867,0.6231511235237122,0.14977431297302246,-0.15610936284065247,0.5616093873977661,0.3810676336288452,-0.06130513921380043,0.6119875311851501,0.300197958946228,-0.09929995983839035,0.6550212502479553,0.2577260136604309,-0.1253325343132019,0.6952290534973145,0.22246630489826202,-0.1425129473209381,0.5872788429260254,0.42250382900238037,-0.06265643239021301,0.6366499662399292,0.3648182153701782,-0.09361493587493896,0.674473226070404,0.332300066947937,-0.11200923472642899,0.711450457572937,0.3036293685436249,-0.12504224479198456,paper
0.7312076091766357,0.2719530463218689,2.8951430408596934e-07,0.7342748641967773,0.2172640711069107,-0.030844056978821754,0.7066492438316345,0.16965889930725098,-0.040474746376276016,0.674932599067688,0.1374240666627884,-0.046973466873168945,0.6485169529914856,0.11384089291095734,-0.05426016449928284,0.6228243112564087,0.17192226648330688,-0.028546467423439026,0.5683007836341858,0.13203267753124237,-0.042930494993925095,0.5330169200897217,0.10676756501197815,-0.05674226954579353,0.4996890425682068,0.08540308475494385,-0.06889616698026657,0.6028414368629456,0.19954203069210052,-0.026374567300081253,0.5372422337532043,0.17676939070224762,-0.04382643103599548,0.49284297227859497,0.16745521128177643,-0.062255848199129105,0.45778748393058777,0.16435736417770386,-0.07608506828546524,0.596208393573761,0.23164042830467224,-0.0267780851572752,0.5323497653007507,0.21972894668579102,-0.04722822085022926,0.48848283290863037,0.21541225910186768,-0.06572455167770386,0.4536241292953491,0.2162618488073349,-0.07785163074731827,0.6008477807044983,0.2670774757862091,-0.02950526773929596,0.5470439791679382,0.2702449560165405,-0.05177693068981171,0.510554850101471,0.27218401432037354,-0.06565778702497482,0.4805558919906616,0.2730342149734497,-0.07396010309457779,paper
0.7548061013221741,0.5177691578865051,4.320997106788127e-07,0.7847977876663208,0.5637794733047485,-0.05121728032827377,0.784861147403717,0.6065688133239746,-0.07233800739049911,0.782203197479248,0.6467272043228149,-0.07698028534650803,0.7798682451248169,0.6819275617599487,-0.07839615643024445,0.7086419463157654,0.6355212330818176,-0.07841722667217255,0.6819825768470764,0.6833987236022949,-0.09220479428768158,0.6630163192749023,0.7182548642158508,-0.09977307170629501,0.6466675400733948,0.7416683435440063,-0.10265403985977173,0.6873598694801331,0.6248762011528015,-0.04095401614904404,0.6422667503356934,0.6660754680633545,-0.05736960843205452,0.6186742782592773,0.6966284513473511,-0.0655168890953064,0.5975452065467834,0.7219699621200562,-0.07028620690107346,0.6797927021980286,0.6148378849029541,-0.0019107636762782931,0.6361438632011414,0.6468353271484375,-0.013218848034739494,0.6095913052558899,0.6725094318389893,-0.024636073037981987,0.5891895294189453,0.6926523447036743,-0.030075430870056152,0.6791252493858337,0.6074650287628174,0.03633119910955429,0.6445361971855164,0.634981632232666,0.03488928824663162,0.62399822473526,0.6524077653884888,0.029570192098617554,0.6059962511062622,0.6671003699302673,0.025493325665593147,paper
0.06486418843269348,0.4774364233016968,-7.282298497557349e-07,0.06367942690849304,0.3853333294391632,0.10324632376432419,0.07974816858768463,0.32994699478149414,0.14798212051391602,0.10171344876289368,0.2858518660068512,0.17926464974880219,0.10385538637638092,0.24138373136520386,0.20649291574954987,0.15287113189697266,0.2767420709133148,0.050054434686899185,0.1809006929397583,0.18957167863845825,0.05147543549537659,0.19571635127067566,0.13396456837654114,0.056592974811792374,0.20713208615779877,0.09586918354034424,0.06302621960639954,0.18275780975818634,0.30056843161582947,0.00859486311674118,0.23641061782836914,0.20011942088603973,-0.0011156456312164664,0.2690659761428833,0.14399901032447815,0.0024360071402043104,0.2898484170436859,0.10251078009605408,0.0063908579759299755,0.20864363014698029,0.3342403471469879,-0.022607890889048576,0.27584078907966614,0.2590806186199188,-0.03579912707209587,0.3174492418766022,0.20694726705551147,-0.0400027260184288,0.3426539897918701,0.16855643689632416,-0.039171379059553146,0.23651789128780365,0.37813931703567505,-0.040755175054073334,0.30734485387802124,0.34066179394721985,-0.04873112216591835,0.3487577438354492,0.3176860511302948,-0.05105036124587059,0.38103121519088745,0.29616037011146545,-0.05092503875494003,paper
0.434246301651001,0.5162258744239807,4.421848984748067e-07,0.4463414251804352,0.5016729831695557,-0.04795337840914726,0.43895086646080017,0.47033074498176575,-0.07279536873102188,0.4347318112850189,0.437669038772583,-0.0902380719780922,0.43090981245040894,0.40682855248451233,-0.10620319843292236,0.4147312343120575,0.3978949189186096,-0.050831347703933716,0.4059922993183136,0.3406848907470703,-0.07605822384357452,0.4089120924472809,0.301962286233902,-0.09687302261590958,0.4137086570262909,0.2719112038612366,-0.11150972545146942,0.41654932498931885,0.3875637352466583,-0.03626061603426933,0.4107803404331207,0.32543009519577026,-0.06352385878562927,0.4200315773487091,0.28284525871276855,-0.0836818516254425,0.42999666929244995,0.25146377086639404,-0.09730114042758942,0.4229898154735565,0.38656067848205566,-0.02525671012699604,0.4231888949871063,0.3278259038925171,-0.048327840864658356,0.43670663237571716,0.2907019853591919,-0.06280086934566498,0.4492627680301666,0.26508641242980957,-0.07131252437829971,0.4331703186035156,0.3913491368293762,-0.017986925318837166,0.44509756565093994,0.35257798433303833,-0.03518781438469887,0.4573253393173218,0.3229753077030182,-0.04509695619344711,0.47012609243392944,0.2993076741695404,-0.051713038235902786,paper
0.8025773763656616,0.4183676838874817,2.4837538603605935e-07,0.7576691508293152,0.5251042246818542,-0.010970096103847027,0.675717830657959,0.5715610384941101,0.0036062945146113634,0.6005399227142334,0.5910400748252869,0.02850516140460968,0.538677990436554,0.6064908504486084,0.06094159185886383,0.5883617401123047,0.503275454044342,0.0184495709836483,0.4951505959033966,0.5336635112762451,0.06165168061852455,0.44887620210647583,0.5552545785903931,0.09753847122192383,0.4162275791168213,0.5717127323150635,0.12298799306154251,0.5887989401817322,0.4483315944671631,0.053451817482709885,0.4933227002620697,0.47755223512649536,0.09652616828680038,0.45245295763015747,0.4969971776008606,0.13460032641887665,0.42623966932296753,0.5131176114082336,0.16441667079925537,0.6021310687065125,0.4129300117492676,0.08964701741933823,0.5206032395362854,0.4291480481624603,0.12874209880828857,0.47713249921798706,0.44801297783851624,0.16000835597515106,0.45167994499206543,0.46515583992004395,0.1843901127576828,0.6239359974861145,0.38409674167633057,0.12554582953453064,0.563410758972168,0.38579145073890686,0.16526035964488983,0.52814120054245,0.39875268936157227,0.19162386655807495,0.506083607673645,0.4119078814983368,0.21312876045703888,paper
0.3593102991580963,0.34636712074279785,1.7982820565976e-07,0.32965946197509766,0.28397858142852783,-0.02759215608239174,0.33941787481307983,0.2136213183403015,-0.03907141461968422,0.3628336787223816,0.16214042901992798,-0.04766545444726944,0.3705383539199829,0.12023739516735077,-0.05531664192676544,0.42184358835220337,0.19241176545619965,-0.018956229090690613,0.4556964337825775,0.1324583888053894,-0.03465081751346588,0.4771721363067627,0.09515218436717987,-0.04884210601449013,0.49477747082710266,0.06442554295063019,-0.05943898856639862,0.4462173581123352,0.21028093993663788,-0.016500288620591164,0.4873805344104767,0.15496432781219482,-0.028953999280929565,0.5134741067886353,0.11638107895851135,-0.041179295629262924,0.5331215858459473,0.08560895919799805,-0.050430022180080414,0.4587427079677582,0.23771312832832336,-0.018000150099396706,0.4976832866668701,0.19341368973255157,-0.030529705807566643,0.516985297203064,0.16136574745178223,-0.04155711084604263,0.5298740863800049,0.13455551862716675,-0.0491185262799263,0.46437856554985046,0.27392345666885376,-0.022517511621117592,0.5006473064422607,0.24464151263237,-0.033953744918107986,0.5181131958961487,0.22141794860363007,-0.040991730988025665,0.5313418507575989,0.20041614770889282,-0.04566485434770584,paper
0.5586374402046204,0.4405224323272705,8.143566709861716e-09,0.5292285084724426,0.42659878730773926,0.0050951577723026276,0.5004370808601379,0.4099184572696686,0.003903101896867156,0.47663185000419617,0.4014085829257965,0.00038169315666891634,0.45505931973457336,0.3973557949066162,-0.004554995335638523,0.4917564392089844,0.3911866545677185,-0.0007631071493960917,0.45571058988571167,0.37728336453437805,-0.010261309333145618,0.42766839265823364,0.3684115409851074,-0.018026119098067284,0.4043806195259094,0.3626629114151001,-0.023906398564577103,0.4948263466358185,0.39362502098083496,-0.010632704943418503,0.45361804962158203,0.37821662425994873,-0.01944568380713463,0.4221614897251129,0.3694658577442169,-0.02706262841820717,0.3975104093551636,0.363129198551178,-0.033213019371032715,0.5011380314826965,0.40258365869522095,-0.0204930417239666,0.4620664119720459,0.38670143485069275,-0.029009021818637848,0.4312385320663452,0.3790654242038727,-0.03539516031742096,0.4071590304374695,0.37277522683143616,-0.040332160890102386,0.5085036754608154,0.41717129945755005,-0.02983001247048378,0.48343947529792786,0.407596230506897,-0.03923741355538368,0.4617815315723419,0.400038480758667,-0.044243376702070236,0.44256994128227234,0.3926238715648651,-0.04788820445537567,paper
0.6372816562652588,0.25620943307876587,4.096483792181971e-07,0.6304536461830139,0.2843380272388458,-0.04369735345244408,0.6112194657325745,0.30221864581108093,-0.06741038709878922,0.5925626158714294,0.319452702999115,-0.0828385278582573,0.586048424243927,0.33779072761535645,-0.09805923700332642,0.5581074357032776,0.27012068033218384,-0.05606236308813095,0.5222005844116211,0.2674882113933563,-0.07415853440761566,0.497589647769928,0.2622978985309601,-0.08911769837141037,0.47613322734832764,0.25677189230918884,-0.09935921430587769,0.5511419177055359,0.25988155603408813,-0.03930254280567169,0.5058566331863403,0.2530706822872162,-0.05590815097093582,0.4747599959373474,0.24598902463912964,-0.06835639476776123,0.4482978284358978,0.2391110360622406,-0.07744427770376205,0.5501635074615479,0.25681957602500916,-0.02426191419363022,0.5098429918289185,0.2509213387966156,-0.036777276545763016,0.48270249366760254,0.2466517984867096,-0.048007842153310776,0.4616430103778839,0.24289196729660034,-0.05555376783013344,0.5513814687728882,0.25835588574409485,-0.012397768907248974,0.519336462020874,0.2538459002971649,-0.020726095885038376,0.49740245938301086,0.25236642360687256,-0.027700655162334442,0.4790314733982086,0.24898286163806915,-0.03321985527873039,paper
0.6351615190505981,0.7315802574157715,5.173700969862693e-07,0.638327956199646,0.692071795463562,-0.08272122591733932,0.6043158173561096,0.6470383405685425,-0.11684760451316833,0.5603771209716797,0.6124651432037354,-0.1371723860502243,0.5115745067596436,0.5859025716781616,-0.157913476228714,0.5448777675628662,0.5914686322212219,-0.06893671303987503,0.4900386333465576,0.5457139015197754,-0.08885049819946289,0.4449750483036041,0.5192713141441345,-0.10992863774299622,0.40545207262039185,0.5038080811500549,-0.12658892571926117,0.520704448223114,0.6135695576667786,-0.04079160466790199,0.45653343200683594,0.5644794702529907,-0.05960272252559662,0.4050394892692566,0.547762930393219,-0.08466529101133347,0.3640960454940796,0.5408271551132202,-0.10340627282857895,0.5067728757858276,0.6430820822715759,-0.019138023257255554,0.4461275339126587,0.602668285369873,-0.03853271156549454,0.3959841728210449,0.5886860489845276,-0.06698784977197647,0.3577931523323059,0.5835388898849487,-0.08751482516527176,0.4983915090560913,0.6787744760513306,-0.0041626011952757835,0.44584453105926514,0.6595979928970337,-0.026468833908438683,0.40437930822372437,0.6505076885223389,-0.04926108568906784,0.3730030953884125,0.6435526609420776,-0.06626084446907043,paper
0.4220021367073059,0.6296769380569458,3.027225545793044e-07,0.3837832510471344,0.5682429075241089,-0.00986848771572113,0.3732571303844452,0.5018393993377686,-0.013702371157705784,0.3815472424030304,0.44718697667121887,-0.017955709248781204,0.3828493356704712,0.40138769149780273,-0.020755115896463394,0.4001770317554474,0.4471761882305145,0.004759675357490778,0.41440004110336304,0.3715082108974457,-0.003988152835518122,0.4260927438735962,0.32842057943344116,-0.01206581573933363,0.43707290291786194,0.29444605112075806,-0.01793375425040722,0.4345379173755646,0.4563206434249878,0.0013235562946647406,0.459985613822937,0.3828190565109253,-0.005714218597859144,0.47970542311668396,0.33961862325668335,-0.015845701098442078,0.49553319811820984,0.3071072995662689,-0.0237605981528759,0.4646695852279663,0.47703903913497925,-0.005184606648981571,0.49391138553619385,0.41238364577293396,-0.013886037282645702,0.5156704783439636,0.3736810088157654,-0.0257894154638052,0.5314451456069946,0.3445196747779846,-0.03437933698296547,0.4948199987411499,0.5056532025337219,-0.012690284289419651,0.5283253788948059,0.4640904664993286,-0.01984250359237194,0.5492575168609619,0.4348772168159485,-0.02660772204399109,0.566897451877594,0.40860775113105774,-0.031530652195215225,paper
0.7541608810424805,0.46056413650512695,2.1668761007731518e-07,0.7026185989379883,0.48593586683273315,-0.009189628064632416,0.6594113707542419,0.4789818525314331,-0.015802033245563507,0.6224746704101562,0.4645864963531494,-0.02101125195622444,0.5917893052101135,0.46592476963996887,-0.02759220264852047,0.6567001938819885,0.4166312515735626,-0.019492927938699722,0.6098979711532593,0.38484105467796326,-0.022840503603219986,0.5817437767982483,0.36616748571395874,-0.024971917271614075,0.5608375072479248,0.34924936294555664,-0.027447275817394257,0.67885822057724,0.39369848370552063,-0.01912239007651806,0.6359390616416931,0.3530731499195099,-0.021971821784973145,0.6074160933494568,0.3263621926307678,-0.027777880430221558,0.5878514647483826,0.3044465184211731,-0.03390207514166832,0.7051706910133362,0.38215020298957825,-0.0183560773730278,0.674209475517273,0.33552801609039307,-0.025019001215696335,0.6511555910110474,0.3037911057472229,-0.03783442825078964,0.6345223784446716,0.28021952509880066,-0.047836579382419586,0.7321228384971619,0.3760583996772766,-0.017065709456801414,0.7282130122184753,0.33081021904945374,-0.023735158145427704,0.7233976721763611,0.3030402362346649,-0.031135987490415573,0.7175634503364563,0.28134864568710327,-0.03731103986501694,paper
0.37288016080856323,0.053696125745773315,2.2816038836026564e-07,0.4705910384654999,0.14098960161209106,-0.03527994826436043,0.5154461860656738,0.26423826813697815,-0.04195329174399376,0.5195479989051819,0.36849474906921387,-0.0468088760972023,0.538927435874939,0.44693446159362793,-0.04885073006153107,0.43303829431533813,0.3606334924697876,0.011614387854933739,0.43184205889701843,0.47859621047973633,-0.0011883167317137122,0.42667287588119507,0.5446363687515259,-0.019358409568667412,0.4199126958847046,0.6021689176559448,-0.03508375585079193,0.3697222173213959,0.35522526502609253,0.01110818237066269,0.355400949716568,0.4745076596736908,0.001922770170494914,0.3423987925052643,0.5472195744514465,-0.017404284328222275,0.33234408497810364,0.6049486994743347,-0.033751510083675385,0.3170454502105713,0.3273288309574127,0.002146640792489052,0.29168039560317993,0.4362257122993469,-0.012880343943834305,0.27597835659980774,0.5028318166732788,-0.03401831537485123,0.26683175563812256,0.5586550235748291,-0.05008026584982872,0.2659395933151245,0.28396838903427124,-0.011180945672094822,0.23623529076576233,0.36511215567588806,-0.027024684473872185,0.2234736979007721,0.4208933711051941,-0.03976495563983917,0.21205362677574158,0.47205954790115356,-0.04980410262942314,paper
0.7962206602096558,0.7748152017593384,5.400751206252608e-07,0.8277537822723389,0.7877123951911926,-0.05261760205030441,0.8488987684249878,0.801862895488739,-0.09426914900541306,0.8632182478904724,0.8394745588302612,-0.12833768129348755,0.8803114295005798,0.8752135038375854,-0.1639890819787979,0.7879471778869629,0.7654290795326233,-0.09980927407741547,0.7850745916366577,0.7409736514091492,-0.1327388733625412,0.7835748791694641,0.718593418598175,-0.1526850014925003,0.7837083339691162,0.692642867565155,-0.16691380739212036,0.7503558397293091,0.7571655511856079,-0.09259189665317535,0.7259544134140015,0.7157476544380188,-0.11855226010084152,0.707850456237793,0.6841269135475159,-0.1315365731716156,0.6902122497558594,0.651548445224762,-0.14441551268100739,0.722307026386261,0.75907301902771,-0.08725525438785553,0.6882016062736511,0.7199126482009888,-0.11329779773950577,0.6693276166915894,0.6866245865821838,-0.12882910668849945,0.6497544646263123,0.6543126106262207,-0.14121966063976288,0.7018588185310364,0.7670491933822632,-0.08523502200841904,0.654579758644104,0.7530900239944458,-0.10233316570520401,0.6244478821754456,0.7392056584358215,-0.11022640019655228,0.596390426158905,0.7240171432495117,-0.11930683255195618,paper
0.1400335133075714,0.10790392756462097,2.0924242960518313e-07,0.16127422451972961,0.15787912905216217,-0.003932984080165625,0.20189987123012543,0.19808413088321686,-0.01230764389038086,0.23875544965267181,0.2274179309606552,-0.018734250217676163,0.2711140513420105,0.24869845807552338,-0.027825724333524704,0.19965729117393494,0.20165394246578217,-0.051996175199747086,0.2480657696723938,0.2529869079589844,-0.07269197702407837,0.2844407856464386,0.28013184666633606,-0.08329138159751892,0.3133365511894226,0.3022501468658447,-0.09137549996376038,0.20274537801742554,0.17237725853919983,-0.06089071184396744,0.26204022765159607,0.2079864889383316,-0.08637506514787674,0.30787187814712524,0.22280696034431458,-0.10147204995155334,0.3425450921058655,0.23379765450954437,-0.11317116767168045,0.20440779626369476,0.13688603043556213,-0.0661962702870369,0.26438045501708984,0.161135733127594,-0.08898996561765671,0.3107970952987671,0.17264330387115479,-0.101376011967659,0.3478545546531677,0.1822097897529602,-0.11040540039539337,0.2072489708662033,0.09975272417068481,-0.06961597502231598,0.2577122151851654,0.10391221195459366,-0.09128281474113464,0.2901619076728821,0.10699480026960373,-0.09991934150457382,0.3193117380142212,0.1127936914563179,-0.10515812784433365,paper
0.4153582453727722,0.8606467247009277,2.8848111455204162e-08,0.43932604789733887,0.8317517042160034,-0.0068936473689973354,0.4735024869441986,0.8128694891929626,-0.009430591017007828,0.5017405152320862,0.8030996322631836,-0.0124570457264781,0.5211915969848633,0.7921720743179321,-0.015101735480129719,0.5057786703109741,0.8272335529327393,0.0011716840090230107,0.5411315560340881,0.8199242353439331,-0.005159324966371059,0.5611284375190735,0.8169918060302734,-0.011560031212866306,0.5785998702049255,0.8154927492141724,-0.016539955511689186,0.5082400441169739,0.8455660343170166,-0.001237483462318778,0.545708954334259,0.8449956178665161,-0.0062965527176856995,0.5680367350578308,0.8451775312423706,-0.012110118754208088,0.5861324071884155,0.8462070226669312,-0.0169051680713892,0.5032017230987549,0.8627671599388123,-0.005570011213421822,0.5371702909469604,0.8657609820365906,-0.010936812497675419,0.557918906211853,0.8674957752227783,-0.015827076509594917,0.5751606225967407,0.8684301376342773,-0.019768157973885536,0.49311211705207825,0.8802028298377991,-0.010960130952298641,0.5172796249389648,0.8887810111045837,-0.015023424290120602,0.5340145230293274,0.8924788236618042,-0.017204998061060905,0.5493889451026917,0.8948196172714233,-0.019202494993805885,paper
0.8825765252113342,0.5610420107841492,1.9543132623311976e-07,0.8943698406219482,0.6116966009140015,-0.013766187243163586,0.8770241141319275,0.6544421911239624,-0.02453932911157608,0.8481910824775696,0.6844694018363953,-0.03222697228193283,0.8219134211540222,0.7061210870742798,-0.04031646251678467,0.835951030254364,0.6466565132141113,-0.03590209037065506,0.7892882823944092,0.6887773871421814,-0.05096564441919327,0.7627728581428528,0.7136529088020325,-0.057847220450639725,0.7414093017578125,0.7315575480461121,-0.06137118861079216,0.8176911473274231,0.620613694190979,-0.03564336895942688,0.7660992741584778,0.6588611006736755,-0.049327339977025986,0.7327773571014404,0.6808789372444153,-0.05707821622490883,0.7057121396064758,0.6960490942001343,-0.06215641647577286,0.8076783418655396,0.5942297577857971,-0.035177115350961685,0.7576994299888611,0.6249500513076782,-0.04966627433896065,0.7246055006980896,0.6434711813926697,-0.059510767459869385,0.6991990208625793,0.6564686894416809,-0.06503269076347351,0.80148845911026,0.5682027339935303,-0.034372687339782715,0.7575558423995972,0.5810128450393677,-0.04726618155837059,0.7293800711631775,0.5907423496246338,-0.05387411266565323,0.7062391042709351,0.5999190807342529,-0.05728007107973099,paper
1.0159292221069336,0.331419438123703,-2.7874250463355565e-07,0.9300879240036011,0.47271955013275146,-0.031759798526763916,0.8053838610649109,0.5422319769859314,-0.03606448695063591,0.683159589767456,0.5576331615447998,-0.042872097343206406,0.591117262840271,0.5791130065917969,-0.04800794646143913,0.664634644985199,0.4465397000312805,0.03462858498096466,0.5284162759780884,0.4791620373725891,0.015338756144046783,0.4503367841243744,0.5024906992912292,-0.014269225299358368,0.3823249340057373,0.524541437625885,-0.037253402173519135,0.6570931077003479,0.3672477900981903,0.03035822883248329,0.5139261484146118,0.38199102878570557,0.019756341353058815,0.42825251817703247,0.39847713708877563,-0.007442936301231384,0.3588920831680298,0.415235698223114,-0.03079753927886486,0.6772042512893677,0.2951826751232147,0.015709005296230316,0.5478122234344482,0.2948586642742157,0.0006764912395738065,0.4711706042289734,0.30681461095809937,-0.02132682502269745,0.4078722298145294,0.3229077458381653,-0.03837069496512413,0.7193156480789185,0.22252869606018066,-0.004410576540976763,0.6116240620613098,0.21098782122135162,-0.01686294563114643,0.5439896583557129,0.21869978308677673,-0.025428595021367073,0.4828999638557434,0.23067492246627808,-0.032830916345119476,paper
0.7919198870658875,0.3005713224411011,1.7775587934920623e-07,0.7897801995277405,0.261854887008667,-0.011400304734706879,0.7728550434112549,0.2254815548658371,-0.01240778062492609,0.7541549801826477,0.19932764768600464,-0.012959484942257404,0.7478406429290771,0.17606301605701447,-0.0132606728002429,0.7307280898094177,0.2335968315601349,0.0004764826444443315,0.7076732516288757,0.20887970924377441,-0.002960139885544777,0.69317227602005,0.196162149310112,-0.007630547508597374,0.6796448826789856,0.18622270226478577,-0.011991878971457481,0.7169682383537292,0.2496679425239563,0.0007190973847173154,0.6864301562309265,0.2301056832075119,-0.002343470463529229,0.6672548651695251,0.21855831146240234,-0.009067295119166374,0.6507185697555542,0.21008124947547913,-0.014976910315454006,0.7099114656448364,0.268310546875,-0.001129062962718308,0.6770353317260742,0.2549884021282196,-0.006769660860300064,0.6586193442344666,0.2463851273059845,-0.013544384390115738,0.6432992219924927,0.23895558714866638,-0.01876777969300747,0.7082563042640686,0.28876593708992004,-0.004237029235810041,0.6790573596954346,0.28562334179878235,-0.011254731565713882,0.6609228849411011,0.2826545834541321,-0.016111651435494423,0.6452481746673584,0.27807489037513733,-0.019461164250969887,paper
0.6772783994674683,0.5374995470046997,2.4246836005659134e-07,0.6977022886276245,0.5808520317077637,-0.016491249203681946,0.697353184223175,0.6220869421958923,-0.025570077821612358,0.6943776607513428,0.6579161286354065,-0.03176984190940857,0.7051528692245483,0.6835985779762268,-0.03848762810230255,0.6411452889442444,0.6198906302452087,-0.016467075794935226,0.62526535987854,0.6505115032196045,-0.01929611898958683,0.6168193221092224,0.6670628786087036,-0.023979978635907173,0.6050254106521606,0.6801978349685669,-0.02848745882511139,0.6177273988723755,0.6045635342597961,-0.0112426383420825,0.5876747965812683,0.6233544945716858,-0.014842940494418144,0.5667054653167725,0.6339150667190552,-0.021032163873314857,0.5454357266426086,0.6401817798614502,-0.02724706195294857,0.6064190864562988,0.5911213755607605,-0.006759439595043659,0.5722460746765137,0.6023125648498535,-0.014314365573227406,0.5462751388549805,0.6070693135261536,-0.02489282935857773,0.5248355269432068,0.6092696189880371,-0.03223852813243866,0.6013113260269165,0.5815131664276123,-0.002744378289207816,0.5680111646652222,0.5885797739028931,-0.00918931607156992,0.545947790145874,0.5901661515235901,-0.014520918019115925,0.5261022448539734,0.59000563621521,-0.01891437917947769,paper
0.5643476843833923,0.5753666162490845,2.478853957654792e-07,0.6104245781898499,0.5836547017097473,-0.0033319403883069754,0.6530507802963257,0.5784770250320435,-0.005006540101021528,0.6947136521339417,0.5769741535186768,-0.006276616360992193,0.7234078049659729,0.5828539729118347,-0.00817584153264761,0.6641098260879517,0.5180991888046265,-0.011015054769814014,0.708023726940155,0.4934871196746826,-0.014393990859389305,0.7329910397529602,0.47831496596336365,-0.017249776050448418,0.7540907859802246,0.4646987020969391,-0.02074599079787731,0.6484568119049072,0.49731364846229553,-0.013106787577271461,0.6833966970443726,0.4586459994316101,-0.018970880657434464,0.7051921486854553,0.4348481297492981,-0.027271242812275887,0.7214833498001099,0.41457849740982056,-0.03491520136594772,0.6248748898506165,0.48708969354629517,-0.013964292593300343,0.6411404013633728,0.4452000856399536,-0.021410034969449043,0.6544119119644165,0.41654080152511597,-0.03121381253004074,0.6618753671646118,0.3928908705711365,-0.03918728604912758,0.5991343259811401,0.4855419993400574,-0.014370923861861229,0.5953537225723267,0.44796842336654663,-0.02216596156358719,0.595828652381897,0.423362672328949,-0.028230387717485428,0.5968412160873413,0.4024289846420288,-0.032535798847675323,paper
0.5525766611099243,0.4792470932006836,1.2887296918506763e-07,0.5512247681617737,0.4450937807559967,-0.0017545518931001425,0.5277131795883179,0.42068353295326233,-8.039428212214261e-05,0.5079901218414307,0.4051554203033447,-0.00022216698562260717,0.493367463350296,0.38874900341033936,-0.0003820491547230631,0.48028120398521423,0.41981711983680725,0.008708867244422436,0.4566181004047394,0.39508041739463806,0.0025444640778005123,0.44427943229675293,0.3771229386329651,-0.00430710893124342,0.43321022391319275,0.36051875352859497,-0.009579550474882126,0.47099757194519043,0.4264523386955261,0.0032391874119639397,0.4404368996620178,0.40262988209724426,-0.0012179218465462327,0.4235767424106598,0.3825969994068146,-0.007442271802574396,0.4095439612865448,0.36443400382995605,-0.012580367736518383,0.4665830135345459,0.4357377588748932,-0.0042336611077189445,0.4344807267189026,0.4146794080734253,-0.009208206087350845,0.41732287406921387,0.3961751163005829,-0.014468910172581673,0.40341702103614807,0.37951743602752686,-0.01841595396399498,0.46730631589889526,0.44752049446105957,-0.01253973413258791,0.43804171681404114,0.43309450149536133,-0.01829594187438488,0.42143216729164124,0.41847068071365356,-0.021759234368801117,0.407741904258728,0.4037204086780548,-0.024300292134284973,paper
0.12178289890289307,0.37818843126296997,-6.355231363386338e-08,0.17484796047210693,0.32371556758880615,0.02867337130010128,0.22923904657363892,0.3131994605064392,0.049878474324941635,0.281753271818161,0.31905803084373474,0.06982628256082535,0.32158908247947693,0.31386831402778625,0.0910644680261612,0.29527515172958374,0.35642656683921814,0.035532038658857346,0.3686237037181854,0.36662906408309937,0.04943535476922989,0.40882328152656555,0.37497881054878235,0.05920090526342392,0.4374735951423645,0.38503360748291016,0.06673672050237656,0.2890437841415405,0.3962651789188385,0.03263808786869049,0.3712121248245239,0.41231706738471985,0.04680534824728966,0.4083011746406555,0.4277874231338501,0.0597764328122139,0.4319664239883423,0.4393156170845032,0.07049981504678726,0.27355775237083435,0.42759543657302856,0.03156197443604469,0.34593963623046875,0.44735145568847656,0.04299967736005783,0.3826293349266052,0.46082890033721924,0.05373968929052353,0.40686243772506714,0.472016841173172,0.06304268538951874,0.24849200248718262,0.45961663126945496,0.033490683883428574,0.30434757471084595,0.4841000437736511,0.04368944093585014,0.33387643098831177,0.49952006340026855,0.05200712010264397,0.35991546511650085,0.5144378542900085,0.06040892004966736,paper
0.5851234793663025,0.7933434844017029,3.95257046648112e-07,0.6611695885658264,0.8089050650596619,-1.8460044884704985e-05,0.7056253552436829,0.8003063201904297,-0.00842321291565895,0.7438386678695679,0.7841758728027344,-0.010695485398173332,0.7792855501174927,0.7636568546295166,-0.013270469382405281,0.7070444822311401,0.7442260384559631,-0.06082993000745773,0.7558085322380066,0.7087603807449341,-0.07393985241651535,0.7882932424545288,0.6833809614181519,-0.07646182924509048,0.8135210275650024,0.6649829745292664,-0.07689427584409714,0.678510308265686,0.7179745435714722,-0.05642657354474068,0.7241886854171753,0.6737885475158691,-0.07998516410589218,0.7570876479148865,0.6430633664131165,-0.08795292675495148,0.7809950709342957,0.6207045912742615,-0.09346813708543777,0.6490535140037537,0.7044453024864197,-0.04515872150659561,0.6891018152236938,0.6598891615867615,-0.06324654817581177,0.7204132080078125,0.6288629174232483,-0.06942135840654373,0.7425503134727478,0.6057844161987305,-0.0724717453122139,0.6249587535858154,0.6947974562644958,-0.030206050723791122,0.6431434750556946,0.6511023044586182,-0.04123710095882416,0.6570415496826172,0.6218984723091125,-0.04536466673016548,0.6741114854812622,0.5989395976066589,-0.04768281430006027,paper
0.5250440239906311,0.7276511192321777,3.931634395826222e-08,0.5551936626434326,0.6795006394386292,-0.010039923712611198,0.6050940155982971,0.6523386240005493,-0.011121686547994614,0.6446917057037354,0.6409568190574646,-0.012911648489534855,0.6720576286315918,0.6262935996055603,-0.01486119907349348,0.6535362005233765,0.6795375943183899,0.005550870206207037,0.7027323842048645,0.6742668151855469,-0.00127598422113806,0.7311197519302368,0.6727982759475708,-0.01040496863424778,0.7567748427391052,0.6720844507217407,-0.01791483536362648,0.6580359935760498,0.705618679523468,0.002505209995433688,0.7115950584411621,0.7081237435340881,-0.002237392123788595,0.7431797981262207,0.708564043045044,-0.011478420346975327,0.7696100473403931,0.709885835647583,-0.019644152373075485,0.6523800492286682,0.7290902137756348,-0.0035234903916716576,0.7022196054458618,0.7321999073028564,-0.008897419087588787,0.7334326505661011,0.7320700287818909,-0.017779435962438583,0.7582594156265259,0.7320941686630249,-0.025253282859921455,0.6399437189102173,0.7522074580192566,-0.011283377185463905,0.6795032620429993,0.7586333155632019,-0.01538813579827547,0.7067134380340576,0.7601773738861084,-0.0195204708725214,0.7308111190795898,0.7619083523750305,-0.023789720609784126,paper
0.6232748031616211,0.8866127729415894,4.797024075742229e-07,0.6716949343681335,0.8110294938087463,0.017873678356409073,0.6916020512580872,0.7401716709136963,0.021423760801553726,0.7169056534767151,0.6744388341903687,0.02344069816172123,0.7515571117401123,0.6335052847862244,0.02389807626605034,0.6231610178947449,0.6757972836494446,-0.01823415979743004,0.6382749676704407,0.5715864896774292,-0.03292917460203171,0.645458459854126,0.5113788843154907,-0.03950383514165878,0.6538036465644836,0.46401864290237427,-0.04509945586323738,0.5736041069030762,0.6855924129486084,-0.031235234811902046,0.5621669888496399,0.5804187655448914,-0.05316292867064476,0.5509012341499329,0.5142190456390381,-0.06931494176387787,0.5418814420700073,0.4632517099380493,-0.08237883448600769,0.5308998227119446,0.7144397497177124,-0.039722975343465805,0.4858519732952118,0.6275109648704529,-0.06139649450778961,0.4638637900352478,0.5685192942619324,-0.08136790245771408,0.44775933027267456,0.5238324403762817,-0.09640023112297058,0.49683257937431335,0.7536657452583313,-0.04396946728229523,0.4296160936355591,0.7105464339256287,-0.06493739783763885,0.39039963483810425,0.6830195784568787,-0.08032089471817017,0.3614144027233124,0.6536765694618225,-0.09114927798509598,paper
0.6789758205413818,0.46914246678352356,2.2619300921178365e-07,0.6572108268737793,0.43029239773750305,-0.01625598408281803,0.6247424483299255,0.40910670161247253,-0.024670124053955078,0.5948516726493835,0.3959110975265503,-0.031395286321640015,0.5742728114128113,0.37661993503570557,-0.039054471999406815,0.5786586999893188,0.4515644609928131,-0.026973217725753784,0.5311367511749268,0.4468648433685303,-0.03690700978040695,0.5022673010826111,0.44521820545196533,-0.043014075607061386,0.47775712609291077,0.44464126229286194,-0.04885780066251755,0.5792027711868286,0.47787192463874817,-0.027969101443886757,0.5306254029273987,0.488988995552063,-0.03938085958361626,0.49931779503822327,0.49601638317108154,-0.049606166779994965,0.47621437907218933,0.5040114521980286,-0.058159925043582916,0.5923269987106323,0.4994357228279114,-0.02945016138255596,0.5519838333129883,0.5209534764289856,-0.044829610735177994,0.5234967470169067,0.5333847403526306,-0.05877671018242836,0.5023797750473022,0.5456609129905701,-0.06896398216485977,0.6128787398338318,0.5142825245857239,-0.03140554204583168,0.5956685543060303,0.5442583560943604,-0.04844779148697853,0.581179141998291,0.5632576942443848,-0.05963461846113205,0.5688967704772949,0.5800838470458984,-0.06714648008346558,paper
0.20895245671272278,0.7972023487091064,1.7960623210910853e-07,0.21621274948120117,0.6924437284469604,-0.0641707256436348,0.26247912645339966,0.5936709046363831,-0.10113023221492767,0.32658541202545166,0.5202237963676453,-0.13284388184547424,0.37458592653274536,0.45748162269592285,-0.16375793516635895,0.42078280448913574,0.5826743841171265,-0.06420775502920151,0.4947737753391266,0.4852553606033325,-0.10920581966638565,0.5455662608146667,0.4247521162033081,-0.146367147564888,0.5931276679039001,0.37468209862709045,-0.17404896020889282,0.4687153100967407,0.638417661190033,-0.061647411435842514,0.5732480883598328,0.5694668292999268,-0.10171309858560562,0.6426683664321899,0.5244640111923218,-0.13298599421977997,0.6983069181442261,0.48247504234313965,-0.15675294399261475,0.4817472994327545,0.7043039798736572,-0.06703788787126541,0.5889943242073059,0.6786130666732788,-0.10909504443407059,0.6590682864189148,0.6616919040679932,-0.13955076038837433,0.7184128761291504,0.6426802277565002,-0.1595221608877182,0.47134682536125183,0.7739483118057251,-0.07773713022470474,0.5638372302055359,0.7822620272636414,-0.11292682588100433,0.6259174346923828,0.7866871356964111,-0.13263775408267975,0.6835119724273682,0.7861343026161194,-0.14621368050575256,paper
0.3918755352497101,0.825872004032135,3.7583910739158455e-07,0.4209127724170685,0.8722349405288696,-0.0006018462008796632,0.451392263174057,0.9122428894042969,-0.004400123376399279,0.47466057538986206,0.953140377998352,-0.0069486889988183975,0.48581576347351074,0.9842391014099121,-0.010012626647949219,0.49708420038223267,0.8755088448524475,-0.020590394735336304,0.5373371243476868,0.9001318216323853,-0.026210594922304153,0.5604640245437622,0.9144924283027649,-0.02954947203397751,0.5809333324432373,0.9282501935958862,-0.03341948240995407,0.4997977316379547,0.8470996618270874,-0.023397963494062424,0.5509158372879028,0.8461421728134155,-0.03510487824678421,0.584202766418457,0.8515479564666748,-0.04572654888033867,0.6094520092010498,0.8539361357688904,-0.05545120686292648,0.4911479353904724,0.8193439841270447,-0.023548487573862076,0.5396196246147156,0.8019343614578247,-0.03715400770306587,0.5715876817703247,0.793216347694397,-0.04714198037981987,0.5932523608207703,0.7835798263549805,-0.054108623415231705,0.47564026713371277,0.7993359565734863,-0.022037865594029427,0.5137046575546265,0.7792522311210632,-0.03428460285067558,0.5362586379051208,0.7662302851676941,-0.04086463525891304,0.5568538308143616,0.7564705610275269,-0.04498070850968361,paper
0.1682896614074707,0.5063578486442566,1.714929567242507e-07,0.15011504292488098,0.47838765382766724,-0.0243415255099535,0.1362275332212448,0.4417761266231537,-0.047105222940444946,0.11720968782901764,0.40990594029426575,-0.06842953711748123,0.09370864927768707,0.38537395000457764,-0.09199538826942444,0.2184378206729889,0.4076736569404602,-0.04487098380923271,0.22252337634563446,0.3507411777973175,-0.06308048218488693,0.22665950655937195,0.3120952248573303,-0.0781998410820961,0.23312705755233765,0.2813106179237366,-0.0902896523475647,0.24882280826568604,0.4172053337097168,-0.04591033235192299,0.2799298167228699,0.36366742849349976,-0.06279859691858292,0.3015458881855011,0.32837986946105957,-0.07636524736881256,0.31901735067367554,0.2983362078666687,-0.08817179501056671,0.26766762137413025,0.439676433801651,-0.04760457202792168,0.31605106592178345,0.40989238023757935,-0.0655781477689743,0.34656068682670593,0.38882139325141907,-0.08169563859701157,0.37089696526527405,0.36860254406929016,-0.09364796429872513,0.2775363624095917,0.4698942005634308,-0.050503186881542206,0.32649263739585876,0.46754902601242065,-0.06447038799524307,0.35679957270622253,0.46561866998672485,-0.07186802476644516,0.3813575506210327,0.45879703760147095,-0.07814077287912369,paper
0.2336411029100418,0.5495576858520508,-1.4900825817676377e-07,0.35411518812179565,0.4985691010951996,0.05893826484680176,0.43484580516815186,0.5089926719665527,0.06400083005428314,0.4972032606601715,0.5101795196533203,0.04993788152933121,0.5653091669082642,0.5076569318771362,0.024636846035718918,0.48873621225357056,0.5704048275947571,-0.0038650091737508774,0.5816686153411865,0.5933497548103333,-0.03448842093348503,0.6449986696243286,0.6061789989471436,-0.05794186890125275,0.6975098848342896,0.6166384220123291,-0.08059646934270859,0.4643954634666443,0.5803974270820618,-0.07001206278800964,0.5662190318107605,0.619174599647522,-0.1163213849067688,0.6394138336181641,0.630765438079834,-0.15313054621219635,0.7018913626670837,0.6385720372200012,-0.1847349852323532,0.4289606809616089,0.5832840800285339,-0.13240812718868256,0.5221155285835266,0.620181679725647,-0.17902234196662903,0.5957619547843933,0.6329267024993896,-0.2168746143579483,0.6540705561637878,0.6387484073638916,-0.24855180084705353,0.38623547554016113,0.5763400793075562,-0.1885460466146469,0.46013975143432617,0.6091587543487549,-0.23606637120246887,0.5229876041412354,0.6252840757369995,-0.27169519662857056,0.5743281841278076,0.6355750560760498,-0.3035987615585327,paper
0.4434903562068939,0.8157254457473755,8.318245363625465e-07,0.335796058177948,0.8157414197921753,-0.044626783579587936,0.27064383029937744,0.7707849740982056,-0.06255808472633362,0.21201498806476593,0.7244476079940796,-0.0682707279920578,0.1555684208869934,0.6958428621292114,-0.073789581656456,0.30858561396598816,0.6515334844589233,-0.04441515728831291,0.2665802836418152,0.5633790493011475,-0.04303601756691933,0.24329160153865814,0.5073117017745972,-0.04930655285716057,0.2317575216293335,0.4579961597919464,-0.05715494602918625,0.3568410873413086,0.6383096575737,-0.016193443909287453,0.3260539770126343,0.5369380116462708,-0.010417114943265915,0.31221455335617065,0.47255754470825195,-0.021710772067308426,0.3060588836669922,0.4159775376319885,-0.03540566563606262,0.3978941738605499,0.6459752917289734,0.011951717548072338,0.3951258957386017,0.5535954236984253,0.017892450094223022,0.3949868381023407,0.49544769525527954,-0.001394917955622077,0.39916276931762695,0.4478837251663208,-0.020300470292568207,0.43510332703590393,0.663539707660675,0.038392603397369385,0.4539048671722412,0.5979549884796143,0.043618474155664444,0.46458375453948975,0.5590265393257141,0.03466693311929703,0.4784855842590332,0.5214075446128845,0.023607639595866203,paper
0.22452977299690247,0.7740864753723145,-9.095607822473539e-08,0.20383022725582123,0.6903513073921204,-0.021682284772396088,0.2267625629901886,0.6050504446029663,-0.025998303666710854,0.2610400915145874,0.5435390472412109,-0.03144948557019234,0.2736503779888153,0.4942685067653656,-0.03561262786388397,0.30766963958740234,0.5854578018188477,0.012467525899410248,0.34118056297302246,0.5201234817504883,-6.834818486822769e-05,0.3596659302711487,0.48582392930984497,-0.015236559323966503,0.3778625428676605,0.45577675104141235,-0.027294548228383064,0.34415674209594727,0.6086099743843079,0.01056345272809267,0.3923109471797943,0.5453588962554932,0.0017998646944761276,0.41701921820640564,0.5122954845428467,-0.009452355094254017,0.4365353286266327,0.48623818159103394,-0.018910115584731102,0.3684077560901642,0.6423189640045166,0.0022891180124133825,0.420369029045105,0.5856782793998718,-0.009600039571523666,0.44330939650535583,0.5547254085540771,-0.017777353525161743,0.46012455224990845,0.5292196273803711,-0.023536091670393944,0.385669469833374,0.6860383749008179,-0.00966363400220871,0.43470898270606995,0.651442289352417,-0.018758274614810944,0.4609043300151825,0.6266494989395142,-0.02279128134250641,0.4839574098587036,0.6030457615852356,-0.026107264682650566,paper
0.5632843375205994,0.5796301960945129,2.4250417141047365e-07,0.4943481683731079,0.5601378679275513,-0.011448472738265991,0.4348878264427185,0.5697764158248901,-0.007751148194074631,0.39042186737060547,0.5909504890441895,-0.0048895482905209064,0.3583957850933075,0.6114933490753174,-0.0018093116814270616,0.42274656891822815,0.6456269025802612,0.015134272165596485,0.36858153343200684,0.6747278571128845,0.012183258309960365,0.339139848947525,0.6938887238502502,0.004329226445406675,0.3135329484939575,0.7117615938186646,-0.0034879709128290415,0.43827393651008606,0.6724728345870972,0.01235904823988676,0.38715609908103943,0.7168303728103638,0.007656258996576071,0.35441064834594727,0.744759202003479,-0.005957637447863817,0.32945680618286133,0.7681572437286377,-0.01762768253684044,0.46209245920181274,0.6905345320701599,0.006049220450222492,0.4189581274986267,0.7411367893218994,-0.0031494158320128918,0.3916219174861908,0.7704435586929321,-0.01736464351415634,0.36964526772499084,0.7939869165420532,-0.028040144592523575,0.49201977252960205,0.7009946703910828,-0.0018529711524024606,0.4644048810005188,0.7487181425094604,-0.013641423545777798,0.4455726444721222,0.777454137802124,-0.023752856999635696,0.42504769563674927,0.8002604246139526,-0.031182080507278442,paper
0.5339745283126831,0.6043299436569214,2.6095688099303516e-07,0.5853469371795654,0.6491287350654602,-0.0069269235245883465,0.6353994607925415,0.6591333150863647,-0.006882880814373493,0.6797505021095276,0.6605058908462524,-0.0032263281755149364,0.715621829032898,0.6613869071006775,-0.00012957179569639266,0.6644233465194702,0.6018532514572144,-0.017863895744085312,0.7222151160240173,0.5841390490531921,-0.013939122669398785,0.7545599937438965,0.5730027556419373,-0.009435870684683323,0.7815225124359131,0.563454270362854,-0.008394036442041397,0.6495260000228882,0.575814962387085,-0.013528168201446533,0.7039942741394043,0.5476753115653992,-0.020538553595542908,0.7396833300590515,0.5319799780845642,-0.030521944165229797,0.7654659152030945,0.5186962485313416,-0.03921031579375267,0.6274444460868835,0.5584045052528381,-0.006534434389322996,0.6733828186988831,0.5230148434638977,-0.01351640373468399,0.7066940069198608,0.5044272541999817,-0.02477932721376419,0.7316893935203552,0.49045366048812866,-0.03360862284898758,0.6060255169868469,0.5464485883712769,0.0014686263166368008,0.6328879594802856,0.5087413191795349,-0.006190536543726921,0.6537137031555176,0.48548924922943115,-0.014903363771736622,0.6746955513954163,0.4689663350582123,-0.021558061242103577,paper
0.5047320127487183,0.33705344796180725,6.278189346176077e-08,0.48322248458862305,0.30153775215148926,-0.00442627165466547,0.45183318853378296,0.2738147974014282,-0.0016971543664112687,0.4235008955001831,0.2579924166202545,0.0006736574578098953,0.4007622003555298,0.25191599130630493,0.0027578556910157204,0.42531317472457886,0.2754157781600952,0.006528387777507305,0.385775625705719,0.2555025517940521,0.0059638554230332375,0.36479780077934265,0.24645887315273285,0.0029153930954635143,0.34718483686447144,0.2384810596704483,-0.000459484028397128,0.41854286193847656,0.29626622796058655,0.004724713042378426,0.3734869956970215,0.2848066985607147,0.0041738576255738735,0.34688544273376465,0.2808622717857361,-0.002488931640982628,0.32678884267807007,0.27879297733306885,-0.00857771746814251,0.4197690486907959,0.3198196589946747,0.001788533409126103,0.37972715497016907,0.31478673219680786,-0.002087691333144903,0.35499775409698486,0.3126547634601593,-0.010791284032166004,0.3370014727115631,0.31060951948165894,-0.01767224818468094,0.4284515976905823,0.3434402346611023,-0.0014607285847887397,0.3979940414428711,0.34814274311065674,-0.006636693142354488,0.3782058656215668,0.3498780131340027,-0.01143230777233839,0.36155378818511963,0.34884387254714966,-0.015127833932638168,paper
0.6326935291290283,0.5198009014129639,1.0509403836067577e-07,0.5981782078742981,0.4993618130683899,-0.010198695585131645,0.5591005682945251,0.5003534555435181,-0.011539576575160027,0.5296290516853333,0.5107063055038452,-0.012755585834383965,0.5055567026138306,0.5146024227142334,-0.014175514690577984,0.5361449718475342,0.5357235074043274,-0.0035234345123171806,0.49885761737823486,0.5482873916625977,-0.010718602687120438,0.47688087821006775,0.5558587312698364,-0.018137827515602112,0.4574865400791168,0.5625038146972656,-0.0240175798535347,0.5429565906524658,0.5532504320144653,-0.004632936324924231,0.5079364776611328,0.5697547197341919,-0.010634674690663815,0.4854477643966675,0.5805029273033142,-0.017962845042347908,0.4668441116809845,0.5896210074424744,-0.024007974192500114,0.5560249090194702,0.5667588710784912,-0.007702264469116926,0.5252934098243713,0.5850260853767395,-0.013968005776405334,0.5059608221054077,0.5942031145095825,-0.01991947926580906,0.48837077617645264,0.6010926961898804,-0.024594005197286606,0.5744343996047974,0.577200710773468,-0.012132706120610237,0.5520526170730591,0.5941969752311707,-0.01895757019519806,0.5368428826332092,0.6030629277229309,-0.023112827911973,0.5217447876930237,0.6097896099090576,-0.02611224167048931,paper
0.37458962202072144,0.6711251735687256,4.909524520257946e-08,0.37551721930503845,0.6356140375137329,-0.009200191125273705,0.39355847239494324,0.6035061478614807,-0.014002038165926933,0.4129060208797455,0.5841355323791504,-0.01868247427046299,0.42550817131996155,0.5673985481262207,-0.023332491517066956,0.43155330419540405,0.6052252054214478,-0.007547152228653431,0.4580071270465851,0.5819524526596069,-0.01694214530289173,0.4748527705669403,0.568708062171936,-0.024971354752779007,0.4895293712615967,0.5582654476165771,-0.030742935836315155,0.44288116693496704,0.6198822855949402,-0.009921721182763577,0.47480010986328125,0.6002041697502136,-0.0182755496352911,0.49539756774902344,0.5874913930892944,-0.02593943104147911,0.5124289989471436,0.5778260827064514,-0.03143452852964401,0.4469745457172394,0.6376038789749146,-0.013844546861946583,0.4783293604850769,0.6225927472114563,-0.021895773708820343,0.49746036529541016,0.6130069494247437,-0.028182977810502052,0.5124170780181885,0.6050907373428345,-0.032302409410476685,0.44616714119911194,0.6575621366500854,-0.018759235739707947,0.4729395806789398,0.6501927375793457,-0.025464080274105072,0.49016860127449036,0.6432772278785706,-0.028913673013448715,0.5050543546676636,0.6368768215179443,-0.03106682561337948,paper
0.13025310635566711,0.3825708031654358,5.113284373692295e-07,0.24691100418567657,0.361838698387146,-0.0443970151245594,0.34962332248687744,0.40578848123550415,-0.08197005093097687,0.4221707582473755,0.45652419328689575,-0.11640040576457977,0.4994357228279114,0.49251002073287964,-0.15511450171470642,0.3563882112503052,0.5259053111076355,-0.1028318703174591,0.4479016661643982,0.6161811947822571,-0.16484349966049194,0.5106668472290039,0.6689459085464478,-0.20588319003582,0.5682611465454102,0.7125076055526733,-0.23514336347579956,0.3033648729324341,0.555669367313385,-0.11915948241949081,0.3850148320198059,0.6631022095680237,-0.18340840935707092,0.44511109590530396,0.7306780815124512,-0.2308267205953598,0.5029711723327637,0.7883743047714233,-0.2648831903934479,0.2413983941078186,0.5613419413566589,-0.1380271315574646,0.3000407814979553,0.6646047234535217,-0.1992940753698349,0.35082074999809265,0.72871994972229,-0.24465946853160858,0.40143173933029175,0.780768632888794,-0.27569565176963806,0.1734907329082489,0.5505277514457703,-0.15807320177555084,0.2071343958377838,0.6344713568687439,-0.21380825340747833,0.24003881216049194,0.6884303092956543,-0.24808552861213684,0.27570250630378723,0.7344191670417786,-0.2726075351238251,paper
0.5464569926261902,0.9257136583328247,3.149629037579871e-07,0.6240638494491577,0.9582292437553406,0.009616702795028687,0.6746872067451477,0.9590237140655518,0.008081743493676186,0.719412624835968,0.945833683013916,0.010558562353253365,0.7632738947868347,0.9326096177101135,0.012760230340063572,0.6895702481269836,0.900777280330658,-0.046199992299079895,0.7497552633285522,0.8716748356819153,-0.05561448633670807,0.7884249687194824,0.8516671061515808,-0.053314633667469025,0.8178290724754333,0.8388168215751648,-0.04977066442370415,0.6646286845207214,0.8676473498344421,-0.0445726104080677,0.7226086854934692,0.8270402550697327,-0.06685566902160645,0.7626497149467468,0.800995945930481,-0.07120436429977417,0.7920920252799988,0.7821608781814575,-0.07253044098615646,0.6358036994934082,0.8468229174613953,-0.035968080163002014,0.6844778060913086,0.8036484122276306,-0.05306871235370636,0.7222506999969482,0.7780588865280151,-0.055589571595191956,0.7488192915916443,0.7597572207450867,-0.05434770882129669,0.6107639670372009,0.8304135203361511,-0.023040279746055603,0.6352257132530212,0.7860717177391052,-0.031688034534454346,0.656268298625946,0.7582841515541077,-0.033981695771217346,0.6776447296142578,0.7386095523834229,-0.033946286886930466,paper
0.3835573196411133,0.6804862022399902,-4.622243636731582e-07,0.38792407512664795,0.5757083296775818,0.12468953430652618,0.4093119502067566,0.5100880265235901,0.17287299036979675,0.4443081021308899,0.4584503173828125,0.20263002812862396,0.4753737449645996,0.42489004135131836,0.2326483279466629,0.41860532760620117,0.44176724553108215,0.05113573744893074,0.45003542304039,0.3345474600791931,0.047941166907548904,0.49582019448280334,0.2941063642501831,0.07044225931167603,0.532095193862915,0.28202617168426514,0.09640704840421677,0.4522364139556885,0.46258702874183655,-0.004372918978333473,0.507362425327301,0.3406257629394531,-0.017692510038614273,0.5663115382194519,0.3072546720504761,0.017874058336019516,0.6032240986824036,0.3099600672721863,0.05613034591078758,0.4858230650424957,0.4901268780231476,-0.05009165033698082,0.5419443249702454,0.3828738033771515,-0.06604776531457901,0.5958780646324158,0.3433358669281006,-0.033871620893478394,0.6348338723182678,0.336370050907135,0.002020457061007619,0.5288199186325073,0.5276656746864319,-0.08248115330934525,0.5840726494789124,0.4520331919193268,-0.08857886493206024,0.6238502860069275,0.4196532964706421,-0.06948678195476532,0.6559603810310364,0.4077463448047638,-0.045280661433935165,paper
0.5300130248069763,0.8835883736610413,2.2823431322649412e-07,0.5633262991905212,0.907217264175415,-0.006483654025942087,0.5981162786483765,0.9192534685134888,-0.010180388577282429,0.6307357549667358,0.9315519332885742,-0.011826371774077415,0.6508174538612366,0.9443830251693726,-0.013965918682515621,0.6231807470321655,0.8744521141052246,-0.020248625427484512,0.6682253479957581,0.8657814264297485,-0.026228999719023705,0.6947731375694275,0.8594774007797241,-0.029871588572859764,0.7165866494178772,0.8552370667457581,-0.03343307226896286,0.615706205368042,0.8539533615112305,-0.019699791446328163,0.6569184064865112,0.8314532041549683,-0.029609762132167816,0.6843135356903076,0.818169355392456,-0.038921695202589035,0.7042635083198547,0.8077137470245361,-0.046571437269449234,0.5999540686607361,0.8389991521835327,-0.01741390861570835,0.6275203824043274,0.8097039461135864,-0.027265973389148712,0.6485450267791748,0.7900838851928711,-0.03608954697847366,0.6623433232307434,0.7737243175506592,-0.04227476194500923,0.5806614756584167,0.8291388154029846,-0.014597347006201744,0.5922510623931885,0.798498272895813,-0.023142216727137566,0.6029842495918274,0.7801671028137207,-0.028268389403820038,0.6128740310668945,0.7650637626647949,-0.03136346489191055,paper
0.7036755084991455,0.35220426321029663,-1.4672218640043866e-07,0.6899937391281128,0.31288763880729675,0.022344231605529785,0.6642459630966187,0.2898658215999603,0.03396233916282654,0.6386573910713196,0.2782365381717682,0.04212016984820366,0.6198287010192871,0.28216633200645447,0.04872015118598938,0.6129779815673828,0.2801494300365448,0.014645946212112904,0.559166431427002,0.25274842977523804,0.014903230592608452,0.5275903344154358,0.2481827735900879,0.01595844142138958,0.503725528717041,0.24935270845890045,0.016949273645877838,0.600473940372467,0.29572242498397827,0.0033841896802186966,0.5335339307785034,0.2768354117870331,0.0019298384431749582,0.49873843789100647,0.2831363379955292,0.002501998795196414,0.47430288791656494,0.2898975610733032,0.00314114592038095,0.592361330986023,0.3174847960472107,-0.0062081413343548775,0.5314455032348633,0.3039536774158478,-0.00951389130204916,0.49611955881118774,0.31132447719573975,-0.011824856512248516,0.4727966785430908,0.3199012279510498,-0.013038390316069126,0.592625617980957,0.3429098129272461,-0.013281156308948994,0.5432458519935608,0.3433438539505005,-0.01945924200117588,0.5143634080886841,0.3514443039894104,-0.023075629025697708,0.4928811490535736,0.35776016116142273,-0.02446015365421772,paper
0.7613353133201599,0.5200123190879822,2.498603635103791e-07,0.7203341722488403,0.46699151396751404,-0.08231285959482193,0.6561490297317505,0.4416041374206543,-0.12339822202920914,0.5931358933448792,0.45242971181869507,-0.15390832722187042,0.5333322286605835,0.4452410042285919,-0.1856440305709839,0.561659038066864,0.5408148169517517,-0.10402076691389084,0.4740816652774811,0.5770472884178162,-0.147970050573349,0.42260491847991943,0.6037748456001282,-0.18061970174312592,0.3737696707248688,0.6315746307373047,-0.2059856355190277,0.5766003131866455,0.6021939516067505,-0.08951673656702042,0.5015974640846252,0.6609786152839661,-0.1396651268005371,0.4629238247871399,0.7113560438156128,-0.17689117789268494,0.4310522675514221,0.7594709396362305,-0.20345816016197205,0.6076164245605469,0.644957959651947,-0.08015304803848267,0.5484524965286255,0.7159283757209778,-0.1303391456604004,0.5217328667640686,0.774486780166626,-0.1626739203929901,0.5026503205299377,0.825097918510437,-0.1828612983226776,0.6512424349784851,0.6768784523010254,-0.07655982673168182,0.6141696572303772,0.749293327331543,-0.12197308242321014,0.5963436365127563,0.8019835948944092,-0.14783373475074768,0.5805559158325195,0.8459115028381348,-0.16392159461975098,paper
0.7755103707313538,0.6676478981971741,1.9015678276446124e-07,0.7273072004318237,0.6072651147842407,-0.03476235643029213,0.6429094672203064,0.5783853530883789,-0.04453647881746292,0.5627331137657166,0.5685185194015503,-0.051536768674850464,0.5049074292182922,0.5452991127967834,-0.05873575806617737,0.5564320087432861,0.6187064051628113,-0.022805601358413696,0.4646226167678833,0.6189380884170532,-0.043914224952459335,0.40771734714508057,0.6254635453224182,-0.06285247951745987,0.3585425019264221,0.6341053247451782,-0.07770277559757233,0.5553029775619507,0.662630558013916,-0.02125982753932476,0.45938146114349365,0.6753870248794556,-0.04247134178876877,0.4034574031829834,0.6940369606018066,-0.06212355196475983,0.3591949939727783,0.714311420917511,-0.07624723762273788,0.5721132159233093,0.700546383857727,-0.024469204246997833,0.48679041862487793,0.721912145614624,-0.046297505497932434,0.43758609890937805,0.7436038851737976,-0.06220419332385063,0.39661699533462524,0.7627478241920471,-0.07223708927631378,0.6046309471130371,0.7346281409263611,-0.031186258420348167,0.5394698977470398,0.7642925381660461,-0.05261990800499916,0.4990430772304535,0.7835776209831238,-0.06463233381509781,0.4614381790161133,0.79780113697052,-0.07161965221166611,paper
0.9211128950119019,0.3781549036502838,9.164179459730804e-08,0.9403672814369202,0.34537461400032043,-0.029332324862480164,0.9452016949653625,0.3132542371749878,-0.04137830436229706,0.9366433024406433,0.28747329115867615,-0.05173122137784958,0.9240532517433167,0.2652163803577423,-0.0607975535094738,0.864567220211029,0.2734094262123108,-0.017421767115592957,0.8416821956634521,0.23279595375061035,-0.03636715188622475,0.8299095630645752,0.22444286942481995,-0.05105702579021454,0.8255255222320557,0.22703972458839417,-0.05835709720849991,0.8350013494491577,0.29128605127334595,-0.012523298151791096,0.7954686284065247,0.2608303129673004,-0.03149998188018799,0.7800931334495544,0.26466214656829834,-0.042151499539613724,0.7813006043434143,0.28345489501953125,-0.04508151859045029,0.8175880908966064,0.3179556727409363,-0.011844107881188393,0.774479329586029,0.2986985146999359,-0.030734438449144363,0.759681761264801,0.3016715943813324,-0.036845818161964417,0.7634416222572327,0.31535086035728455,-0.03583912178874016,0.8084942698478699,0.35094746947288513,-0.014081567525863647,0.7675405144691467,0.3455801010131836,-0.03143686056137085,0.7502132654190063,0.3485994040966034,-0.03725535422563553,0.7488754391670227,0.35650068521499634,-0.03634496405720711,paper
0.786296010017395,0.5560051202774048,9.950324511009967e-07,0.7946045398712158,0.4685458838939667,-0.06251300871372223,0.768695592880249,0.3990875482559204,-0.09865519404411316,0.7373190522193909,0.33300110697746277,-0.12658636271953583,0.7421554327011108,0.26329362392425537,-0.15475712716579437,0.6211663484573364,0.4073547422885895,-0.07097059488296509,0.5536298751831055,0.3343152403831482,-0.09541884809732437,0.5095918774604797,0.2871803641319275,-0.11253538727760315,0.4735267758369446,0.2509616017341614,-0.1275344043970108,0.5873708128929138,0.45595481991767883,-0.0602894201874733,0.5010422468185425,0.4039917588233948,-0.08212649822235107,0.4444243609905243,0.3654116988182068,-0.10189154744148254,0.39837324619293213,0.33769193291664124,-0.11849186569452286,0.5833503603935242,0.5085452198982239,-0.054118409752845764,0.49542543292045593,0.48457032442092896,-0.08108330518007278,0.43624347448349,0.46433401107788086,-0.10919002443552017,0.3888133466243744,0.4476892054080963,-0.13029226660728455,0.6026746034622192,0.5588347911834717,-0.05224645882844925,0.5304067134857178,0.5740876793861389,-0.08498802781105042,0.4799165725708008,0.5818303823471069,-0.10988740622997284,0.43560779094696045,0.5830630660057068,-0.1269022673368454,paper
0.5878123641014099,0.3168960213661194,3.539205977176607e-07,0.5724321007728577,0.25856977701187134,-0.022081797942519188,0.5353488922119141,0.2052435576915741,-0.023091334849596024,0.50242018699646,0.16761144995689392,-0.02121938019990921,0.4788004457950592,0.14144369959831238,-0.019456489011645317,0.46927469968795776,0.23415803909301758,-0.006347605027258396,0.4225412905216217,0.20489634573459625,-0.006669328548014164,0.39232558012008667,0.1888948529958725,-0.0115766990929842,0.3635103106498718,0.17513421177864075,-0.018812667578458786,0.45739060640335083,0.2631710469722748,-0.004141657147556543,0.40205758810043335,0.25253233313560486,-0.006479406729340553,0.3676709830760956,0.24324709177017212,-0.01943395845592022,0.3396616578102112,0.2377578765153885,-0.03188469633460045,0.45918285846710205,0.29433518648147583,-0.004389979876577854,0.4054853022098541,0.2946408987045288,-0.013975685462355614,0.3720827102661133,0.29455745220184326,-0.03054129332304001,0.34366321563720703,0.2952102720737457,-0.04371052235364914,0.47069093585014343,0.3252730369567871,-0.006406954489648342,0.4298398196697235,0.3380943536758423,-0.021062791347503662,0.40183934569358826,0.34745675325393677,-0.03310539945960045,0.3760743737220764,0.3516078591346741,-0.04195999354124069,paper
0.6829548478126526,0.8357989192008972,4.239069895106695e-08,0.7444992661476135,0.7779468297958374,0.019438715651631355,0.7668070793151855,0.6961243152618408,0.021354442462325096,0.7625690698623657,0.6229043006896973,0.02272919937968254,0.74948650598526,0.5703281164169312,0.01732199266552925,0.7445906400680542,0.6545833945274353,-0.036782246083021164,0.7130972743034363,0.5427656173706055,-0.05040097236633301,0.6955552101135254,0.47951382398605347,-0.05389562249183655,0.6824691295623779,0.43198204040527344,-0.05626382678747177,0.7035171389579773,0.6678982377052307,-0.054200418293476105,0.673805296421051,0.5441263914108276,-0.0739598497748375,0.6563475131988525,0.4669303894042969,-0.08371290564537048,0.6441161632537842,0.41379469633102417,-0.09218153357505798,0.6574894189834595,0.6857389807701111,-0.0653122141957283,0.6402904987335205,0.5670705437660217,-0.08212767541408539,0.626880407333374,0.49527087807655334,-0.08860117197036743,0.6192235350608826,0.44368815422058105,-0.09362576901912689,0.6073351502418518,0.7088576555252075,-0.07189366966485977,0.5988898277282715,0.611984372138977,-0.0885896161198616,0.5956535339355469,0.5590050220489502,-0.09254162758588791,0.5951581001281738,0.5126596689224243,-0.09460491687059402,paper
0.49082082509994507,0.8979321718215942,-7.568900883825336e-08,0.5291770696640015,0.8518141508102417,-0.006383575964719057,0.5850943326950073,0.8366698026657104,-0.002678392454981804,0.625584602355957,0.8355656862258911,-0.0006384855951182544,0.652843713760376,0.8268394470214844,0.0014346562093123794,0.6274672746658325,0.8801458477973938,0.017830101773142815,0.673309862613678,0.886519730091095,0.015409757383167744,0.7001746892929077,0.8896231651306152,0.007887215353548527,0.7244683504104614,0.8910942673683167,0.000985168619081378,0.628227710723877,0.9045210480690002,0.014268874190747738,0.6796435117721558,0.9156984686851501,0.0131992744281888,0.7125674486160278,0.9192414283752441,0.004838762804865837,0.7398003935813904,0.9217137098312378,-0.0030962778255343437,0.6207554936408997,0.925007164478302,0.007190182339400053,0.6695881485939026,0.9362664818763733,0.0035406313836574554,0.7020010352134705,0.9379021525382996,-0.006482973694801331,0.7268983125686646,0.9369524717330933,-0.014697269536554813,0.6064397692680359,0.9456119537353516,-0.0015690451255068183,0.645281970500946,0.9591450691223145,-0.0050348746590316296,0.6720070838928223,0.9623662829399109,-0.010537954978644848,0.6947751045227051,0.963122546672821,-0.016044028103351593,paper
0.36221054196357727,0.8696624636650085,1.081641016753565e-07,0.4188072979450226,0.8032410144805908,0.058945849537849426,0.4434129297733307,0.7474220395088196,0.07381797581911087,0.45640525221824646,0.6962813138961792,0.08304497599601746,0.46966618299484253,0.6473382115364075,0.08806919306516647,0.4164111018180847,0.6933830380439758,-0.014943432062864304,0.42702555656433105,0.6080580949783325,-0.029103035107254982,0.4262273907661438,0.5516359806060791,-0.03310895711183548,0.4281630516052246,0.5097626447677612,-0.03468472138047218,0.37778693437576294,0.701778769493103,-0.044189099222421646,0.37425941228866577,0.6074979305267334,-0.07376785576343536,0.3640021085739136,0.5452538132667542,-0.08392760157585144,0.35818177461624146,0.5036660432815552,-0.09000124037265778,0.33754971623420715,0.719638466835022,-0.06299930810928345,0.3255048394203186,0.6347628831863403,-0.08812481164932251,0.3142629861831665,0.573589563369751,-0.09249995648860931,0.3045467436313629,0.5337175130844116,-0.09248913824558258,0.29857978224754333,0.7434019446372986,-0.07247082144021988,0.27298012375831604,0.6754270792007446,-0.08939844369888306,0.26071372628211975,0.6319926977157593,-0.09204445779323578,0.25206130743026733,0.5915958285331726,-0.09198290854692459,paper
0.693555474281311,0.9357430338859558,-4.327634250955725e-09,0.6542646288871765,0.9042074084281921,0.06048275902867317,0.6237127184867859,0.8933930397033691,0.08379076421260834,0.604345440864563,0.8865363001823425,0.09460096061229706,0.5836340188980103,0.8772934675216675,0.10325875878334045,0.5901658535003662,0.905268132686615,0.04663162678480148,0.5486302375793457,0.8905719518661499,0.046611662954092026,0.5300706624984741,0.8677917718887329,0.04876798018813133,0.52191162109375,0.8450813889503479,0.05089390277862549,0.5933788418769836,0.9081146121025085,0.011395951732993126,0.5374190807342529,0.8903178572654724,0.001026975573040545,0.5174742341041565,0.8627495169639587,-0.0005113951629027724,0.5099257230758667,0.8374979496002197,0.0011748775141313672,0.599407970905304,0.9053528904914856,-0.020369647070765495,0.5461791753768921,0.8885686993598938,-0.03246017172932625,0.5257288217544556,0.8607193231582642,-0.03411825746297836,0.5165935158729553,0.8362383246421814,-0.032242301851511,0.6073434352874756,0.8961361050605774,-0.046506498008966446,0.565201461315155,0.8800032734870911,-0.05746685341000557,0.5486604571342468,0.8597915172576904,-0.06010713800787926,0.5407612323760986,0.8404671549797058,-0.060363657772541046,paper
0.41640564799308777,0.479922890663147,4.08186622280482e-08,0.45312464237213135,0.4342116117477417,0.010756070725619793,0.494774729013443,0.4113094210624695,0.01603672280907631,0.5307685136795044,0.4009840786457062,0.018454579636454582,0.554347038269043,0.3884037733078003,0.020694300532341003,0.525919497013092,0.42055365443229675,0.013241210021078587,0.5800824165344238,0.41280511021614075,0.010691260918974876,0.6095123291015625,0.41083648800849915,0.008914370089769363,0.6319476366043091,0.40980303287506104,0.008345278911292553,0.5314755439758301,0.44428491592407227,0.0050167515873909,0.5902701616287231,0.44396093487739563,0.004042520187795162,0.6224467754364014,0.4452272355556488,0.002005787566304207,0.6440688967704773,0.4475860297679901,0.0008464577258564532,0.528069257736206,0.46844956278800964,-0.003279813565313816,0.5817920565605164,0.4666624665260315,-0.004408941604197025,0.6119212508201599,0.46702247858047485,-0.006964793894439936,0.6321178078651428,0.46722427010536194,-0.008660159073770046,0.5176853537559509,0.4950563311576843,-0.010759623721241951,0.5587337017059326,0.49975061416625977,-0.009359004907310009,0.5834332704544067,0.4996843636035919,-0.007795067969709635,0.6031733751296997,0.4978208541870117,-0.006559861823916435,paper
0.36240047216415405,0.6586641073226929,8.876885004838186e-08,0.3994256556034088,0.6563430428504944,-0.009987271390855312,0.427555650472641,0.6297120451927185,-0.008972995914518833,0.44400328397750854,0.6023341417312622,-0.0049375491216778755,0.45551636815071106,0.5840163230895996,0.00022275814262684435,0.4107038378715515,0.5899350047111511,-0.004490526393055916,0.42561379075050354,0.5565403699874878,-0.002940648002550006,0.4358627200126648,0.5401545166969299,-0.0025551917497068644,0.4441681504249573,0.527960479259491,-0.0025635745842009783,0.39375796914100647,0.583964467048645,0.0016381439054384828,0.41104283928871155,0.5527240037918091,0.0037097588647156954,0.42476776242256165,0.5383368134498596,0.003494143020361662,0.4353787899017334,0.5281884670257568,0.0027309865690767765,0.38209185004234314,0.584426999092102,0.00712913554161787,0.39882344007492065,0.5565003156661987,0.0090338671579957,0.41209864616394043,0.5446111559867859,0.008469956927001476,0.4229932427406311,0.5358197689056396,0.007492567878216505,0.37528055906295776,0.5889037251472473,0.011638573370873928,0.3884959816932678,0.5666366815567017,0.013053065165877342,0.39874422550201416,0.5563123226165771,0.013484564609825611,0.408186674118042,0.5494587421417236,0.013673752546310425,paper
0.36193329095840454,0.9324323534965515,1.5354295612723945e-07,0.3300122320652008,0.8614750504493713,-0.014600474387407303,0.34094613790512085,0.8009556531906128,-0.015287763439118862,0.3638277053833008,0.7498804330825806,-0.009256522171199322,0.38484638929367065,0.7133606672286987,-0.001279075164347887,0.418207049369812,0.7890728116035461,-0.01490405760705471,0.4526580572128296,0.7214254140853882,-0.00571065116673708,0.46714749932289124,0.6827424168586731,0.0025993280578404665,0.4807888865470886,0.6560094952583313,0.008118872530758381,0.44846370816230774,0.8135536313056946,0.0019476969027891755,0.4907824695110321,0.7473415732383728,0.008140332996845245,0.5107412934303284,0.7095708250999451,0.016053276136517525,0.5253055691719055,0.6802415251731873,0.02282525971531868,0.461360901594162,0.8375110626220703,0.01963585615158081,0.5053957104682922,0.7870681285858154,0.02346324548125267,0.5283902883529663,0.7516930103302002,0.02540004998445511,0.5453603863716125,0.7246083617210388,0.029088027775287628,0.4673196077346802,0.8658242225646973,0.03785410523414612,0.5112213492393494,0.8281742334365845,0.04346885904669762,0.5338589549064636,0.801970362663269,0.047568224370479584,0.5502246022224426,0.7814746499061584,0.05229254812002182,paper
0.4342520534992218,0.1369541436433792,-5.467084633892227e-07,0.5109696984291077,0.2241692692041397,0.11899493634700775,0.5344029068946838,0.2980825901031494,0.18269477784633636,0.5383691787719727,0.3649047017097473,0.23440013825893402,0.5383892059326172,0.4161800742149353,0.2880527377128601,0.5093477368354797,0.38305673003196716,0.0941283255815506,0.5095212459564209,0.47877901792526245,0.12880901992321014,0.506989598274231,0.5310729146003723,0.1699577271938324,0.5006463527679443,0.5654330849647522,0.20370425283908844,0.45696601271629333,0.3806731402873993,0.05886542424559593,0.44910746812820435,0.49442845582962036,0.07659479975700378,0.4347347617149353,0.5482578277587891,0.11418302357196808,0.4233610928058624,0.5783149600028992,0.15038153529167175,0.4017801880836487,0.36783427000045776,0.034068264067173004,0.3925321698188782,0.47287416458129883,0.044417496770620346,0.38011085987091064,0.5327871441841125,0.07691600918769836,0.3700825273990631,0.567542552947998,0.10963690280914307,0.3436448574066162,0.34621667861938477,0.022125624120235443,0.32380491495132446,0.43357130885124207,0.028894180431962013,0.31003713607788086,0.4827348291873932,0.04600998014211655,0.3004668056964874,0.5205932259559631,0.06848414987325668,paper
0.3022901117801666,0.5952712297439575,1.1183231407585481e-07,0.3291502296924591,0.6013590097427368,-0.006922872271388769,0.3514355421066284,0.5972719192504883,-0.0061567118391394615,0.3659040927886963,0.5870773196220398,-0.0057772318832576275,0.37824442982673645,0.5799675583839417,-0.005444271955639124,0.3464951813220978,0.565652072429657,0.0051590087823569775,0.3605762720108032,0.5509265661239624,0.0040970598347485065,0.369022399187088,0.5408333539962769,0.0016561845550313592,0.37524110078811646,0.5333046913146973,-0.0005790400900878012,0.33306118845939636,0.5556990504264832,0.005111065227538347,0.3431919515132904,0.5385832786560059,0.0055441358126699924,0.3492067754268646,0.5311710238456726,0.002864910289645195,0.35245057940483093,0.52791428565979,0.00036794235347770154,0.31790798902511597,0.551712691783905,0.003315793117508292,0.3254846930503845,0.5361620783805847,0.0009552752017043531,0.3282705545425415,0.5324998497962952,-0.0013399588642641902,0.32964539527893066,0.5320104956626892,-0.003002560930326581,0.30150625109672546,0.5521951913833618,0.000433270848589018,0.29965782165527344,0.5404986143112183,-0.003657229943200946,0.29988759756088257,0.5354963541030884,-0.005612707696855068,0.2999391257762909,0.5331811308860779,-0.006567212287336588,paper
0.501469612121582,0.7913305759429932,-2.0611439310869173e-07,0.5137389302253723,0.7057701349258423,-0.09240268915891647,0.4684709310531616,0.5983020067214966,-0.12468065321445465,0.4013186991214752,0.5058764815330505,-0.14431367814540863,0.34703588485717773,0.42325273156166077,-0.16343823075294495,0.35897955298423767,0.5146576762199402,-0.07816445827484131,0.25892651081085205,0.4127560555934906,-0.12406806647777557,0.17785322666168213,0.3798762559890747,-0.16283926367759705,0.10655158758163452,0.3576674461364746,-0.18927296996116638,0.3270559012889862,0.5491311550140381,-0.05305883660912514,0.1971408724784851,0.47232529520988464,-0.09845587611198425,0.0995519757270813,0.4632870554924011,-0.14055199921131134,0.02804294228553772,0.46273836493492126,-0.17093811929225922,0.31015580892562866,0.597993791103363,-0.037313416600227356,0.18855081498622894,0.5396546125411987,-0.08508311212062836,0.09983274340629578,0.5411674380302429,-0.12671563029289246,0.03776425123214722,0.5526462197303772,-0.15236976742744446,0.3014742136001587,0.6574198603630066,-0.02892206981778145,0.19713835418224335,0.6309027671813965,-0.07477565109729767,0.1230279952287674,0.6243898868560791,-0.1088150292634964,0.06798100471496582,0.6251011490821838,-0.13043488562107086,paper
0.7335423231124878,0.6472330689430237,2.8676345209532883e-07,0.695364236831665,0.7495036125183105,-0.0461411289870739,0.6131971478462219,0.8190539479255676,-0.059336189180612564,0.5303127765655518,0.853881299495697,-0.06785112619400024,0.4647820293903351,0.8824503421783447,-0.07261569797992706,0.5072047710418701,0.7723466157913208,-0.00391663471236825,0.4132298231124878,0.790709912776947,-0.01918630115687847,0.3589928150177002,0.797659158706665,-0.038309480994939804,0.3093547224998474,0.802666425704956,-0.05469819903373718,0.4963299036026001,0.7213408946990967,0.0036276455502957106,0.40020281076431274,0.7388573288917542,-0.008902003988623619,0.3387708067893982,0.7486481070518494,-0.02843836136162281,0.2869717478752136,0.7589575052261353,-0.04478341341018677,0.5048835873603821,0.6744431853294373,0.002642837120220065,0.41526883840560913,0.6870635151863098,-0.01502281054854393,0.35987547039985657,0.6992284059524536,-0.03545686975121498,0.3129667043685913,0.713916003704071,-0.05027739331126213,0.5255693793296814,0.6211255788803101,-0.0034410380758345127,0.4553137421607971,0.6263065934181213,-0.022380972281098366,0.40942996740341187,0.6373096704483032,-0.037654437124729156,0.3669608235359192,0.6485822200775146,-0.04892653971910477,paper
0.3542718291282654,0.30737513303756714,5.005356342735467e-07,0.36691105365753174,0.26338738203048706,-0.028585439547896385,0.38323864340782166,0.2169169932603836,-0.032646581530570984,0.40244340896606445,0.18782548606395721,-0.03306560218334198,0.417203426361084,0.16282451152801514,-0.03131900355219841,0.403607577085495,0.18196021020412445,0.013587934896349907,0.4274972677230835,0.13833485543727875,0.018595587462186813,0.4479859173297882,0.11230005323886871,0.015159586444497108,0.4643983840942383,0.09373129904270172,0.011177951470017433,0.41313236951828003,0.1973339170217514,0.025750724598765373,0.4404963552951813,0.15499401092529297,0.03560265898704529,0.46619197726249695,0.13165134191513062,0.032654471695423126,0.48527252674102783,0.11846630275249481,0.028921741992235184,0.41872692108154297,0.21702846884727478,0.0323556587100029,0.4500463902950287,0.184974804520607,0.03946666419506073,0.47392892837524414,0.16782024502754211,0.03480471670627594,0.49403393268585205,0.1554061472415924,0.02965099923312664,0.42155659198760986,0.2418476790189743,0.035175301134586334,0.4479241669178009,0.22506806254386902,0.038972917944192886,0.4657009243965149,0.21392722427845,0.037416525185108185,0.4825463593006134,0.20436963438987732,0.0351785384118557,paper
0.41562122106552124,0.598576545715332,-7.468601381788176e-08,0.36647045612335205,0.6027635931968689,0.03570086881518364,0.32676994800567627,0.5942999124526978,0.04766711965203285,0.2991172969341278,0.5828636884689331,0.049253374338150024,0.2695877254009247,0.5749828815460205,0.048515379428863525,0.2920783758163452,0.5722081661224365,0.027310870587825775,0.23898085951805115,0.5550414323806763,0.020489845424890518,0.2022363543510437,0.5451573729515076,0.013837898150086403,0.1731957048177719,0.5373395681381226,0.007228626403957605,0.29686447978019714,0.574167788028717,-0.0031167203560471535,0.23386378586292267,0.5623569488525391,-0.01752351224422455,0.19285638630390167,0.5626524090766907,-0.029644479975104332,0.1609964519739151,0.5641055703163147,-0.038428906351327896,0.30758562684059143,0.5783869624137878,-0.032191380858421326,0.2488623857498169,0.5752089619636536,-0.04827888309955597,0.21037018299102783,0.5804659724235535,-0.058867938816547394,0.1824321150779724,0.5858368873596191,-0.06632303446531296,0.3216527998447418,0.5838391780853271,-0.058233726769685745,0.2807294726371765,0.5885626673698425,-0.07294031977653503,0.2532956898212433,0.5950273275375366,-0.08054063469171524,0.23151373863220215,0.5994448065757751,-0.08681675046682358,paper
0.6843359470367432,0.4230928122997284,1.8899268638961075e-07,0.7483803033828735,0.4604805111885071,0.02323596552014351,0.796046257019043,0.46514761447906494,0.04165509715676308,0.8340911865234375,0.45775502920150757,0.06175338476896286,0.8618333339691162,0.43883776664733887,0.08357071131467819,0.8241636753082275,0.4073196351528168,0.022986475378274918,0.8732020258903503,0.3874261677265167,0.04484061524271965,0.9003849625587463,0.3770933449268341,0.06527930498123169,0.9199803471565247,0.37092000246047974,0.08154334872961044,0.8043007254600525,0.37825635075569153,0.0290647204965353,0.8546572327613831,0.3501436412334442,0.05205036327242851,0.8779865503311157,0.3400232493877411,0.07576117664575577,0.8949065804481506,0.33365216851234436,0.09436607360839844,0.7817662954330444,0.35837140679359436,0.0385342575609684,0.821094810962677,0.3298882246017456,0.06205276772379875,0.8422523736953735,0.3209421634674072,0.0838068276643753,0.8563806414604187,0.3165569007396698,0.1001029908657074,0.7593970894813538,0.3441481292247772,0.050295084714889526,0.7825669050216675,0.3142468333244324,0.07461261004209518,0.7977936267852783,0.3022046685218811,0.09083982557058334,0.8108174800872803,0.2947004437446594,0.10387676954269409,paper
0.5425801873207092,0.8807045221328735,5.940242999713519e-07,0.5134323239326477,0.8429136276245117,-0.06332295387983322,0.4989544749259949,0.7902952432632446,-0.0890679731965065,0.5043754577636719,0.7438909411430359,-0.10608218610286713,0.5077970623970032,0.6954606175422668,-0.12082149088382721,0.5239127278327942,0.7200092673301697,-0.033645011484622955,0.5301738381385803,0.6541727781295776,-0.04914049431681633,0.5374703407287598,0.6105353236198425,-0.06581209599971771,0.5450443625450134,0.5762896537780762,-0.07916118204593658,0.5518760085105896,0.7258505821228027,-0.014493593946099281,0.5687511563301086,0.6592805981636047,-0.026654746383428574,0.5852929353713989,0.616107165813446,-0.044747207313776016,0.601911187171936,0.5828694701194763,-0.05932679772377014,0.5778224468231201,0.7411573529243469,-0.003256917465478182,0.600883424282074,0.6831881999969482,-0.01593506522476673,0.6193400025367737,0.6492990851402283,-0.03538233041763306,0.6372133493423462,0.6200944185256958,-0.0504845455288887,0.6030993461608887,0.7629594802856445,0.0018655393505468965,0.6294673085212708,0.7238677740097046,-0.01019278634339571,0.6473726034164429,0.6961919665336609,-0.024528760462999344,0.6652846336364746,0.6702938079833984,-0.03676794096827507,paper
0.5543186068534851,0.3263998031616211,1.1306478597816749e-07,0.5495721697807312,0.3027138411998749,0.008336350321769714,0.5283520817756653,0.2919062376022339,0.012084882706403732,0.5140016078948975,0.2853548228740692,0.012727825902402401,0.5044383406639099,0.2771245241165161,0.013630131259560585,0.4928649365901947,0.2975870966911316,0.012944073416292667,0.4683340787887573,0.279344767332077,0.009043432772159576,0.45636647939682007,0.2597695589065552,0.004882874898612499,0.44871366024017334,0.2427787482738495,0.0021534303668886423,0.48869070410728455,0.29800599813461304,0.005130276083946228,0.4620913565158844,0.2744157910346985,0.0019444498466327786,0.44982102513313293,0.25192171335220337,-0.0015761674148961902,0.44196680188179016,0.23188304901123047,-0.00391878467053175,0.48959776759147644,0.2952571511268616,-0.003109910525381565,0.4637144207954407,0.2720687687397003,-0.005800521466881037,0.45232635736465454,0.2515670359134674,-0.008574757725000381,0.44572877883911133,0.2343626171350479,-0.01019352301955223,0.495989054441452,0.2893328070640564,-0.011176091618835926,0.4753762185573578,0.27296286821365356,-0.012224212288856506,0.4649670720100403,0.25872960686683655,-0.012555238790810108,0.4586467444896698,0.24576160311698914,-0.01290194783359766,paper
0.6240202188491821,0.2661069631576538,4.5001709736425255e-07,0.6242194771766663,0.2440778613090515,-0.02702055685222149,0.612395167350769,0.22767573595046997,-0.041768237948417664,0.5975958108901978,0.21428285539150238,-0.05331125482916832,0.5910974144935608,0.19780103862285614,-0.06466250866651535,0.5527122020721436,0.2113037407398224,-0.03408387303352356,0.5228363871574402,0.18222734332084656,-0.04933812841773033,0.5047716498374939,0.16154590249061584,-0.06045283377170563,0.4893445074558258,0.14258022606372833,-0.06908828020095825,0.5393849611282349,0.22561568021774292,-0.031618740409612656,0.50258868932724,0.20183183252811432,-0.04618047550320625,0.47515130043029785,0.18484804034233093,-0.058576799929142,0.4529212713241577,0.17087994515895844,-0.06753897666931152,0.5385707020759583,0.2448907345533371,-0.031014304608106613,0.4992549419403076,0.2337450534105301,-0.04799962788820267,0.47068530321121216,0.2269822657108307,-0.06222083419561386,0.4484645426273346,0.22091145813465118,-0.07140985876321793,0.5476820468902588,0.2680787146091461,-0.03218037635087967,0.5177854895591736,0.275491863489151,-0.050026703625917435,0.4973788857460022,0.28023380041122437,-0.060766350477933884,0.4800242483615875,0.28301507234573364,-0.06727418303489685,paper
0.6460245847702026,0.315433531999588,-1.356902714633179e-07,0.6441088318824768,0.2731238007545471,0.015552906319499016,0.6307663917541504,0.2423495203256607,0.02350005693733692,0.6221863627433777,0.21882522106170654,0.0251600481569767,0.6180669665336609,0.19710539281368256,0.025617973878979683,0.5744526386260986,0.2396281659603119,0.033459797501564026,0.5502550601959229,0.2191278040409088,0.0358349084854126,0.5335420370101929,0.21035824716091156,0.03245840221643448,0.5175653100013733,0.20496390759944916,0.027833303436636925,0.5711824893951416,0.24504712224006653,0.018999967724084854,0.5261049866676331,0.24167735874652863,0.020946884527802467,0.49803805351257324,0.23712338507175446,0.01290961541235447,0.4736197888851166,0.23547561466693878,0.0037106676027178764,0.5719078779220581,0.2529393136501312,0.0032789825927466154,0.526698887348175,0.2480747401714325,0.002605615183711052,0.4973207116127014,0.24153107404708862,-0.006103814579546452,0.47137901186943054,0.23745006322860718,-0.01572572998702526,0.5803312659263611,0.2591916620731354,-0.011916539631783962,0.5483229756355286,0.25371819734573364,-0.015641463920474052,0.5272010564804077,0.24954214692115784,-0.02114500291645527,0.5063878297805786,0.24558232724666595,-0.0273246131837368,paper
0.617160975933075,0.9292123317718506,9.678609558250173e-08,0.6037247180938721,0.861085832118988,-0.016365887597203255,0.6285274028778076,0.8081244826316833,-0.022908128798007965,0.6638167500495911,0.7694231867790222,-0.02568855695426464,0.6876839995384216,0.7418037056922913,-0.027518078684806824,0.706717312335968,0.8146255612373352,-0.015125791542232037,0.7518797516822815,0.7675856351852417,-0.018511909991502762,0.7764164209365845,0.7406002879142761,-0.021457020193338394,0.7951434850692749,0.7204102277755737,-0.023941513150930405,0.729167103767395,0.8470179438591003,-0.00841032899916172,0.7823216319084167,0.8081738948822021,-0.009621520526707172,0.8096883893013,0.7847264409065247,-0.010737662203609943,0.8293893933296204,0.7670208215713501,-0.011909141205251217,0.7364439964294434,0.8786442279815674,-0.0029416843317449093,0.7890831828117371,0.8486210107803345,-0.006003163289278746,0.818661093711853,0.8293272256851196,-0.010052306577563286,0.8390923142433167,0.8147052526473999,-0.012376165948808193,0.7351067066192627,0.9121264815330505,0.0016612561885267496,0.7828258872032166,0.8955675363540649,-0.0008014164050109684,0.809352457523346,0.8835010528564453,-0.0022487833630293608,0.8287848234176636,0.872510552406311,-0.0025830690283328295,paper
0.43565642833709717,0.6133601665496826,1.800304261223573e-07,0.3796544373035431,0.5790714621543884,-0.005302139092236757,0.3246479332447052,0.5664082765579224,0.0015443078009411693,0.2796329855918884,0.566034734249115,0.007153074722737074,0.24701541662216187,0.5711537003517151,0.012408343143761158,0.3013637959957123,0.6087155342102051,0.0181349478662014,0.2470615953207016,0.6147580742835999,0.018625041469931602,0.21630439162254333,0.6188153028488159,0.01415790431201458,0.18955180048942566,0.6224932074546814,0.00900479219853878,0.30900081992149353,0.6353986263275146,0.015546642243862152,0.2551010251045227,0.6543653607368469,0.01505697425454855,0.22214637696743011,0.6676387190818787,0.004142009653151035,0.19717058539390564,0.6798940896987915,-0.005575088318437338,0.3262156546115875,0.6591389775276184,0.010714059695601463,0.2783568501472473,0.6846626996994019,0.005843896884471178,0.24969540536403656,0.6992861032485962,-0.005703698843717575,0.22718018293380737,0.7096632719039917,-0.014827761799097061,0.35086697340011597,0.6786571145057678,0.005143958609551191,0.3188832402229309,0.7082087397575378,-0.0014684789348393679,0.29683762788772583,0.7248513698577881,-0.007744462229311466,0.2765136957168579,0.7361307740211487,-0.012630105018615723,paper
0.7742566466331482,0.5785248279571533,4.853542918681342e-07,0.6869789958000183,0.629308819770813,-0.016875509172677994,0.6099408864974976,0.6306780576705933,-0.020068004727363586,0.5375823378562927,0.6239970326423645,-0.018134696409106255,0.48276495933532715,0.635299801826477,-0.016861174255609512,0.5914885997772217,0.5239070653915405,-0.008598175831139088,0.5039685368537903,0.48896005749702454,-0.002988393884152174,0.4546128213405609,0.4688595235347748,-0.004248460754752159,0.4150658845901489,0.44602537155151367,-0.008375612087547779,0.6232702136039734,0.4873449206352234,0.0032205332536250353,0.5468175411224365,0.4276600480079651,0.010582217015326023,0.5026199817657471,0.389479398727417,0.0027418555691838264,0.4716147780418396,0.3568759262561798,-0.007578834425657988,0.6628590822219849,0.4717767536640167,0.0149690555408597,0.6147369146347046,0.40462422370910645,0.018010079860687256,0.5813133120536804,0.3602244257926941,-0.00022658130910713226,0.5574118494987488,0.3240755498409271,-0.016793977469205856,0.7054400444030762,0.4671519696712494,0.02700008451938629,0.699786365032196,0.4027276635169983,0.026304783299565315,0.6936573386192322,0.36127156019210815,0.015446069650352001,0.6877989172935486,0.3217765688896179,0.004797118250280619,paper
0.11362692713737488,0.4833095371723175,1.067001790033828e-06,0.2496052384376526,0.5228315591812134,-0.01844917982816696,0.33972811698913574,0.4853912591934204,-0.016739564016461372,0.40487414598464966,0.44596388936042786,-0.0002763447700999677,0.4755052328109741,0.41495802998542786,0.022143607959151268,0.3314288854598999,0.36159828305244446,-0.01343739964067936,0.4105111062526703,0.29947012662887573,0.015380152501165867,0.4648955464363098,0.26353785395622253,0.042656060308218,0.49978986382484436,0.23839916288852692,0.0683007761836052,0.28692543506622314,0.3315315842628479,0.03844693303108215,0.35856667160987854,0.26240044832229614,0.08500092476606369,0.40453529357910156,0.23638774454593658,0.1343632936477661,0.43466871976852417,0.2189890593290329,0.17493991553783417,0.24590140581130981,0.32178691029548645,0.09389576315879822,0.3053591847419739,0.26455941796302795,0.15003015100955963,0.35060665011405945,0.2484312504529953,0.2018240988254547,0.3781803548336029,0.2416369915008545,0.2408098727464676,0.21390825510025024,0.3211142122745514,0.14816202223300934,0.2563367784023285,0.28542715311050415,0.20759452879428864,0.2928571403026581,0.27131134271621704,0.25033989548683167,0.31917479634284973,0.2639407515525818,0.285296231508255,paper
0.24911350011825562,0.8371312022209167,4.545998422145203e-08,0.2566453516483307,0.7943193912506104,-0.016191046684980392,0.28220421075820923,0.7540642023086548,-0.02549845352768898,0.3032844364643097,0.7224649786949158,-0.034373436123132706,0.31244656443595886,0.6945819854736328,-0.04368051141500473,0.3430124521255493,0.7673214077949524,-0.016418887302279472,0.37742623686790466,0.7373963594436646,-0.029871735721826553,0.3992852568626404,0.7188549041748047,-0.041235897690057755,0.4187937378883362,0.7029261589050293,-0.049891095608472824,0.3566714823246002,0.7909411191940308,-0.01901501603424549,0.4036084711551666,0.7734745740890503,-0.03068503923714161,0.4321964383125305,0.7618499398231506,-0.039906784892082214,0.454776793718338,0.7515645027160645,-0.04707847535610199,0.35700803995132446,0.8171542286872864,-0.02411399409174919,0.4016721546649933,0.8145379424095154,-0.03843005746603012,0.42903515696525574,0.8106964826583862,-0.04954031854867935,0.4524450898170471,0.805596113204956,-0.05700799450278282,0.3473670184612274,0.8428506255149841,-0.030647294595837593,0.3784709870815277,0.8606354594230652,-0.042929042130708694,0.39964133501052856,0.8717174530029297,-0.050341419875621796,0.41968655586242676,0.8789948225021362,-0.05581260100007057,paper
0.4462932348251343,0.4390099346637726,2.4903675921450485e-07,0.5175457000732422,0.4292672276496887,0.003990763332694769,0.5678927302360535,0.38228639960289,0.009792792610824108,0.5938310623168945,0.32156357169151306,0.01705952361226082,0.6127629280090332,0.2813310921192169,0.02221602573990822,0.5523238182067871,0.2972075343132019,-0.012810624204576015,0.5878742337226868,0.21386122703552246,-0.013431555591523647,0.6082274317741394,0.16703897714614868,-0.010563633404672146,0.6221073865890503,0.13163943588733673,-0.009650510735809803,0.5122402310371399,0.28159070014953613,-0.017198285087943077,0.5426783561706543,0.18876932561397552,-0.025594230741262436,0.558777391910553,0.13698427379131317,-0.029705431312322617,0.5694458484649658,0.10161256790161133,-0.03218565881252289,0.47158822417259216,0.28143250942230225,-0.01916908100247383,0.497002512216568,0.1963501274585724,-0.02972387708723545,0.5105103850364685,0.1456863433122635,-0.036765795201063156,0.5198585987091064,0.1091672033071518,-0.04038598760962486,0.4307677745819092,0.2944096326828003,-0.01891332119703293,0.43460673093795776,0.2215621918439865,-0.030333921313285828,0.43666449189186096,0.18112893402576447,-0.03605169057846069,0.4425187110900879,0.14870478212833405,-0.037959858775138855,paper
0.6680281162261963,0.1773529052734375,5.091231614073877e-08,0.6741327047348022,0.13752081990242004,-0.009405544027686119,0.6625893115997314,0.10198398679494858,-0.009539242833852768,0.6427130103111267,0.0766892358660698,-0.00953767355531454,0.6297232508659363,0.05771097540855408,-0.010069665499031544,0.631963849067688,0.09795009344816208,-0.0012702116509899497,0.6082939505577087,0.06903613358736038,-0.00701014744117856,0.5926651954650879,0.05324527248740196,-0.013375899754464626,0.5794045925140381,0.03930371627211571,-0.018669918179512024,0.6189925670623779,0.11144691705703735,-0.001961709698662162,0.5911428332328796,0.08588661253452301,-0.007680234964936972,0.5718107223510742,0.07142532616853714,-0.01600888930261135,0.5558162331581116,0.059885174036026,-0.02270551398396492,0.6111934185028076,0.1280960738658905,-0.00425117090344429,0.5831181406974792,0.10717341303825378,-0.010764763690531254,0.565322995185852,0.09559617936611176,-0.017498526722192764,0.5509806871414185,0.08547427505254745,-0.022377697750926018,0.6069831848144531,0.14809554815292358,-0.007598769851028919,0.5827422142028809,0.13559368252754211,-0.014182478189468384,0.5677148103713989,0.12690827250480652,-0.01816895231604576,0.5553445816040039,0.11775966733694077,-0.020872225984930992,paper
0.4806044101715088,0.4696075916290283,2.640315166502205e-08,0.457876980304718,0.5243898630142212,-0.025783583521842957,0.41014689207077026,0.5468716025352478,-0.03171069547533989,0.36178985238075256,0.5569641590118408,-0.028896434232592583,0.32233333587646484,0.563212513923645,-0.024101246148347855,0.36189141869544983,0.5037081241607666,-0.03377171978354454,0.29723864793777466,0.5288074612617493,-0.03105909563601017,0.26596546173095703,0.5483711957931519,-0.026615452021360397,0.24167539179325104,0.5628407001495361,-0.022522948682308197,0.35787713527679443,0.4760662317276001,-0.012520846910774708,0.29424816370010376,0.5025404691696167,-0.009952323511242867,0.2593275010585785,0.5231490135192871,-0.0039021982811391354,0.23516590893268585,0.5400581955909729,0.000563369074370712,0.36285367608070374,0.46151992678642273,0.009209162555634975,0.3086077570915222,0.47665655612945557,0.011460548266768456,0.2752745747566223,0.4917732775211334,0.012580704875290394,0.2510055899620056,0.5066620111465454,0.014403250999748707,0.37082093954086304,0.4536128640174866,0.030282581225037575,0.32888731360435486,0.4604272246360779,0.03589916601777077,0.3011699318885803,0.4714219868183136,0.038813523948192596,0.2823515832424164,0.4828883111476898,0.041330672800540924,paper
0.5784392356872559,0.19861632585525513,4.96318115494887e-08,0.5554521679878235,0.1574743390083313,-0.003117623273283243,0.5220147371292114,0.14269642531871796,-0.00014704324712511152,0.4923316538333893,0.1399802714586258,0.0009259940125048161,0.4706784784793854,0.1330745369195938,0.0019405563361942768,0.4769720137119293,0.1768040657043457,0.014839192852377892,0.44208118319511414,0.1782885491847992,0.012417367659509182,0.42219817638397217,0.17887525260448456,0.006681240163743496,0.4043963551521301,0.17966322600841522,0.001561368815600872,0.4731071889400482,0.1959168165922165,0.010653979144990444,0.43158987164497375,0.19855202734470367,0.008872879669070244,0.4075525403022766,0.1989048421382904,0.0026182997971773148,0.3868703842163086,0.1994684338569641,-0.003048317041248083,0.47553157806396484,0.21296709775924683,0.004024785943329334,0.4352162182331085,0.21877717971801758,-0.0005047874292358756,0.4115886688232422,0.21983295679092407,-0.006851143669337034,0.39182859659194946,0.22032660245895386,-0.011594659648835659,0.4842144548892975,0.22883443534374237,-0.003539749188348651,0.44943854212760925,0.23912930488586426,-0.009162116795778275,0.4275796413421631,0.24275532364845276,-0.012937400490045547,0.40839749574661255,0.24477943778038025,-0.015736309811472893,paper
0.29533472657203674,0.770108699798584,5.69515236747975e-07,0.24405646324157715,0.6619237661361694,-0.07106877118349075,0.2572804093360901,0.5359530448913574,-0.10472489148378372,0.308526873588562,0.429415762424469,-0.13101154565811157,0.32644420862197876,0.32954180240631104,-0.15469402074813843,0.4026995301246643,0.4461269676685333,-0.05482146516442299,0.46685460209846497,0.3107025921344757,-0.09733225405216217,0.5121241211891174,0.23034846782684326,-0.13313688337802887,0.5564836859703064,0.16392192244529724,-0.15999461710453033,0.4641382396221161,0.47806984186172485,-0.04840898513793945,0.5497235059738159,0.35442468523979187,-0.08602659404277802,0.6111377477645874,0.2811064124107361,-0.11903230100870132,0.6644371747970581,0.22127819061279297,-0.1439371407032013,0.5012043118476868,0.5297870635986328,-0.05149848386645317,0.5888162851333618,0.42758187651634216,-0.0895073339343071,0.6491224765777588,0.3677910268306732,-0.11846500635147095,0.6990015506744385,0.31713977456092834,-0.13871018588542938,0.526207685470581,0.597490131855011,-0.06146589666604996,0.6095316410064697,0.5324221849441528,-0.09508383274078369,0.6644874811172485,0.49088671803474426,-0.11512993276119232,0.7148633599281311,0.4526502192020416,-0.12944352626800537,paper
0.27919018268585205,0.5967902541160583,-1.864613921043201e-07,0.39027297496795654,0.6715093851089478,0.10279640555381775,0.481759637594223,0.6750719547271729,0.16394805908203125,0.5486321449279785,0.6750171184539795,0.1953725814819336,0.6040349006652832,0.6775669455528259,0.2232174277305603,0.5704008340835571,0.549432635307312,0.1889396458864212,0.6652369499206543,0.5249601006507874,0.22992408275604248,0.720344066619873,0.5177152752876282,0.24901267886161804,0.7648354768753052,0.5133628249168396,0.25517064332962036,0.5697779059410095,0.5088083148002625,0.12068651616573334,0.6828294396400452,0.45135563611984253,0.15344136953353882,0.7508217096328735,0.42969685792922974,0.1607239842414856,0.8038420081138611,0.4157727062702179,0.16094183921813965,0.5594865083694458,0.4774230718612671,0.0482003353536129,0.6624564528465271,0.41269466280937195,0.06343922019004822,0.7304857969284058,0.38833630084991455,0.06378033757209778,0.7878262996673584,0.3698902726173401,0.058440838009119034,0.5415122509002686,0.463423490524292,-0.02024819515645504,0.6312646865844727,0.39061856269836426,-0.028913814574480057,0.6898053884506226,0.3557569980621338,-0.03785319998860359,0.7421641945838928,0.3290995955467224,-0.04598207399249077,paper
0.7383819818496704,0.14609688520431519,2.7791443812930083e-07,0.7645294070243835,0.21576009690761566,-0.020793765783309937,0.7514116764068604,0.27185600996017456,-0.030017726123332977,0.7213687300682068,0.31309473514556885,-0.03415697440505028,0.7016045451164246,0.34377434849739075,-0.037468552589416504,0.6676242351531982,0.26204025745391846,-0.021167626604437828,0.6260344386100769,0.3102661073207855,-0.02153862826526165,0.6024553775787354,0.33821535110473633,-0.023290960118174553,0.5810855627059937,0.3581380844116211,-0.026488611474633217,0.6447332501411438,0.22795303165912628,-0.011428991332650185,0.5967578887939453,0.2677707374095917,-0.009005393832921982,0.5675761103630066,0.29219356179237366,-0.011662309058010578,0.5427557229995728,0.3088529109954834,-0.016408657655119896,0.639522910118103,0.1939719170331955,-0.002496248111128807,0.5936905741691589,0.21977180242538452,-0.004132623318582773,0.5629099011421204,0.23957085609436035,-0.012638533487915993,0.539627730846405,0.25307539105415344,-0.020403582602739334,0.6424797177314758,0.15598008036613464,0.005642279516905546,0.6022641062736511,0.15763968229293823,0.0023971141781657934,0.5764051675796509,0.16232508420944214,-0.003187203546985984,0.5545145273208618,0.1668637990951538,-0.00826211553066969,paper
0.1176232397556305,0.31262511014938354,8.870089374113377e-08,0.11397231370210648,0.26122933626174927,-0.013036161661148071,0.12220941483974457,0.21293771266937256,-0.014608437195420265,0.13689358532428741,0.1762421727180481,-0.016044707968831062,0.14661559462547302,0.14790572226047516,-0.01603865996003151,0.1551060825586319,0.20065931975841522,0.013615590520203114,0.17246995866298676,0.1644296646118164,0.010249544866383076,0.1852411925792694,0.14753615856170654,0.00337804201990366,0.19888749718666077,0.13261385262012482,-0.00274625769816339,0.1738000512123108,0.21720954775810242,0.014849846251308918,0.19892685115337372,0.18523016571998596,0.01350801344960928,0.21434175968170166,0.16882582008838654,0.00688405055552721,0.2289305329322815,0.15567439794540405,0.0005455872160382569,0.1857585906982422,0.23844538629055023,0.012295437045395374,0.21041592955589294,0.2122289389371872,0.009565284475684166,0.2247510552406311,0.19585412740707397,0.005761697422713041,0.23831358551979065,0.18192058801651,0.001801871694624424,0.19323831796646118,0.26532554626464844,0.007592640817165375,0.2153850942850113,0.25191715359687805,0.006477194372564554,0.23046301305294037,0.24017898738384247,0.00575985899195075,0.24626287817955017,0.22887173295021057,0.004120636731386185,paper
0.9093455672264099,0.5601773858070374,2.520986583931517e-07,0.8434348702430725,0.5807836651802063,-0.01740293763577938,0.7995309233665466,0.6219096183776855,-0.018595591187477112,0.7732549905776978,0.6607630848884583,-0.01918739080429077,0.7533039450645447,0.6964457631111145,-0.02064276672899723,0.8278698325157166,0.6871790885925293,-0.003714750288054347,0.8008058071136475,0.744960606098175,-0.012344803661108017,0.78581303358078,0.7806013822555542,-0.022917121648788452,0.7731379270553589,0.8130702972412109,-0.032941170036792755,0.8557113409042358,0.6957617998123169,-0.006394156254827976,0.8381163477897644,0.7625572085380554,-0.01861327700316906,0.8247799873352051,0.8062009811401367,-0.03684969246387482,0.8149638772010803,0.8411769866943359,-0.05196884647011757,0.8874366879463196,0.6919137835502625,-0.011885004118084908,0.8792625069618225,0.7546034455299377,-0.028246194124221802,0.8715317845344543,0.7960473299026489,-0.04757946729660034,0.8638045787811279,0.8303231000900269,-0.06170067936182022,0.9198848009109497,0.6786748766899109,-0.018713105469942093,0.9266649484634399,0.7304385900497437,-0.03757564723491669,0.9311728477478027,0.7645473480224609,-0.05165427550673485,0.9313493371009827,0.7954571843147278,-0.06172346696257591,paper
0.9141201972961426,0.5821102261543274,8.105364912580626e-08,0.941426157951355,0.632780909538269,-0.006314433179795742,0.9391385316848755,0.6898546814918518,-0.013340000994503498,0.9184716939926147,0.7365387678146362,-0.01849830150604248,0.8955569267272949,0.7675130367279053,-0.023595763370394707,0.9042611718177795,0.7027286887168884,-0.03261800482869148,0.8720220327377319,0.7710623145103455,-0.04792162775993347,0.8541672825813293,0.8089082837104797,-0.0523560456931591,0.8406796455383301,0.8380148410797119,-0.053696244955062866,0.8747221231460571,0.6859774589538574,-0.03626863285899162,0.8393905758857727,0.7561604380607605,-0.05146322026848793,0.8169324398040771,0.7954719662666321,-0.056392401456832886,0.7995530962944031,0.8258116841316223,-0.05836605653166771,0.8498016595840454,0.6639536619186401,-0.03915148973464966,0.8151560425758362,0.7265536785125732,-0.05292448401451111,0.790153443813324,0.762438178062439,-0.05888870730996132,0.772053062915802,0.7899409532546997,-0.06093670055270195,0.8293265700340271,0.6398651003837585,-0.04141344502568245,0.7970348596572876,0.687021017074585,-0.05238255113363266,0.7767794132232666,0.7162836194038391,-0.05606966093182564,0.7617809176445007,0.7399832606315613,-0.05670541897416115,paper
0.5537207722663879,0.2837423086166382,5.795097308691766e-07,0.6038658022880554,0.31851494312286377,-0.04415834695100784,0.6491024494171143,0.3166082203388214,-0.06920842081308365,0.6891617774963379,0.3000083565711975,-0.08138382434844971,0.7277683615684509,0.28124505281448364,-0.09311996400356293,0.6518502831459045,0.2496328204870224,-0.09726555645465851,0.7102227807044983,0.21738791465759277,-0.12116406857967377,0.7502719163894653,0.20781353116035461,-0.13057520985603333,0.7854067087173462,0.20227956771850586,-0.13513821363449097,0.6418148875236511,0.22063609957695007,-0.0760401040315628,0.7031295895576477,0.18236491084098816,-0.10829071700572968,0.7527967095375061,0.16703824698925018,-0.12023990601301193,0.7906996607780457,0.15904755890369415,-0.12691478431224823,0.6319617033004761,0.20410901308059692,-0.052313126623630524,0.6854848265647888,0.1692276895046234,-0.0761328637599945,0.7304412126541138,0.15449225902557373,-0.08648856729269028,0.7657926678657532,0.14812126755714417,-0.09114411473274231,0.6255502700805664,0.1961953490972519,-0.02978893369436264,0.6661645174026489,0.16411983966827393,-0.04642132297158241,0.6977842450141907,0.14731448888778687,-0.05586186796426773,0.7253044843673706,0.13870835304260254,-0.06144507974386215,paper
0.443386971950531,0.4605707824230194,3.135099859719048e-07,0.48246604204177856,0.46768122911453247,-0.008038857951760292,0.5210367441177368,0.4630820155143738,-0.012684427201747894,0.5563994646072388,0.46293824911117554,-0.01677406206727028,0.5815837383270264,0.4691220223903656,-0.02154591679573059,0.5334852337837219,0.39904484152793884,-0.018010621890425682,0.576877772808075,0.37916290760040283,-0.02456190623342991,0.6025251150131226,0.36658260226249695,-0.028698479756712914,0.6222580075263977,0.3548310399055481,-0.03258997201919556,0.5171071290969849,0.37863990664482117,-0.020333796739578247,0.5529178977012634,0.3423087000846863,-0.027742689475417137,0.5759057402610779,0.31945565342903137,-0.035017188638448715,0.5914283394813538,0.30123060941696167,-0.04115237668156624,0.4941116273403168,0.36984312534332275,-0.022324111312627792,0.5121347904205322,0.3281663656234741,-0.031623952090740204,0.5265451669692993,0.3023015260696411,-0.0422762967646122,0.5354525446891785,0.28164082765579224,-0.0505806989967823,0.46864691376686096,0.37006983160972595,-0.024394448846578598,0.466256320476532,0.3349052369594574,-0.03528962284326553,0.46634262800216675,0.3117426335811615,-0.04337511956691742,0.4662529230117798,0.29260343313217163,-0.048828788101673126,paper
0.2852097153663635,0.20007023215293884,1.74023469412532e-07,0.23137369751930237,0.15590347349643707,-0.015307271853089333,0.17658638954162598,0.14282852411270142,-0.014961638487875462,0.12730292975902557,0.14812049269676208,-0.014455104246735573,0.08805754780769348,0.15320515632629395,-0.013761498965322971,0.15070466697216034,0.18839257955551147,0.006186812184751034,0.09359043836593628,0.1919252723455429,-7.290934445336461e-05,0.06150514632463455,0.1939152628183365,-0.00918718334287405,0.031011976301670074,0.1947871446609497,-0.017231754958629608,0.154386967420578,0.21742144227027893,0.006970902439206839,0.09944614768028259,0.23085077106952667,0.001126705203205347,0.06340067088603973,0.23727452754974365,-0.010627971962094307,0.03362078219652176,0.24179339408874512,-0.0212557315826416,0.16570428013801575,0.2423114776611328,0.0042555006220936775,0.11524453014135361,0.2602638602256775,-0.0027480656281113625,0.0809781402349472,0.266106516122818,-0.01239842176437378,0.050557948648929596,0.26805639266967773,-0.0206593107432127,0.18254481256008148,0.26441335678100586,-0.0006701930542476475,0.1428813338279724,0.2830984592437744,-0.008236548863351345,0.11484534293413162,0.28941670060157776,-0.014423827640712261,0.08831128478050232,0.2904701232910156,-0.01982850395143032,paper
0.5524516105651855,0.9370508790016174,-2.722775782615372e-08,0.543595552444458,0.8992899060249329,-0.009788594208657742,0.5549913644790649,0.8639111518859863,-0.014888446778059006,0.5716837048530579,0.8391299843788147,-0.02020745910704136,0.5752255320549011,0.8163511157035828,-0.025893984362483025,0.600434422492981,0.8606106638908386,-0.006922074593603611,0.6183444261550903,0.8277595043182373,-0.016081472858786583,0.6298064589500427,0.8069382309913635,-0.024687163531780243,0.6397505402565002,0.7887710332870483,-0.031401123851537704,0.6175895929336548,0.873429536819458,-0.009944703429937363,0.6437211632728577,0.8438625931739807,-0.018411336466670036,0.6590753197669983,0.8230794072151184,-0.0267998818308115,0.6704503297805786,0.80574631690979,-0.03334687650203705,0.6272825002670288,0.8915563821792603,-0.0146879181265831,0.6575027704238892,0.8676764369010925,-0.02352949231863022,0.6738338470458984,0.8514941334724426,-0.031235631555318832,0.6860208511352539,0.83809894323349,-0.03661130741238594,0.6316834688186646,0.9130948185920715,-0.02051936462521553,0.6612576246261597,0.9017084836959839,-0.027753921225667,0.6792665123939514,0.8925894498825073,-0.03228892758488655,0.6938748359680176,0.8838280439376831,-0.03563231602311134,paper
0.5907869338989258,0.7656790018081665,1.0286407814419363e-07,0.5621150135993958,0.7514587044715881,-0.01799514703452587,0.5270392894744873,0.7532345652580261,-0.024164127185940742,0.4967738389968872,0.7647881507873535,-0.02856304496526718,0.47146332263946533,0.7714076638221741,-0.03271157294511795,0.49736008048057556,0.7894793748855591,-0.0143560990691185,0.45972198247909546,0.805896520614624,-0.02524499036371708,0.43759986758232117,0.8181250691413879,-0.034584905952215195,0.4191553294658661,0.8296951651573181,-0.0415816530585289,0.5041490793228149,0.8077178001403809,-0.01253656204789877,0.4688248634338379,0.8289912939071655,-0.022504141554236412,0.4470936954021454,0.8465139269828796,-0.03157910704612732,0.42965584993362427,0.8618419766426086,-0.03848293051123619,0.5170838236808777,0.8207106590270996,-0.012896318919956684,0.48499125242233276,0.8421754837036133,-0.023087330162525177,0.46586093306541443,0.8579787611961365,-0.030410317704081535,0.44965100288391113,0.8717333674430847,-0.03547484800219536,0.5359830260276794,0.8300105929374695,-0.015014157630503178,0.515029788017273,0.8534647822380066,-0.02590402401983738,0.5003665685653687,0.8682056069374084,-0.031862325966358185,0.485832154750824,0.8807797431945801,-0.03533705696463585,paper
0.795771598815918,0.663879930973053,2.4433975909232686e-07,0.8125567436218262,0.5648172497749329,-0.0034617523197084665,0.7769626379013062,0.48846566677093506,0.00945943035185337,0.7373932003974915,0.4335988759994507,0.01788586564362049,0.7271212339401245,0.3906697630882263,0.0269352775067091,0.6675764322280884,0.48591357469558716,0.04876372590661049,0.6154708862304688,0.4303476810455322,0.054510366171598434,0.5867294669151306,0.39685094356536865,0.04994327202439308,0.5622054934501648,0.3681369423866272,0.042807407677173615,0.6355141401290894,0.5123809576034546,0.040415484458208084,0.5675035119056702,0.4568828344345093,0.04520082473754883,0.5316286087036133,0.42087504267692566,0.03558194637298584,0.5028162002563477,0.39008307456970215,0.02611895091831684,0.6179891228675842,0.5438737869262695,0.026153242215514183,0.5450107455253601,0.4969419836997986,0.02102191001176834,0.5105352401733398,0.4635629653930664,0.007633984554558992,0.4824420213699341,0.43250516057014465,-0.0025477984454482794,0.6103676557540894,0.5810478329658508,0.009802538901567459,0.5449424386024475,0.5458340644836426,-0.002331680152565241,0.506816565990448,0.5203067660331726,-0.013690364547073841,0.47565674781799316,0.49174025654792786,-0.02205020934343338,paper
0.3615316152572632,0.6858078241348267,3.409703452916801e-08,0.3880457282066345,0.6582428216934204,0.015065270476043224,0.39372318983078003,0.6297674775123596,0.02090507000684738,0.3950939178466797,0.6084482669830322,0.021432485431432724,0.3992120027542114,0.5925738215446472,0.021471697837114334,0.389603853225708,0.6084004640579224,0.022748198360204697,0.4008978009223938,0.5869098901748657,0.020973114296793938,0.41186457872390747,0.5788411498069763,0.017694585025310516,0.42354002594947815,0.5719270706176758,0.014493419788777828,0.3831016719341278,0.6038241386413574,0.009289710782468319,0.3864310085773468,0.5680288672447205,0.006097422447055578,0.3972432315349579,0.5483534336090088,0.0017574888188391924,0.40758293867111206,0.5344022512435913,-0.0020707861986011267,0.37552404403686523,0.6041166186332703,-0.00517135439440608,0.3727319836616516,0.5651503801345825,-0.010145551525056362,0.3772452473640442,0.5390694737434387,-0.016251245513558388,0.38286709785461426,0.5191558599472046,-0.021421529352664948,0.37124311923980713,0.6104145050048828,-0.018783848732709885,0.3696143627166748,0.5823587775230408,-0.023995520547032356,0.370266318321228,0.5632516741752625,-0.02812088653445244,0.3727452754974365,0.5457791686058044,-0.032150350511074066,paper
0.7525561451911926,0.9017103910446167,3.198877607246686e-08,0.6982511281967163,0.9272351264953613,-0.006295840255916119,0.6418364644050598,0.9198427200317383,-0.009569406509399414,0.5987074375152588,0.9005156755447388,-0.011924407444894314,0.5669171810150146,0.8845740556716919,-0.014574085362255573,0.637563943862915,0.8865819573402405,-0.020910225808620453,0.5770295262336731,0.8615335822105408,-0.03304057940840721,0.5409599542617798,0.8502049446105957,-0.03836873918771744,0.5129117369651794,0.8417016267776489,-0.041454967111349106,0.6551364064216614,0.8616380095481873,-0.023594031110405922,0.5940788388252258,0.8369460701942444,-0.03641699254512787,0.5533344149589539,0.8225072622299194,-0.04482056573033333,0.5222493410110474,0.8126010894775391,-0.05093859136104584,0.6758368611335754,0.8420723080635071,-0.026521416381001472,0.6243980526924133,0.819125235080719,-0.04088830575346947,0.5882619023323059,0.8078948855400085,-0.052902452647686005,0.5610196590423584,0.8041517734527588,-0.05991596356034279,0.6992562413215637,0.8240516185760498,-0.02890840545296669,0.6673503518104553,0.7960973381996155,-0.04143142327666283,0.6418743133544922,0.7818488478660583,-0.05113833025097847,0.6188387870788574,0.7750171422958374,-0.05747896060347557,paper
0.21353411674499512,0.797724187374115,-2.8232653903614846e-07,0.20124006271362305,0.6596545577049255,0.06927729398012161,0.24809956550598145,0.5618292689323425,0.11003728955984116,0.3141145706176758,0.48907363414764404,0.1454792618751526,0.35142946243286133,0.4280388355255127,0.18321070075035095,0.370053768157959,0.5245301127433777,0.06609469652175903,0.4689334034919739,0.4275963008403778,0.08978643268346786,0.5209157466888428,0.37696313858032227,0.11225885897874832,0.5635837912559509,0.3440600633621216,0.1314905732870102,0.423401415348053,0.576165497303009,0.05290103331208229,0.538578987121582,0.47362127900123596,0.07637260109186172,0.5993328094482422,0.43454474210739136,0.10613909363746643,0.6392890214920044,0.4116314649581909,0.13277249038219452,0.45531266927719116,0.6366673707962036,0.04538801684975624,0.5599081516265869,0.5497459769248962,0.06721775978803635,0.6179412007331848,0.5081198215484619,0.09303772449493408,0.6553410291671753,0.48111826181411743,0.11604996770620346,0.4757944643497467,0.7068714499473572,0.04500844329595566,0.5706499814987183,0.6497330665588379,0.06885414570569992,0.6234198808670044,0.6184722781181335,0.09025753289461136,0.6682677268981934,0.5931574702262878,0.1112222671508789,paper
0.7329832911491394,0.8052794337272644,2.627506034968974e-07,0.7530865669250488,0.812968909740448,-0.08202578872442245,0.747683048248291,0.8050547242164612,-0.12871970236301422,0.7275235056877136,0.7945947051048279,-0.1608549952507019,0.6984139084815979,0.7863291501998901,-0.1925281137228012,0.6778547763824463,0.7626312971115112,-0.12307985872030258,0.6326230764389038,0.7559283971786499,-0.16733679175376892,0.5965620875358582,0.7603577971458435,-0.1970323622226715,0.5603160262107849,0.7684668898582458,-0.21658264100551605,0.6489830017089844,0.767514705657959,-0.0971686989068985,0.5959931015968323,0.759346604347229,-0.13840238749980927,0.5567619800567627,0.7646060585975647,-0.16526544094085693,0.5209001302719116,0.7734323143959045,-0.18487782776355743,0.6296254992485046,0.7771610021591187,-0.0742710530757904,0.5834196209907532,0.7689371109008789,-0.10748665034770966,0.5460365414619446,0.7723509669303894,-0.1287849396467209,0.5153400897979736,0.7792084813117981,-0.14367878437042236,0.6180165410041809,0.7905524373054504,-0.056915752589702606,0.5812475681304932,0.7806472778320312,-0.08230358362197876,0.5529049038887024,0.7790260314941406,-0.09820646792650223,0.5301982164382935,0.7829146981239319,-0.11003081500530243,paper
0.6754865646362305,0.6308851838111877,5.904475415263732e-07,0.7344406247138977,0.5549857020378113,-0.07993913441896439,0.7422985434532166,0.4589453339576721,-0.12862659990787506,0.737259030342102,0.3893332779407501,-0.16318240761756897,0.7322408556938171,0.32302409410476685,-0.20188120007514954,0.6420897245407104,0.4708240330219269,-0.16868561506271362,0.6081318855285645,0.3941039741039276,-0.2325870543718338,0.5835349559783936,0.34224164485931396,-0.27427324652671814,0.5623520612716675,0.2914774417877197,-0.3064994215965271,0.6005125641822815,0.5142766237258911,-0.1626640409231186,0.5443008542060852,0.4827677607536316,-0.24645620584487915,0.5003334283828735,0.46033403277397156,-0.3027844727039337,0.46208685636520386,0.4355156421661377,-0.3443339169025421,0.5783082842826843,0.5630819797515869,-0.1551223248243332,0.5185941457748413,0.5648860931396484,-0.2349768877029419,0.47027668356895447,0.5646946430206299,-0.27704131603240967,0.42885667085647583,0.5637874603271484,-0.30364781618118286,0.5682652592658997,0.612421989440918,-0.1508627086877823,0.5179083943367004,0.6351355910301208,-0.21776674687862396,0.47899317741394043,0.6539304852485657,-0.24694539606571198,0.44121983647346497,0.6658045053482056,-0.26656290888786316,paper
0.8166619539260864,0.2605050802230835,1.2758401624068938e-07,0.7286216616630554,0.26927727460861206,-0.04070866480469704,0.6567336916923523,0.32596269249916077,-0.061354540288448334,0.6110952496528625,0.39651650190353394,-0.0758550763130188,0.5719096660614014,0.4518745243549347,-0.09361588209867477,0.6776540875434875,0.3167993724346161,-0.07983261346817017,0.6308369636535645,0.38013744354248047,-0.12208656221628189,0.5993986129760742,0.4298689365386963,-0.15081971883773804,0.570275604724884,0.4756978750228882,-0.1718086153268814,0.7154771089553833,0.34956273436546326,-0.07945038378238678,0.6715990304946899,0.44034695625305176,-0.12304606288671494,0.6462485194206238,0.514257550239563,-0.15272095799446106,0.625451385974884,0.5745598077774048,-0.17512983083724976,0.756079912185669,0.37354835867881775,-0.08015847951173782,0.7223076820373535,0.46308451890945435,-0.12384690344333649,0.7004607915878296,0.5329954624176025,-0.14660704135894775,0.6830034255981445,0.5909507274627686,-0.16045203804969788,0.7980821132659912,0.38535845279693604,-0.0823407992720604,0.7731260657310486,0.4563791751861572,-0.12144502252340317,0.7567710876464844,0.5073424577713013,-0.13854338228702545,0.743595540523529,0.5523597598075867,-0.14891821146011353,paper
0.5360485315322876,0.26707956194877625,2.345013854210265e-07,0.5988849401473999,0.29102763533592224,-0.012406141497194767,0.6522563695907593,0.27872103452682495,-0.013335982337594032,0.7002454400062561,0.25907060503959656,-0.010334809310734272,0.7351982593536377,0.24742832779884338,-0.008407952263951302,0.6580533385276794,0.2121138721704483,-0.012994002550840378,0.7052484750747681,0.16707397997379303,-0.010148299857974052,0.7295999526977539,0.13651177287101746,-0.00893305242061615,0.7501367926597595,0.11108515411615372,-0.010109780356287956,0.6366360783576965,0.19254548847675323,-0.006629978772252798,0.6727325320243835,0.1341555267572403,-0.011249925009906292,0.6972399950027466,0.09916102886199951,-0.022557860240340233,0.7116218209266663,0.07172755897045135,-0.03178715705871582,0.6080989241600037,0.18496669828891754,0.001529461471363902,0.630829393863678,0.12981867790222168,-0.005054405890405178,0.6486304402351379,0.0955689400434494,-0.018106987699866295,0.6598129272460938,0.06962795555591583,-0.027004819363355637,0.5797361135482788,0.1840214878320694,0.01021689921617508,0.5840786099433899,0.13657847046852112,0.0031602145172655582,0.5921112895011902,0.10520583391189575,-0.004756537731736898,0.6001623868942261,0.08097003400325775,-0.009731164202094078,paper
0.7742422819137573,0.8944895267486572,3.257526941524702e-07,0.7175639867782593,0.926979124546051,-0.037180401384830475,0.6741976737976074,0.9192947745323181,-0.054461464285850525,0.6394509673118591,0.8981929421424866,-0.05792173370718956,0.605445146560669,0.8768144845962524,-0.05919510871171951,0.6836866140365601,0.8556944727897644,-0.07993794232606888,0.6326711773872375,0.8289463520050049,-0.09294191002845764,0.5959744453430176,0.8126285672187805,-0.09843824058771133,0.5700362324714661,0.7952843308448792,-0.10071007162332535,0.6961822509765625,0.8292360305786133,-0.05270390585064888,0.6521061658859253,0.79036545753479,-0.07113368064165115,0.6146072745323181,0.7667145133018494,-0.07965631783008575,0.5857337713241577,0.7470688223838806,-0.08521032333374023,0.7044021487236023,0.814098596572876,-0.021848397329449654,0.6712779998779297,0.7771872878074646,-0.03488202393054962,0.6390097737312317,0.7516250610351562,-0.04736234247684479,0.6134799122810364,0.7307620644569397,-0.05432794615626335,0.7082200646400452,0.8058016300201416,0.00960170291364193,0.6823886036872864,0.7730417847633362,0.005524905398488045,0.6625809073448181,0.7521799206733704,-0.0005640445742756128,0.6450469493865967,0.7325783967971802,-0.005291694775223732,paper
0.05064043402671814,0.5430859327316284,-4.1176400600306806e-07,-0.0047574639320373535,0.41102227568626404,0.12327168136835098,-0.01661396026611328,0.3253017067909241,0.18048939108848572,-0.014938071370124817,0.2588617205619812,0.23227593302726746,-0.011023283004760742,0.20433539152145386,0.29036572575569153,0.07938095927238464,0.23470622301101685,0.017755627632141113,0.1141175925731659,0.09472207725048065,0.05058671534061432,0.13892458379268646,0.027898401021957397,0.12271250039339066,0.1439014971256256,0.002476245164871216,0.1906532496213913,0.1551024317741394,0.27732688188552856,-0.0003318500239402056,0.22011356055736542,0.13337558507919312,0.022731034085154533,0.24599911272525787,0.07727386057376862,0.10955096781253815,0.23626573383808136,0.0657224953174591,0.19109082221984863,0.2106780707836151,0.32657548785209656,-0.001047902856953442,0.2811633348464966,0.2040354609489441,0.018772149458527565,0.30109134316444397,0.14810261130332947,0.09484252333641052,0.2912191152572632,0.12592142820358276,0.16639444231987,0.256397008895874,0.37470293045043945,0.015025847591459751,0.329397588968277,0.2986006736755371,0.03488610312342644,0.34780120849609375,0.25308987498283386,0.08063202351331711,0.3387725353240967,0.22354334592819214,0.13234160840511322,paper
0.9328610301017761,0.5883046388626099,1.2356642287159048e-07,0.9114291667938232,0.5579025149345398,-0.011752380058169365,0.8757154941558838,0.5420093536376953,-0.014242656528949738,0.8447372317314148,0.53581303358078,-0.016148952767252922,0.8228474259376526,0.5249395370483398,-0.01827876828610897,0.8377190232276917,0.5706721544265747,-0.006929160561412573,0.7991254329681396,0.5692683458328247,-0.014391825534403324,0.7751253843307495,0.5679320096969604,-0.021607540547847748,0.7546836137771606,0.5676347017288208,-0.027484796941280365,0.8373844027519226,0.5895351767539978,-0.008008725941181183,0.7973666787147522,0.5926361680030823,-0.014562895521521568,0.7725600004196167,0.5950641632080078,-0.022119905799627304,0.7519440650939941,0.5979480147361755,-0.028264308348298073,0.8444512486457825,0.6064726710319519,-0.010906629264354706,0.8072910308837891,0.6114500761032104,-0.01842808537185192,0.7844124436378479,0.6147981286048889,-0.02536611631512642,0.7649132609367371,0.6176088452339172,-0.030481703579425812,0.858086884021759,0.6223828196525574,-0.015080423094332218,0.8294856548309326,0.6328712701797485,-0.023596301674842834,0.8112757205963135,0.6384676694869995,-0.028643978759646416,0.7943045496940613,0.6423603296279907,-0.03196728602051735,paper
0.08887028694152832,0.8864295482635498,-2.050681473519944e-07,0.18890129029750824,0.8483971953392029,0.11356835067272186,0.25341030955314636,0.8235182762145996,0.14447849988937378,0.3018832504749298,0.8173387050628662,0.15710608661174774,0.3508906066417694,0.8068255186080933,0.16416504979133606,0.28405454754829407,0.7558601498603821,0.009139848873019218,0.37613213062286377,0.7166041731834412,-0.012820073403418064,0.4430975914001465,0.7022556662559509,-0.01675339788198471,0.49217355251312256,0.700808048248291,-0.018128929659724236,0.27331435680389404,0.7822011113166809,-0.05928522348403931,0.3868411183357239,0.7368842363357544,-0.10384466499090195,0.4661751389503479,0.7310436367988586,-0.11412833631038666,0.5257534980773926,0.7387369275093079,-0.11847828328609467,0.2640620172023773,0.8196544051170349,-0.11538173258304596,0.3664661943912506,0.7861781120300293,-0.15698127448558807,0.4464914798736572,0.7799631357192993,-0.1695389747619629,0.503722071647644,0.786608874797821,-0.1738942712545395,0.2587825655937195,0.8719903826713562,-0.15737126767635345,0.343460351228714,0.8538458347320557,-0.19495491683483124,0.40814876556396484,0.847496509552002,-0.2127487063407898,0.4617360532283783,0.846889317035675,-0.22407777607440948,paper
0.038093820214271545,0.6214042901992798,2.050658878260947e-07,0.03579798340797424,0.5573462247848511,-0.02902899496257305,0.0718310996890068,0.5033307075500488,-0.03598089516162872,0.11008507013320923,0.4649788737297058,-0.03994375094771385,0.12617412209510803,0.42524123191833496,-0.04253266006708145,0.15081343054771423,0.4846366345882416,-0.005170450080186129,0.20707981288433075,0.43713676929473877,-0.016945067793130875,0.24407652020454407,0.41129857301712036,-0.03120492771267891,0.2755815386772156,0.3916512727737427,-0.04263964295387268,0.17252850532531738,0.5118489861488342,-0.0014518356183543801,0.235072523355484,0.4694075286388397,-0.010794398374855518,0.27756398916244507,0.4471094310283661,-0.026048388332128525,0.3121810555458069,0.4299585521221161,-0.03815503790974617,0.1811576634645462,0.5423310399055481,-0.0028233814518898726,0.24022884666919708,0.5094850063323975,-0.013634618371725082,0.27813035249710083,0.4921913743019104,-0.029046347364783287,0.3083195090293884,0.47967466711997986,-0.04035128280520439,0.18286669254302979,0.5801076292991638,-0.007480116561055183,0.23318445682525635,0.56132572889328,-0.017149053514003754,0.2648305892944336,0.5487890839576721,-0.026339974254369736,0.2945854365825653,0.538804292678833,-0.0337037667632103,paper
0.8253386616706848,0.30896249413490295,3.3838432500488125e-08,0.8454540967941284,0.4502161741256714,-0.0023713107220828533,0.791754424571991,0.5501068830490112,0.009672674350440502,0.719221830368042,0.6309860944747925,0.030965253710746765,0.6765940189361572,0.6937832832336426,0.0553571991622448,0.6386809945106506,0.5374698638916016,-0.012956466525793076,0.5403380393981934,0.6384426355361938,-0.002927733352407813,0.4884456992149353,0.6958390474319458,0.00732220197096467,0.4436948895454407,0.7349193096160889,0.014973614364862442,0.5990192890167236,0.47851690649986267,0.006913104560226202,0.4817140996456146,0.5716465711593628,0.01227090135216713,0.41724103689193726,0.6206862926483154,0.022691845893859863,0.3701174259185791,0.6581355333328247,0.03211226686835289,0.5879011154174805,0.4227011203765869,0.030026299878954887,0.4772007465362549,0.48174768686294556,0.03183186054229736,0.4090011715888977,0.5232527852058411,0.033125437796115875,0.3625187873840332,0.5549224615097046,0.038706324994564056,0.591681182384491,0.3636988401412964,0.05606846138834953,0.4954507350921631,0.37997227907180786,0.05900909751653671,0.43522754311561584,0.3960011601448059,0.059356968849897385,0.38651108741760254,0.40826770663261414,0.06369248032569885,paper
0.10076439380645752,0.21578124165534973,8.638042459097051e-07,0.1847468763589859,0.26405656337738037,-0.055276963859796524,0.26791495084762573,0.3315716087818146,-0.0575278140604496,0.313866525888443,0.3999861180782318,-0.05136798694729805,0.353110671043396,0.45269691944122314,-0.03962373733520508,0.3021770715713501,0.3494396209716797,0.028081823140382767,0.3627986013889313,0.42940056324005127,0.03932571783661842,0.3906882405281067,0.4877413511276245,0.03583037853240967,0.4120658040046692,0.5348854064941406,0.03016272746026516,0.26617005467414856,0.3666829764842987,0.05312946438789368,0.318220853805542,0.44694778323173523,0.07076447457075119,0.3374596834182739,0.5105618238449097,0.06144077330827713,0.34814509749412537,0.5593434572219849,0.05183621123433113,0.2249193787574768,0.3764399588108063,0.06817235052585602,0.26222121715545654,0.4479423463344574,0.08053659647703171,0.2725061774253845,0.5034711956977844,0.06587640941143036,0.28076472878456116,0.5507824420928955,0.052630577236413956,0.17756132781505585,0.3801083266735077,0.07648821920156479,0.2017775923013687,0.43716180324554443,0.08393827080726624,0.21399059891700745,0.48020410537719727,0.07763742655515671,0.22335760295391083,0.5192968249320984,0.07094914466142654,paper
0.740973174571991,0.5168856382369995,2.0691692270702333e-07,0.6236079335212708,0.4963694214820862,0.07110916823148727,0.5565730333328247,0.4790511727333069,0.0678177922964096,0.5061474442481995,0.45079880952835083,0.06356646120548248,0.46140801906585693,0.4165593683719635,0.059321530163288116,0.5286179184913635,0.4526735544204712,-0.13872161507606506,0.44641777873039246,0.38558530807495117,-0.1925458014011383,0.4183073043823242,0.3151799440383911,-0.1805819422006607,0.41225704550743103,0.2705674469470978,-0.15369203686714172,0.580654501914978,0.42789581418037415,-0.17326535284519196,0.49963903427124023,0.3356301486492157,-0.23142790794372559,0.4819117784500122,0.26050835847854614,-0.18406109511852264,0.48799049854278564,0.2214716076850891,-0.13142532110214233,0.6364206671714783,0.39852696657180786,-0.1928519606590271,0.568577229976654,0.31134897470474243,-0.24610450863838196,0.5430486798286438,0.24791020154953003,-0.19889461994171143,0.539940595626831,0.2185422033071518,-0.14474253356456757,0.6927945613861084,0.3699348270893097,-0.19967550039291382,0.6524306535720825,0.297723650932312,-0.23573647439479828,0.6228676438331604,0.25231850147247314,-0.2143404483795166,0.6089904308319092,0.22710202634334564,-0.18131500482559204,paper
0.6086733937263489,0.7474344372749329,3.1646845854993444e-07,0.5622246861457825,0.6905139684677124,-0.010610181838274002,0.4939398467540741,0.6694462895393372,-0.013244561851024628,0.4432307481765747,0.6592790484428406,-0.01851842552423477,0.3974687457084656,0.6457056999206543,-0.02468481846153736,0.43476924300193787,0.7167088389396667,-0.0008430891903117299,0.37040677666664124,0.7062759399414062,-0.022327560931444168,0.33134180307388306,0.6861401796340942,-0.04078797996044159,0.2974556088447571,0.6650079488754272,-0.054757971316576004,0.4360619783401489,0.7361739277839661,-0.010858903639018536,0.3673194646835327,0.7318338751792908,-0.030312322080135345,0.32586756348609924,0.710209846496582,-0.047439754009246826,0.2917119860649109,0.6864741444587708,-0.06078688055276871,0.4505024254322052,0.755168616771698,-0.02515733614563942,0.3827511966228485,0.7565697431564331,-0.04635952040553093,0.3437035083770752,0.7397124171257019,-0.06190916895866394,0.31439387798309326,0.7202661633491516,-0.07231200486421585,0.4757732152938843,0.7730182409286499,-0.04112539812922478,0.4267904460430145,0.7777950763702393,-0.0624735951423645,0.3944511115550995,0.766839325428009,-0.07625315338373184,0.36877137422561646,0.7536782622337341,-0.08582589030265808,paper
0.8242660164833069,0.24672359228134155,-3.941036108567886e-10,0.781754732131958,0.2750648260116577,-0.011502249166369438,0.7378242015838623,0.27625495195388794,-0.014432540163397789,0.6981159448623657,0.26694998145103455,-0.01439271867275238,0.6691011786460876,0.26317495107650757,-0.01350078359246254,0.7197434306144714,0.2262941598892212,-0.008150694891810417,0.6720449328422546,0.2135995775461197,-0.007170198019593954,0.6463174819946289,0.21041780710220337,-0.006907403934746981,0.6266584992408752,0.20654335618019104,-0.007120911963284016,0.7331089973449707,0.20274774730205536,-0.0010968706337735057,0.6894571781158447,0.18351814150810242,0.0005070257466286421,0.6648115515708923,0.1758662313222885,0.0018452084623277187,0.647090494632721,0.17157937586307526,0.0023359335027635098,0.7498837113380432,0.19020669162273407,0.005286180879920721,0.7138040065765381,0.16868722438812256,0.006090157199651003,0.6930329203605652,0.15924325585365295,0.006241395603865385,0.6767041683197021,0.15496109426021576,0.006480901036411524,0.7679464221000671,0.18377454578876495,0.01099587231874466,0.7441282868385315,0.16358250379562378,0.013525651767849922,0.7295297980308533,0.1538020670413971,0.015488934703171253,0.7172055244445801,0.1477065086364746,0.016966886818408966,paper
0.6210989952087402,0.35917648673057556,3.7021965226813336e-07,0.5797907114028931,0.3155352771282196,0.016786251217126846,0.5348159670829773,0.30430176854133606,0.019820984452962875,0.5041782855987549,0.29555368423461914,0.01564445160329342,0.473104864358902,0.28462862968444824,0.010600674897432327,0.502117395401001,0.3457971215248108,0.0136894965544343,0.45051276683807373,0.33851224184036255,-0.0012328106677159667,0.4230608344078064,0.3127906322479248,-0.012166615575551987,0.4056914150714874,0.286515474319458,-0.01897493377327919,0.5045335292816162,0.35493043065071106,-0.006950638722628355,0.4409581422805786,0.3469148278236389,-0.025830212980508804,0.4124283790588379,0.3140832185745239,-0.03861382231116295,0.3990319073200226,0.2841527760028839,-0.045806944370269775,0.5128391981124878,0.36121317744255066,-0.028205737471580505,0.4537930488586426,0.3549618721008301,-0.04575303941965103,0.4311431348323822,0.3220416009426117,-0.054264701902866364,0.423015296459198,0.29302501678466797,-0.057831477373838425,0.5269390344619751,0.361413836479187,-0.04842454195022583,0.48159658908843994,0.35255539417266846,-0.06103463098406792,0.46572574973106384,0.32644546031951904,-0.06567947566509247,0.4622240364551544,0.3009711503982544,-0.06790555268526077,paper
0.14307115972042084,0.7138688564300537,6.913829224686197e-07,0.14129093289375305,0.7266030311584473,-0.10343769192695618,0.1418323814868927,0.7150299549102783,-0.15928028523921967,0.1512223184108734,0.6862622499465942,-0.1950928270816803,0.16992683708667755,0.6450027823448181,-0.22962355613708496,0.11942578852176666,0.6332295536994934,-0.14220969378948212,0.12326008081436157,0.5729896426200867,-0.18494166433811188,0.13456304371356964,0.5279513597488403,-0.2145977020263672,0.14665135741233826,0.4931641221046448,-0.23504295945167542,0.12895213067531586,0.6107529401779175,-0.10133802890777588,0.13033759593963623,0.5459328293800354,-0.13959680497646332,0.14393062889575958,0.500929594039917,-0.1655511111021042,0.15845687687397003,0.46738749742507935,-0.18623995780944824,0.139930859208107,0.5945085287094116,-0.06471128761768341,0.13769274950027466,0.5372610688209534,-0.0952782854437828,0.14790765941143036,0.4994238615036011,-0.11807548254728317,0.16051243245601654,0.47029006481170654,-0.13621143996715546,0.14758475124835968,0.5818126797676086,-0.035140812397003174,0.1471415013074875,0.5393154621124268,-0.05893237888813019,0.15550468862056732,0.5110743641853333,-0.07799088954925537,0.1672193855047226,0.4883171617984772,-0.09425455331802368,paper
0.5568966865539551,0.5757172703742981,1.59352055106865e-07,0.5631334185600281,0.539962649345398,-0.007827653549611568,0.5533297657966614,0.5112716555595398,-0.008720837533473969,0.5378202795982361,0.491413414478302,-0.009996636770665646,0.5262979865074158,0.47349774837493896,-0.01108128298074007,0.5107897520065308,0.5070645809173584,0.0017970548942685127,0.49290627241134644,0.4790382981300354,-0.004493854474276304,0.48415786027908325,0.46142786741256714,-0.011213967576622963,0.47628170251846313,0.44517263770103455,-0.016379769891500473,0.4978969097137451,0.5157283544540405,7.336990529438481e-05,0.47507351636886597,0.48916301131248474,-0.005613031797111034,0.46197038888931274,0.4696415960788727,-0.013065964914858341,0.4513660669326782,0.4526701271533966,-0.018820006400346756,0.4896405339241028,0.5275506377220154,-0.0036409616004675627,0.4645806550979614,0.5043290257453918,-0.010177874937653542,0.4513750970363617,0.48648959398269653,-0.017080256715416908,0.44108477234840393,0.47040924429893494,-0.02180165797472,0.4854772090911865,0.5426378846168518,-0.00838895607739687,0.462276816368103,0.5266671776771545,-0.015237652696669102,0.4490305781364441,0.5131021738052368,-0.01998072862625122,0.4378284215927124,0.49954020977020264,-0.023136578500270844,paper
0.8727507591247559,0.32931578159332275,3.100916501352913e-08,0.89058518409729,0.2876860201358795,-0.011712984181940556,0.8871397972106934,0.24998992681503296,-0.014448984526097775,0.8726694583892822,0.22451193630695343,-0.017580106854438782,0.8553482890129089,0.20934925973415375,-0.0206619743257761,0.8108768463134766,0.2167857587337494,-0.002953657880425453,0.77685546875,0.17671512067317963,-0.010914955288171768,0.756446361541748,0.16351181268692017,-0.018426187336444855,0.740993320941925,0.15684837102890015,-0.022737454622983932,0.7831889986991882,0.23355120420455933,-0.0029473488684743643,0.736900269985199,0.19894848763942719,-0.011262699030339718,0.7103906273841858,0.19718988239765167,-0.018136102706193924,0.696509838104248,0.20791126787662506,-0.021203607320785522,0.7650809288024902,0.25835585594177246,-0.0048548439517617226,0.7152742743492126,0.23392489552497864,-0.01538118626922369,0.6900619268417358,0.23692038655281067,-0.020435649901628494,0.6788243055343628,0.2500230371952057,-0.021127386018633842,0.7544224262237549,0.2886159420013428,-0.007823988795280457,0.7106873989105225,0.27633512020111084,-0.017546283081173897,0.6886299848556519,0.2783307433128357,-0.02053338848054409,0.6781178712844849,0.2864779233932495,-0.01970253884792328,paper
0.4190048277378082,0.8701969385147095,8.596968825713702e-08,0.3600022792816162,0.8396381735801697,-0.022673513740301132,0.32487595081329346,0.7809087038040161,-0.03172312304377556,0.30874601006507874,0.7275764346122742,-0.03987818956375122,0.2881941795349121,0.6894053816795349,-0.04767201840877533,0.3540480434894562,0.7047318816184998,-0.010914605110883713,0.32954245805740356,0.6364867687225342,-0.027416778728365898,0.317316472530365,0.595022976398468,-0.04271648824214935,0.3096778988838196,0.5601683855056763,-0.05426378175616264,0.3883228302001953,0.6964027285575867,-0.01216762512922287,0.37902969121932983,0.6227118968963623,-0.025758206844329834,0.3755257725715637,0.5768392086029053,-0.0385347418487072,0.37336090207099915,0.5415441989898682,-0.04818674549460411,0.4201470613479614,0.7048500776290894,-0.017720846459269524,0.41944676637649536,0.6375676989555359,-0.03178855776786804,0.4186721444129944,0.5948734283447266,-0.044144220650196075,0.41796520352363586,0.5609866380691528,-0.052741896361112595,0.4538344740867615,0.7245250940322876,-0.025885283946990967,0.4645109176635742,0.6727833151817322,-0.03757728636264801,0.4693000912666321,0.6376776695251465,-0.044931091368198395,0.47387170791625977,0.6060265302658081,-0.05033119395375252,paper
0.20352578163146973,0.6425599455833435,-1.8949213753671756e-08,0.17519420385360718,0.6109972596168518,-0.014871149323880672,0.16294050216674805,0.5674774050712585,-0.02144329994916916,0.1626313179731369,0.5321813821792603,-0.0276770181953907,0.15532591938972473,0.5057615637779236,-0.033647287636995316,0.20457962155342102,0.5292808413505554,-0.004855322651565075,0.20721271634101868,0.4888051152229309,-0.015155328437685966,0.21009543538093567,0.46584248542785645,-0.025598395615816116,0.21340787410736084,0.44598689675331116,-0.03350352123379707,0.22615505754947662,0.5308167934417725,-0.005378369707614183,0.23522081971168518,0.48805850744247437,-0.013314001262187958,0.23947998881340027,0.4637155532836914,-0.021160375326871872,0.24282999336719513,0.4442782998085022,-0.0274929441511631,0.24382886290550232,0.5411766767501831,-0.008888809941709042,0.2547180652618408,0.5027380585670471,-0.017188698053359985,0.2602245807647705,0.4785589575767517,-0.023877901956439018,0.26400628685951233,0.45889416337013245,-0.028756020590662956,0.2596666216850281,0.558979332447052,-0.014398911036550999,0.2751578688621521,0.5306301712989807,-0.020680535584688187,0.28204235434532166,0.5117026567459106,-0.024151023477315903,0.2874574363231659,0.494159072637558,-0.027071654796600342,paper
0.42253577709198,0.22693942487239838,2.812821264797094e-07,0.4790817201137543,0.2544935345649719,-0.013919186778366566,0.5335733294487,0.24665620923042297,-0.015500401146709919,0.5778492093086243,0.2274572104215622,-0.013328278437256813,0.6090394854545593,0.2102685123682022,-0.01157619059085846,0.5404068827629089,0.17823059856891632,-0.020679805427789688,0.5942837595939636,0.14210578799247742,-0.023105312138795853,0.6264326572418213,0.12169180810451508,-0.024355227127671242,0.6521681547164917,0.10488834232091904,-0.026729131117463112,0.5194806456565857,0.15371830761432648,-0.016695410013198853,0.5677160620689392,0.11100122332572937,-0.022302154451608658,0.6013656258583069,0.08771449327468872,-0.02831564098596573,0.6253843903541565,0.07082774490118027,-0.03395244479179382,0.4927903115749359,0.1412363201379776,-0.01252357941120863,0.5334364175796509,0.10065468400716782,-0.019612282514572144,0.5614198446273804,0.07846859097480774,-0.02787434495985508,0.5843561887741089,0.06266491115093231,-0.03402004390954971,0.4655393362045288,0.13796302676200867,-0.008737766183912754,0.48963263630867004,0.10120870172977448,-0.01769651472568512,0.5073206424713135,0.07947865128517151,-0.024725478142499924,0.5256385207176208,0.06453201919794083,-0.0293804369866848,paper
0.7249817252159119,0.2513735294342041,-1.1043427861068267e-07,0.7470445036888123,0.38224175572395325,-0.02238493040204048,0.6916399598121643,0.5005940198898315,-0.016518425196409225,0.6257354021072388,0.5710468888282776,-0.011869862675666809,0.591824471950531,0.6303240060806274,-0.005347900092601776,0.5829768180847168,0.4957823157310486,0.03278915584087372,0.5167949795722961,0.5761549472808838,0.026862146332859993,0.47855672240257263,0.6201292276382446,0.013844787143170834,0.44568607211112976,0.6566136479377747,0.002135257702320814,0.5361819863319397,0.45324262976646423,0.029765816405415535,0.4538666605949402,0.5311538577079773,0.026867559179663658,0.40649834275245667,0.5771538019180298,0.011956630274653435,0.3714436888694763,0.6111021637916565,-0.0014798915944993496,0.5083323121070862,0.4019828736782074,0.018419593572616577,0.4239243268966675,0.4693005681037903,0.007709110621362925,0.3772442638874054,0.5131883025169373,-0.012013089843094349,0.34205693006515503,0.5479896068572998,-0.026982329785823822,0.48948991298675537,0.33959078788757324,0.0034313774667680264,0.4155822992324829,0.38439252972602844,-0.0067669181153178215,0.3717331290245056,0.42087501287460327,-0.017808280885219574,0.3332970142364502,0.453753799200058,-0.027521030977368355,paper
0.9155393242835999,0.37937402725219727,4.498995664903305e-08,0.9403762817382812,0.5023401975631714,-0.014951467514038086,0.8987064361572266,0.5859986543655396,-0.014332404360175133,0.8395098447799683,0.6509491801261902,0.00035375612787902355,0.7909344434738159,0.7089095711708069,0.017709387466311455,0.7853904962539673,0.5842714905738831,-0.05509350076317787,0.703658401966095,0.6765023469924927,-0.04264828562736511,0.6617367267608643,0.7312619686126709,-0.022510511800646782,0.6287460327148438,0.7678813338279724,-0.004413445480167866,0.7476311922073364,0.5417200922966003,-0.01990729197859764,0.6559453010559082,0.6319578289985657,-0.00772608257830143,0.6100983619689941,0.6811885833740234,0.0176716186106205,0.5825461149215698,0.7193628549575806,0.03892795741558075,0.7280585765838623,0.5017492771148682,0.02136431820690632,0.6474403142929077,0.5713962912559509,0.03749970346689224,0.6027871370315552,0.6158331036567688,0.05248439684510231,0.5730584859848022,0.6530805826187134,0.06609867513179779,0.71602863073349,0.464242160320282,0.0653064027428627,0.6527616381645203,0.5089508295059204,0.08785602450370789,0.6157271265983582,0.5400145053863525,0.1015452966094017,0.588212251663208,0.568084716796875,0.11336790025234222,paper
0.7882654070854187,0.348108172416687,3.3427122048124147e-07,0.7376238703727722,0.3410855829715729,-0.024523349478840828,0.6899439692497253,0.3693874776363373,-0.03064175322651863,0.6537126302719116,0.4062857925891876,-0.033287595957517624,0.6225025057792664,0.42731600999832153,-0.03659752383828163,0.6860531568527222,0.43777984380722046,-0.02264113910496235,0.6464002132415771,0.48164817690849304,-0.03134959191083908,0.6222267746925354,0.5130096077919006,-0.039488788694143295,0.6037549376487732,0.5407124757766724,-0.04760923981666565,0.7112634778022766,0.4581495523452759,-0.020649496465921402,0.6813608407974243,0.5132867097854614,-0.02992100641131401,0.664057195186615,0.5500841736793518,-0.0420491024851799,0.6527411937713623,0.5797470211982727,-0.05242864787578583,0.7413780093193054,0.4646120071411133,-0.020927669480443,0.7183364033699036,0.519609808921814,-0.03569131717085838,0.7059523463249207,0.5574301481246948,-0.052143074572086334,0.6978671550750732,0.5886034369468689,-0.06411849707365036,0.7758709788322449,0.459945946931839,-0.022692574188113213,0.7725376486778259,0.5073493123054504,-0.04240169748663902,0.7710502743721008,0.5394927859306335,-0.056682828813791275,0.7677972912788391,0.5679675936698914,-0.0659017339348793,paper
0.6881707906723022,0.43223923444747925,1.0116868054410588e-07,0.6967624425888062,0.47666922211647034,-0.008314017206430435,0.6877391338348389,0.5141105651855469,-0.015284953638911247,0.6742605566978455,0.545626163482666,-0.02070179209113121,0.6726523637771606,0.5709717273712158,-0.026311304420232773,0.6455604434013367,0.5071660280227661,-0.019090047106146812,0.6267330646514893,0.5455948114395142,-0.027337567880749702,0.6185314059257507,0.5697983503341675,-0.033001191914081573,0.609215497970581,0.5890649557113647,-0.03720865026116371,0.6275926828384399,0.4882524609565735,-0.020062660798430443,0.6007593870162964,0.5167146325111389,-0.027479948475956917,0.5833195447921753,0.5353060960769653,-0.033583324402570724,0.5670586824417114,0.5497705936431885,-0.038861267268657684,0.6177036166191101,0.4675600528717041,-0.02097398415207863,0.5831989049911499,0.4768948256969452,-0.03203524649143219,0.5594573616981506,0.48505204916000366,-0.04122379794716835,0.5412779450416565,0.4910913109779358,-0.04689205437898636,0.6121166944503784,0.44849836826324463,-0.021404294297099113,0.5777316689491272,0.4449358880519867,-0.03243643045425415,0.5554471015930176,0.44184988737106323,-0.03803121671080589,0.5363465547561646,0.4393734037876129,-0.0411236397922039,paper
0.7775366306304932,0.8919745087623596,3.823089400611934e-07,0.7925935983657837,0.8154016733169556,-0.009137790650129318,0.7709546685218811,0.7516250610351562,-0.013711369596421719,0.7317200303077698,0.7001011371612549,-0.014960787259042263,0.703876793384552,0.6579374670982361,-0.017713749781250954,0.6904518008232117,0.7559471130371094,-0.0307456161826849,0.6230540871620178,0.6919102072715759,-0.03934641554951668,0.5830659866333008,0.6538733243942261,-0.04310918599367142,0.5523951053619385,0.62483811378479,-0.04660091549158096,0.6614998579025269,0.7876665592193604,-0.031648967415094376,0.5866587162017822,0.7288727164268494,-0.043228406459093094,0.5397759079933167,0.6900763511657715,-0.05220353603363037,0.507820725440979,0.6620113253593445,-0.05978218838572502,0.6456769108772278,0.8246302604675293,-0.03106735646724701,0.5756118893623352,0.7703633904457092,-0.04307212308049202,0.5339090824127197,0.733352541923523,-0.05452689900994301,0.5045783519744873,0.703715443611145,-0.06325387954711914,0.6396198272705078,0.8624148368835449,-0.029482971876859665,0.5774581432342529,0.8308805227279663,-0.04505804553627968,0.5406596660614014,0.8075493574142456,-0.05526168644428253,0.5110224485397339,0.7828820943832397,-0.061317332088947296,paper
0.6991027593612671,0.8398520946502686,2.3167208951235807e-07,0.770209789276123,0.789193332195282,0.03314962238073349,0.8108643293380737,0.7308417558670044,0.045700907707214355,0.8252710700035095,0.6632802486419678,0.0583801232278347,0.8054646849632263,0.6201810836791992,0.06898125261068344,0.7651233077049255,0.662149965763092,-0.013531402684748173,0.7822076082229614,0.5623970031738281,-0.013089247979223728,0.7833254337310791,0.50825035572052,-0.0014925756258890033,0.7841992974281311,0.46962833404541016,0.00933629646897316,0.7181839942932129,0.6642302870750427,-0.023478705435991287,0.7132907509803772,0.5504429340362549,-0.02967272326350212,0.7079705595970154,0.4965735077857971,-0.015506388619542122,0.7047026753425598,0.464374840259552,-0.0011255036806687713,0.6730769872665405,0.6788215637207031,-0.02649163082242012,0.6658265590667725,0.5810086727142334,-0.030545171350240707,0.6637290120124817,0.5310060381889343,-0.0105499979108572,0.6602022647857666,0.5012507438659668,0.009126232005655766,0.6308165192604065,0.7024428844451904,-0.02449292689561844,0.6113656163215637,0.6237168312072754,-0.023386625573039055,0.6076791882514954,0.5841597318649292,-0.009120278991758823,0.6067377924919128,0.5514857769012451,0.006941128987818956,paper
0.4401322603225708,0.14062842726707458,-5.236052516011114e-07,0.516721785068512,0.2227310985326767,0.1135358214378357,0.5390946865081787,0.2988618016242981,0.17649701237678528,0.5441554188728333,0.36789748072624207,0.22741557657718658,0.5410559773445129,0.41781607270240784,0.28052857518196106,0.5151275396347046,0.3825194835662842,0.10157717764377594,0.514331579208374,0.4807976484298706,0.13897883892059326,0.5115552544593811,0.5327399373054504,0.17990748584270477,0.5050616264343262,0.5674741268157959,0.212490975856781,0.46116048097610474,0.3838309645652771,0.06796647608280182,0.4561518430709839,0.5001766085624695,0.08970163762569427,0.44126129150390625,0.5540639758110046,0.12657928466796875,0.4295896887779236,0.5851661562919617,0.16147416830062866,0.4068009555339813,0.37321722507476807,0.04346721991896629,0.39879903197288513,0.48051542043685913,0.056717731058597565,0.38590094447135925,0.5404101610183716,0.08854983001947403,0.3761490285396576,0.5762364864349365,0.12004154175519943,0.3487689197063446,0.3503434658050537,0.030753375962376595,0.3281056880950928,0.43878665566444397,0.04173148423433304,0.3144824206829071,0.48748359084129333,0.060611527413129807,0.30660462379455566,0.5242220163345337,0.08334951102733612,paper
0.8508244752883911,0.8956016898155212,2.6711740019891295e-07,0.8174104690551758,0.9213523864746094,-0.0495125986635685,0.7836253046989441,0.9143729209899902,-0.07139364629983902,0.7522152066230774,0.9001564383506775,-0.0819992795586586,0.7193239331245422,0.8900805711746216,-0.0916387066245079,0.7627162933349609,0.8652725219726562,-0.05765581876039505,0.7173243165016174,0.8384283185005188,-0.06851374357938766,0.6864302158355713,0.8314924836158752,-0.07720816135406494,0.6601738929748535,0.827825129032135,-0.08246761560440063,0.7655516862869263,0.850463330745697,-0.03087780252099037,0.7196810245513916,0.8224546909332275,-0.039493102580308914,0.6854299306869507,0.8160075545310974,-0.04801337793469429,0.6611452698707581,0.8144053220748901,-0.05524313822388649,0.7672867774963379,0.8472742438316345,-0.0054450565949082375,0.7284925580024719,0.8217451572418213,-0.012546108104288578,0.6971333622932434,0.8176014423370361,-0.02347707562148571,0.6742905378341675,0.8168615102767944,-0.031484488397836685,0.7672042846679688,0.8495302200317383,0.01741868071258068,0.7362844944000244,0.8298985958099365,0.014150833711028099,0.7124521136283875,0.8234362006187439,0.007856995798647404,0.6934418678283691,0.8205162286758423,0.0018165262881666422,paper
0.6733304262161255,0.6516145467758179,1.0391162419409739e-07,0.5845009684562683,0.6706426739692688,0.0020406697876751423,0.5205325484275818,0.6526719331741333,0.0008990804781205952,0.46161922812461853,0.6251654028892517,0.004417303018271923,0.4143182635307312,0.6190289258956909,0.007364828605204821,0.5202646255493164,0.5581318736076355,-0.03516380116343498,0.450372576713562,0.5040785670280457,-0.040432628244161606,0.4083749055862427,0.47538259625434875,-0.04196332395076752,0.37888526916503906,0.44830071926116943,-0.04348146542906761,0.5535270571708679,0.5293636322021484,-0.030235573649406433,0.48726892471313477,0.4588795006275177,-0.037641722708940506,0.44871318340301514,0.41757386922836304,-0.04092085734009743,0.419286847114563,0.38245970010757446,-0.04540753737092018,0.5887265205383301,0.5179873108863831,-0.02119257114827633,0.5469397902488708,0.4409666359424591,-0.03308270499110222,0.5171324014663696,0.3914993405342102,-0.04887418448925018,0.4959894120693207,0.356365829706192,-0.05961974337697029,0.6262679696083069,0.5123940110206604,-0.008052287623286247,0.6180223226547241,0.4418700933456421,-0.018527261912822723,0.6127844452857971,0.3997201919555664,-0.02983046881854534,0.6087449193000793,0.36604851484298706,-0.0383804589509964,paper
0.7818655371665955,0.22663013637065887,-1.8551445180037263e-07,0.7574868202209473,0.25092196464538574,-0.02286607213318348,0.715339183807373,0.2532573938369751,-0.03549177944660187,0.6845499873161316,0.2482762634754181,-0.04672841355204582,0.6587021350860596,0.24006709456443787,-0.058624133467674255,0.6581988334655762,0.23659107089042664,-0.029331399127840996,0.6054461002349854,0.2450447678565979,-0.04938984289765358,0.5790842771530151,0.25470179319381714,-0.06449072062969208,0.5553574562072754,0.26317286491394043,-0.07531490921974182,0.6549569368362427,0.22170764207839966,-0.030516905710101128,0.5974995493888855,0.22707733511924744,-0.0513065867125988,0.5664627552032471,0.23694731295108795,-0.0677127093076706,0.5402335524559021,0.2476065307855606,-0.07995149493217468,0.6614716053009033,0.207510307431221,-0.03432055562734604,0.6046798229217529,0.20638133585453033,-0.05786403268575668,0.5716506838798523,0.2162608504295349,-0.07530844211578369,0.5458343029022217,0.22827747464179993,-0.08644353598356247,0.6755868792533875,0.19352877140045166,-0.039446309208869934,0.6359120011329651,0.17522192001342773,-0.060951001942157745,0.6096658706665039,0.16591018438339233,-0.07485706359148026,0.5856645107269287,0.15905041992664337,-0.08483797311782837,paper
0.21898159384727478,0.542395830154419,2.220763803961745e-07,0.20741228759288788,0.4519467353820801,-0.04077478125691414,0.23061047494411469,0.361087828874588,-0.0667828917503357,0.267995685338974,0.28784722089767456,-0.09006553888320923,0.29229736328125,0.22914795577526093,-0.11301194131374359,0.35906726121902466,0.3421132266521454,-0.03992902487516403,0.4076540768146515,0.2556186318397522,-0.0709986537694931,0.4402272701263428,0.20081371068954468,-0.09818293899297714,0.4700218737125397,0.15546801686286926,-0.11884501576423645,0.40268340706825256,0.38211435079574585,-0.04197371006011963,0.47980427742004395,0.3183095157146454,-0.0687808021903038,0.5304747819900513,0.274821937084198,-0.09180343896150589,0.5698599815368652,0.23577703535556793,-0.10982085019350052,0.4189998209476471,0.4340270459651947,-0.04932750016450882,0.5002679228782654,0.40137234330177307,-0.07671259343624115,0.5531833171844482,0.37627333402633667,-0.09974504262208939,0.5964412689208984,0.3508121073246002,-0.11622565239667892,0.4171641170978546,0.4906984567642212,-0.060102276504039764,0.4886229336261749,0.4851715564727783,-0.0830836296081543,0.5363012552261353,0.47848793864250183,-0.09657396376132965,0.5788108706474304,0.4681837260723114,-0.10654713958501816,paper
0.5054001808166504,0.5513133406639099,4.579054575515329e-07,0.49741247296333313,0.603560209274292,-0.12415529042482376,0.4606286585330963,0.609072744846344,-0.19025321304798126,0.4184552729129791,0.6013079881668091,-0.2258918583393097,0.35941749811172485,0.5954686403274536,-0.2591382563114166,0.4098424017429352,0.5162556171417236,-0.2058093398809433,0.3265511989593506,0.5015434622764587,-0.2608650028705597,0.26378393173217773,0.5129259824752808,-0.29092103242874146,0.21351712942123413,0.5271439552307129,-0.30618953704833984,0.38978633284568787,0.4950365126132965,-0.14773893356323242,0.2959022521972656,0.4597759544849396,-0.20541711151599884,0.22351519763469696,0.4727252721786499,-0.23556025326251984,0.17254993319511414,0.4897105395793915,-0.25445351004600525,0.37401726841926575,0.49288442730903625,-0.08888962864875793,0.2973570227622986,0.4671422839164734,-0.13829481601715088,0.23339787125587463,0.4768418073654175,-0.17032168805599213,0.1873849332332611,0.48779651522636414,-0.1878906488418579,0.362099289894104,0.4981115460395813,-0.034270577132701874,0.2988850772380829,0.48314905166625977,-0.06493084877729416,0.25359222292900085,0.4885728657245636,-0.08416977524757385,0.2154676467180252,0.49654823541641235,-0.09801825881004333,paper
0.5572594404220581,0.13487426936626434,2.8518880412775616e-07,0.4962098002433777,0.08227147907018661,-0.019948160275816917,0.432477742433548,0.06937810778617859,-0.021941835060715675,0.3819499611854553,0.06962314993143082,-0.022266818210482597,0.335888147354126,0.06654396653175354,-0.02242782525718212,0.3909558355808258,0.13360418379306793,-0.003295242553576827,0.32518118619918823,0.13940665125846863,-0.008399710059165955,0.28633326292037964,0.14096182584762573,-0.015485896728932858,0.2523800730705261,0.1425858438014984,-0.022561082616448402,0.40501365065574646,0.15771891176700592,-0.001242136349901557,0.33725041151046753,0.16814255714416504,-0.005890322849154472,0.2919697165489197,0.16862711310386658,-0.01773567870259285,0.25513893365859985,0.1694786548614502,-0.02924942784011364,0.4289246201515198,0.1752793937921524,-0.0026264849584549665,0.3705086410045624,0.19361525774002075,-0.011377315036952496,0.3323058784008026,0.19509345293045044,-0.025913530960679054,0.2999107241630554,0.19412416219711304,-0.0379808247089386,0.45728862285614014,0.18666677176952362,-0.006126659922301769,0.41537153720855713,0.20757699012756348,-0.019374465569853783,0.38510626554489136,0.21309217810630798,-0.032407503575086594,0.3561612069606781,0.21329179406166077,-0.04301504045724869,paper
0.7089676856994629,0.9528522491455078,-4.633679679955094e-07,0.6741237044334412,0.9284119009971619,0.06371515244245529,0.6430571675300598,0.9131858348846436,0.09645860642194748,0.62095707654953,0.9033873677253723,0.11389927566051483,0.5999060869216919,0.8965121507644653,0.1282661110162735,0.6005566120147705,0.9007914066314697,0.08493811637163162,0.5596334934234619,0.894135057926178,0.09824678301811218,0.5350303649902344,0.8982942700386047,0.10324043035507202,0.5171695947647095,0.902641773223877,0.10526611655950546,0.5994221568107605,0.8999632596969604,0.05047709494829178,0.5458871722221375,0.8931908011436462,0.060755304992198944,0.5136844515800476,0.8976264595985413,0.05963786691427231,0.489437460899353,0.9039714336395264,0.05686831846833229,0.6015686392784119,0.8985520005226135,0.01716861128807068,0.5460585355758667,0.8943254351615906,0.01966802217066288,0.5118162631988525,0.9010219573974609,0.01541187521070242,0.4886679947376251,0.9084322452545166,0.010783820413053036,0.6029123663902283,0.8926389813423157,-0.011375874280929565,0.552966833114624,0.892551064491272,-0.017862306907773018,0.521073579788208,0.8974531292915344,-0.024304309859871864,0.4974159002304077,0.9021629095077515,-0.02935650385916233,paper
0.7498183250427246,0.5709850192070007,5.900441237827181e-07,0.6968803405761719,0.5853716135025024,-0.1702021211385727,0.5952293276786804,0.6035487055778503,-0.22817355394363403,0.49799489974975586,0.6244298219680786,-0.2556818425655365,0.38870805501937866,0.6506874561309814,-0.28257957100868225,0.4421679973602295,0.5814271569252014,-0.09344571083784103,0.3109634518623352,0.634543240070343,-0.10476624965667725,0.2337077409029007,0.6842426657676697,-0.13202035427093506,0.17592719197273254,0.7328107357025146,-0.15386414527893066,0.45751333236694336,0.6074970364570618,-0.010509923100471497,0.3211863040924072,0.6695195436477661,-0.007598781958222389,0.24438802897930145,0.7342128753662109,-0.045347269624471664,0.193564772605896,0.7912670373916626,-0.08063565939664841,0.47650855779647827,0.6332561373710632,0.057788871228694916,0.37599194049835205,0.6896165609359741,0.060815270990133286,0.31395965814590454,0.7474977374076843,0.012520682066679,0.2706530690193176,0.7965949177742004,-0.02935270592570305,0.5013257265090942,0.6574054956436157,0.11149624735116959,0.43096545338630676,0.7074453830718994,0.10976068675518036,0.3882427215576172,0.7476131319999695,0.0796704962849617,0.35820111632347107,0.783625602722168,0.05038041993975639,paper
0.42225414514541626,0.5136195421218872,4.0417032209916215e-07,0.3802264928817749,0.4581868350505829,-0.014723771251738071,0.36175233125686646,0.39299464225769043,-0.03702883422374725,0.3474203050136566,0.3441966772079468,-0.058736421167850494,0.332152396440506,0.29512572288513184,-0.08436769992113113,0.3970091938972473,0.361573725938797,-0.0793963149189949,0.39397484064102173,0.28228384256362915,-0.12260752171278,0.39404839277267456,0.23087452352046967,-0.1497160792350769,0.39516061544418335,0.1894853413105011,-0.17041294276714325,0.41771653294563293,0.38469916582107544,-0.09949297457933426,0.42986005544662476,0.31026023626327515,-0.15077923238277435,0.43840524554252625,0.2600444555282593,-0.18553468585014343,0.4466729462146759,0.21529410779476166,-0.2112610787153244,0.4317757785320282,0.4235520660877228,-0.11801660060882568,0.4445668160915375,0.37428832054138184,-0.16944520175457,0.4525046944618225,0.337321937084198,-0.20388810336589813,0.458204984664917,0.3012458086013794,-0.22812017798423767,0.439264178276062,0.47167956829071045,-0.1346505880355835,0.4500775933265686,0.44833171367645264,-0.18391364812850952,0.45542004704475403,0.4306907653808594,-0.21099664270877838,0.4559215009212494,0.41003578901290894,-0.23087173700332642,paper
0.861225962638855,0.8001657724380493,3.528288061716012e-08,0.7694087624549866,0.8124350309371948,0.07313855737447739,0.7129501104354858,0.821175217628479,0.08176171034574509,0.6665973663330078,0.8149135708808899,0.07978327572345734,0.6204061508178711,0.8097714185714722,0.07348264008760452,0.6874693632125854,0.864597499370575,-0.04841034486889839,0.595818042755127,0.8740536570549011,-0.0901959240436554,0.5339020490646362,0.8597586154937744,-0.10613168776035309,0.4904553294181824,0.8407100439071655,-0.11418168991804123,0.7090063691139221,0.8388479948043823,-0.09954386949539185,0.6040321588516235,0.8415133357048035,-0.16112388670444489,0.5411381721496582,0.8107811808586121,-0.17632046341896057,0.499342679977417,0.778699517250061,-0.18177248537540436,0.7296695709228516,0.803377628326416,-0.14027447998523712,0.6395965814590454,0.7962865233421326,-0.19414153695106506,0.5760193467140198,0.7705317139625549,-0.20719434320926666,0.5313655138015747,0.7449712753295898,-0.21005728840827942,0.7489869594573975,0.7546983361244202,-0.17022822797298431,0.6795881390571594,0.7387288212776184,-0.21466641128063202,0.627691388130188,0.7223197817802429,-0.23192299902439117,0.5854999423027039,0.7057304978370667,-0.24137413501739502,paper
0.7400318384170532,0.6544086933135986,9.126759437094734e-08,0.7140572667121887,0.6616014242172241,-0.024964259937405586,0.6873085498809814,0.6865264177322388,-0.03266293928027153,0.6669901609420776,0.712775707244873,-0.036779701709747314,0.6474913954734802,0.7342344522476196,-0.03989812359213829,0.6704691052436829,0.7253663539886475,-0.016961291432380676,0.6438597440719604,0.7602730989456177,-0.027078902348876,0.6329340934753418,0.7843543887138367,-0.03646915405988693,0.6266945004463196,0.8054813146591187,-0.04291504621505737,0.6835683584213257,0.7362319231033325,-0.00974920392036438,0.6616865992546082,0.7742800116539001,-0.01851934753358364,0.6561334133148193,0.8021680116653442,-0.026947028934955597,0.6562669277191162,0.8233604431152344,-0.032704077661037445,0.6992637515068054,0.7406158447265625,-0.00550577137619257,0.6821869611740112,0.7761030197143555,-0.013639804907143116,0.6786898374557495,0.8005640506744385,-0.02164716273546219,0.6785625219345093,0.8201984167098999,-0.026897864416241646,0.7167467474937439,0.7393032908439636,-0.003680758411064744,0.7091783285140991,0.7683570384979248,-0.01189700048416853,0.7070943117141724,0.7885814309120178,-0.018170522525906563,0.705492377281189,0.8057472705841064,-0.02208792045712471,paper
0.02793048322200775,0.5668907165527344,8.218730158660037e-07,0.147545725107193,0.5715558528900146,-0.05553320050239563,0.21729394793510437,0.5435370206832886,-0.10471878945827484,0.2647014558315277,0.49770694971084595,-0.13342362642288208,0.31382083892822266,0.4340609610080719,-0.16303306818008423,0.18476219475269318,0.4536665678024292,-0.20662999153137207,0.2583823800086975,0.36497482657432556,-0.2547016143798828,0.313185453414917,0.30600544810295105,-0.26647624373435974,0.35633477568626404,0.26500624418258667,-0.27197974920272827,0.12690934538841248,0.4169943928718567,-0.18487635254859924,0.19838009774684906,0.3206441104412079,-0.2568168640136719,0.25839728116989136,0.2514268457889557,-0.2826944887638092,0.30572509765625,0.20458705723285675,-0.30096983909606934,0.07916439324617386,0.3950923681259155,-0.1526155173778534,0.12957414984703064,0.30182623863220215,-0.20886565744876862,0.18382413685321808,0.23436012864112854,-0.2332955300807953,0.228679820895195,0.19219809770584106,-0.2490999698638916,0.04411718249320984,0.3814641237258911,-0.11822711676359177,0.05963286757469177,0.29293516278266907,-0.1649201512336731,0.08484999090433121,0.23402556777000427,-0.1941724717617035,0.11369068920612335,0.18603497743606567,-0.21495321393013,paper
0.4405682682991028,0.4641760289669037,1.5912905837467406e-07,0.3834097683429718,0.45576798915863037,-0.02057262510061264,0.3281176686286926,0.47401201725006104,-0.022371429949998856,0.2867628335952759,0.4976121485233307,-0.022762276232242584,0.25830724835395813,0.5234161615371704,-0.023501256480813026,0.3132058084011078,0.5166977643966675,-0.005790675524622202,0.2629503309726715,0.5552957057952881,-0.014228340238332748,0.23397374153137207,0.5825989246368408,-0.024297397583723068,0.20975011587142944,0.6066401600837708,-0.033452339470386505,0.33077359199523926,0.5400751829147339,-0.0048276460729539394,0.2895383834838867,0.5861165523529053,-0.015483838506042957,0.2658035457134247,0.6219733357429504,-0.02969442866742611,0.25167083740234375,0.650222659111023,-0.040853481739759445,0.35830503702163696,0.5565154552459717,-0.007090114522725344,0.3229316473007202,0.6006420254707336,-0.02069074474275112,0.30453839898109436,0.6325894594192505,-0.03606465458869934,0.2910168468952179,0.6576889753341675,-0.04696323350071907,0.39131268858909607,0.5655435919761658,-0.011282926425337791,0.3797103464603424,0.6079630255699158,-0.027094533666968346,0.37006714940071106,0.6390100717544556,-0.039134442806243896,0.35898974537849426,0.6622455716133118,-0.04742029681801796,paper
0.388608455657959,0.4568736255168915,-1.0330037980565976e-07,0.42601722478866577,0.46495485305786133,-0.01656491681933403,0.45816749334335327,0.4507966637611389,-0.02168920822441578,0.47906234860420227,0.4356200098991394,-0.02457168512046337,0.49497056007385254,0.42612898349761963,-0.02745354175567627,0.4680993854999542,0.39297839999198914,-0.014226268045604229,0.4832037687301636,0.3463766574859619,-0.024940066039562225,0.48902979493141174,0.3164252042770386,-0.03581056743860245,0.49124836921691895,0.2894444465637207,-0.0433187335729599,0.4591464400291443,0.3827614188194275,-0.009374788962304592,0.472858190536499,0.3326174020767212,-0.02011694386601448,0.4810691773891449,0.30030521750450134,-0.03250521048903465,0.48504379391670227,0.2715325653553009,-0.04206499457359314,0.45058831572532654,0.37835007905960083,-0.005731871817260981,0.46467339992523193,0.3355475962162018,-0.01585034467279911,0.47390106320381165,0.3054889142513275,-0.026850184425711632,0.47732871770858765,0.2789188623428345,-0.034396059811115265,0.4435814321041107,0.37882110476493835,-0.003245455678552389,0.4562414288520813,0.3459189534187317,-0.01230967789888382,0.4639253318309784,0.3222362697124481,-0.018972234800457954,0.46768105030059814,0.3017716407775879,-0.023544687777757645,paper
0.5044296979904175,0.5511258840560913,2.105114731421054e-07,0.5582546591758728,0.5425852537155151,-0.012302855029702187,0.5955564379692078,0.5120949745178223,-0.014900711365044117,0.6211057901382446,0.47647327184677124,-0.014946225099265575,0.6417906880378723,0.45102354884147644,-0.015879318118095398,0.5717419981956482,0.4573008418083191,-0.017195677384734154,0.5957012176513672,0.40510815382003784,-0.02206694334745407,0.6105495095252991,0.3742601275444031,-0.02613784559071064,0.6223174333572388,0.3490928113460541,-0.03050791099667549,0.5457841157913208,0.44892027974128723,-0.015707844868302345,0.5620175004005432,0.3942520320415497,-0.02276431769132614,0.5746036171913147,0.3595828115940094,-0.03147582337260246,0.5843743681907654,0.3342040479183197,-0.0393834114074707,0.5210198163986206,0.45162808895111084,-0.014317509718239307,0.5332245826721191,0.4010317623615265,-0.02289663255214691,0.543077826499939,0.36798208951950073,-0.03332693129777908,0.5518865585327148,0.3427891135215759,-0.04153725132346153,0.49933135509490967,0.4616873860359192,-0.013276489451527596,0.4979213774204254,0.42133408784866333,-0.024520210921764374,0.49785536527633667,0.3943515419960022,-0.03301340341567993,0.501324474811554,0.3722120225429535,-0.038718756288290024,paper
0.21414758265018463,0.5006105899810791,5.6283361971054546e-08,0.252008855342865,0.4887467920780182,-0.006480256095528603,0.27840474247932434,0.46149808168411255,-0.006794828921556473,0.29232534766197205,0.43296676874160767,-0.006669000256806612,0.30344799160957336,0.4142833352088928,-0.007806885521858931,0.25871771574020386,0.41998252272605896,-0.006870275363326073,0.2654566466808319,0.3841705918312073,-0.011929786764085293,0.26946932077407837,0.36216381192207336,-0.017560670152306557,0.2718471586704254,0.3436012268066406,-0.022686850279569626,0.24000319838523865,0.416307657957077,-0.008770517073571682,0.2438904494047165,0.3823573887348175,-0.013720398768782616,0.24674947559833527,0.35913747549057007,-0.022287333384156227,0.2482098937034607,0.3400608003139496,-0.030040839686989784,0.22282186150550842,0.4207654297351837,-0.01115656178444624,0.2248370349407196,0.3870587646961212,-0.018346529453992844,0.22612552344799042,0.3629676103591919,-0.028275175020098686,0.22655901312828064,0.34381750226020813,-0.03636166825890541,0.2061464488506317,0.4308282434940338,-0.013813069090247154,0.19777917861938477,0.40590381622314453,-0.02276862971484661,0.19227144122123718,0.3879038393497467,-0.029566040262579918,0.18923307955265045,0.3728330433368683,-0.0346175841987133,paper
0.47557589411735535,0.44798409938812256,1.256564701179741e-07,0.4463276267051697,0.4424339532852173,-0.0803014487028122,0.422659695148468,0.3847517967224121,-0.13688500225543976,0.41073840856552124,0.31724244356155396,-0.17877358198165894,0.40802809596061707,0.2539293169975281,-0.2220935970544815,0.4720590114593506,0.329831600189209,-0.1468544900417328,0.435457706451416,0.2770318388938904,-0.20249590277671814,0.4222865700721741,0.24880322813987732,-0.24078518152236938,0.4226342439651489,0.22004187107086182,-0.26654109358787537,0.5177323818206787,0.3189970552921295,-0.12772376835346222,0.5132569074630737,0.23342213034629822,-0.17834500968456268,0.5379537343978882,0.1917942613363266,-0.21055066585540771,0.571789562702179,0.15487881004810333,-0.237371563911438,0.5597512125968933,0.31919851899147034,-0.1101260855793953,0.5734156370162964,0.23787865042686462,-0.15625393390655518,0.6100479960441589,0.19791404902935028,-0.18897730112075806,0.6469770669937134,0.16888131201267242,-0.2123575359582901,0.5965884327888489,0.3322714567184448,-0.09606238454580307,0.6336197853088379,0.275623083114624,-0.12918829917907715,0.6732832193374634,0.24401137232780457,-0.14996616542339325,0.7122305631637573,0.2193838357925415,-0.16789261996746063,paper
0.2138899862766266,0.7331076264381409,1.8624800190991664e-07,0.2709105610847473,0.7524455785751343,0.013261383399367332,0.31360793113708496,0.7487523555755615,0.019283991307020187,0.35119521617889404,0.7324277758598328,0.026301266625523567,0.3806019723415375,0.7143599987030029,0.03327039256691933,0.3284561336040497,0.6998866200447083,-0.008830517530441284,0.37814638018608093,0.6697760820388794,-0.005555594805628061,0.40673476457595825,0.6524063944816589,0.003941242583096027,0.4287286400794983,0.6407564878463745,0.01163097657263279,0.3097308576107025,0.6749059557914734,-0.011402717791497707,0.35991162061691284,0.640248715877533,-0.016772950068116188,0.3905031383037567,0.6209795475006104,-0.01162669062614441,0.4112701714038849,0.6087175011634827,-0.005599087104201317,0.28697001934051514,0.6606444120407104,-0.010220645926892757,0.3301254212856293,0.6293471455574036,-0.01381954550743103,0.35924145579338074,0.6119267344474792,-0.007555964402854443,0.3798680603504181,0.6001954078674316,-0.0006165504455566406,0.264544814825058,0.6501867175102234,-0.006580960936844349,0.2913799583911896,0.6167259812355042,-0.00918599870055914,0.30974283814430237,0.5989009141921997,-0.007070169784128666,0.3282734155654907,0.5860810875892639,-0.00282728741876781,paper
0.41576772928237915,0.4250827431678772,2.9013574476266513e-07,0.4255496859550476,0.331175297498703,0.009141772985458374,0.38011595606803894,0.26667532324790955,0.019818536937236786,0.33954426646232605,0.22483918070793152,0.023035796359181404,0.3113277554512024,0.18460500240325928,0.025419916957616806,0.2761065363883972,0.2566892206668854,0.03945291042327881,0.22705072164535522,0.19070225954055786,0.02996695414185524,0.20784980058670044,0.14575999975204468,0.016573352739214897,0.1934538185596466,0.1019287258386612,0.004991884343326092,0.25236940383911133,0.2703259289264679,0.0193284023553133,0.18815471231937408,0.20303744077682495,0.00869336724281311,0.1585632711648941,0.1466398537158966,-0.009218464605510235,0.13823267817497253,0.09764495491981506,-0.02376388944685459,0.2388020157814026,0.29269900918006897,-0.0049527548253536224,0.1681634932756424,0.23126313090324402,-0.01930132508277893,0.13758529722690582,0.1809632033109665,-0.03564710542559624,0.11588290333747864,0.13559268414974213,-0.04721451550722122,0.23644313216209412,0.32337281107902527,-0.02983667515218258,0.1701473891735077,0.27646028995513916,-0.046603064984083176,0.1408204734325409,0.23395410180091858,-0.05858466774225235,0.11916810274124146,0.18944001197814941,-0.06748158484697342,paper
0.3594219386577606,0.5958309769630432,-9.350793561679893e-08,0.3853054940700531,0.47108885645866394,0.013922227546572685,0.4496825933456421,0.3973519206047058,0.019515175372362137,0.5290554165840149,0.3403351306915283,0.028590774163603783,0.5867600440979004,0.29506033658981323,0.03751964494585991,0.5808108448982239,0.4173803925514221,-0.02050774358212948,0.6938910484313965,0.3516302704811096,-0.02673756144940853,0.7586526870727539,0.3127124011516571,-0.02660178579390049,0.810792088508606,0.2882908582687378,-0.024206828325986862,0.610028088092804,0.48046043515205383,-0.018131447955965996,0.7439670562744141,0.4233361780643463,-0.027470359578728676,0.821135401725769,0.3984219431877136,-0.02240920066833496,0.8757824897766113,0.3807709217071533,-0.015710918232798576,0.6146154999732971,0.5414184927940369,-0.011769133619964123,0.7455033659934998,0.5022244453430176,-0.022722290828824043,0.8246338367462158,0.48273953795433044,-0.025610847398638725,0.8810620307922363,0.4665699601173401,-0.022334149107336998,0.605273425579071,0.6043286323547363,-0.0003954804560635239,0.7145423889160156,0.5952704548835754,-0.0049235085025429726,0.7812917232513428,0.5891602635383606,-0.004541528411209583,0.8354109525680542,0.5837778449058533,-0.00021458481205627322,paper
0.49419695138931274,0.6988091468811035,3.5783017438006937e-07,0.5264478921890259,0.7332879900932312,0.01585008203983307,0.5554386377334595,0.755656898021698,0.02164038084447384,0.5838460922241211,0.7794750928878784,0.027537064626812935,0.6002518534660339,0.8002581000328064,0.03393467143177986,0.6010212898254395,0.713318943977356,0.003871331922709942,0.6478549838066101,0.7267269492149353,0.007617636118084192,0.6750944256782532,0.7300829887390137,0.010022525675594807,0.6977483630180359,0.734616219997406,0.011068789288401604,0.599472165107727,0.6879885792732239,0.0024328846484422684,0.6475468873977661,0.6802452206611633,-6.855285027995706e-05,0.6783581376075745,0.6776097416877747,-0.003748685121536255,0.7013722062110901,0.6748329401016235,-0.007056880742311478,0.5867651104927063,0.6672134399414062,0.005174506455659866,0.6245627403259277,0.6463872194290161,0.004316843580454588,0.6521207690238953,0.6346222758293152,0.0013632551999762654,0.6706180572509766,0.6244950890541077,-0.0006518383743241429,0.5683483481407166,0.6537249684333801,0.01087324507534504,0.5889741778373718,0.6264294385910034,0.015866244211792946,0.6034299731254578,0.6116956472396851,0.017886776477098465,0.6184142827987671,0.600010335445404,0.01890322007238865,paper
0.7057241201400757,0.5767174959182739,5.9233492777366337e-08,0.7252324223518372,0.6139585971832275,-0.018556883558630943,0.7225668430328369,0.6506596207618713,-0.029809826985001564,0.704641580581665,0.6809114813804626,-0.03682704269886017,0.6950646042823792,0.7063732147216797,-0.043274108320474625,0.6780264377593994,0.6498811841011047,-0.03650703653693199,0.6513360142707825,0.6931717991828918,-0.04970107972621918,0.637023389339447,0.7194057106971741,-0.05600372329354286,0.6252707839012146,0.740380048751831,-0.059206027537584305,0.6560493111610413,0.6381219029426575,-0.031135205179452896,0.6254451870918274,0.683207094669342,-0.04521316662430763,0.6084504723548889,0.7127177715301514,-0.05041110888123512,0.5957362651824951,0.7356095314025879,-0.053162313997745514,0.642649233341217,0.6278462409973145,-0.02578522451221943,0.6130509972572327,0.6666935682296753,-0.038040246814489365,0.5960854291915894,0.6929455995559692,-0.04331377148628235,0.5852780938148499,0.7133243680000305,-0.045246586203575134,0.6348469257354736,0.619482159614563,-0.021150005981326103,0.6082383394241333,0.6482415199279785,-0.02953135222196579,0.5931882858276367,0.6673675179481506,-0.03280935063958168,0.5823115110397339,0.683434009552002,-0.034002885222435,paper
0.5183306336402893,0.3123518228530884,2.235079392676198e-07,0.4910297393798828,0.26633578538894653,-0.016627058386802673,0.4461149275302887,0.2365395426750183,-0.018779385834932327,0.4038998484611511,0.22001418471336365,-0.01943323202431202,0.37286680936813354,0.20598898828029633,-0.020561089739203453,0.3868129551410675,0.2820938229560852,-0.009623229503631592,0.3321079611778259,0.2768845558166504,-0.01566593535244465,0.29822903871536255,0.2754444181919098,-0.022836873307824135,0.2693437933921814,0.2757095396518707,-0.029665689915418625,0.38649898767471313,0.31252703070640564,-0.009266369044780731,0.32821688055992126,0.3221908211708069,-0.01589030772447586,0.2907647490501404,0.3270133137702942,-0.027543744072318077,0.2613697052001953,0.3318415880203247,-0.03781021758913994,0.3978348672389984,0.33863499760627747,-0.010764868929982185,0.34583568572998047,0.35566481947898865,-0.021430030465126038,0.3122040629386902,0.3656216561794281,-0.034666337072849274,0.28537270426750183,0.37419334053993225,-0.044607605785131454,0.41750356554985046,0.3604511022567749,-0.013578474521636963,0.3794868290424347,0.3856934905052185,-0.02706056833267212,0.3537919819355011,0.4013506770133972,-0.03728613257408142,0.33055761456489563,0.41126981377601624,-0.044108279049396515,paper
0.8738414645195007,0.647024393081665,1.2178221595604555e-06,0.8615680932998657,0.5284839868545532,-0.05591241642832756,0.8049540519714355,0.42388907074928284,-0.07764025032520294,0.7485795021057129,0.3399706780910492,-0.09484086185693741,0.7432907819747925,0.2507261633872986,-0.11087608337402344,0.6450325846672058,0.4460788667201996,-0.0012691407464444637,0.5733445286750793,0.3586345314979553,0.0031075533479452133,0.5328879356384277,0.303818941116333,0.0032712931279093027,0.5025961399078369,0.2622137665748596,0.0014319311594590545,0.6171204447746277,0.4971484839916229,0.015594488941133022,0.5318863391876221,0.43010538816452026,0.04121182858943939,0.48333728313446045,0.3805367946624756,0.04918090999126434,0.4440235495567322,0.3449942171573639,0.051254794001579285,0.6162478923797607,0.5538450479507446,0.022979332134127617,0.5294160842895508,0.5155239701271057,0.03853192925453186,0.47918301820755005,0.48603135347366333,0.029111893847584724,0.4341900646686554,0.45950931310653687,0.018079163506627083,0.6334165930747986,0.6137906908988953,0.023243293166160583,0.5636629462242126,0.6190626621246338,0.0249631367623806,0.5185532569885254,0.6187804937362671,0.01565372385084629,0.4771408438682556,0.6140259504318237,0.008144252002239227,paper
0.7025313973426819,0.9243298172950745,1.6179151884898602e-07,0.708918571472168,0.882545530796051,-0.02040085569024086,0.6964274644851685,0.8398692011833191,-0.025582069531083107,0.674028754234314,0.8076125383377075,-0.028812887147068977,0.6514101028442383,0.7828632593154907,-0.0319189727306366,0.6434430480003357,0.8180509209632874,-0.01165055762976408,0.6113353967666626,0.778191328048706,-0.021485842764377594,0.5910113453865051,0.7555031776428223,-0.031568579375743866,0.5728020071983337,0.7355257272720337,-0.03964336961507797,0.6249677538871765,0.832346498966217,-0.009859691374003887,0.587110698223114,0.796391487121582,-0.018918858841061592,0.5604208707809448,0.775431752204895,-0.029653333127498627,0.5376498103141785,0.7601993083953857,-0.03821926936507225,0.6142482757568359,0.8528339266777039,-0.010854221880435944,0.5767515897750854,0.8215346336364746,-0.021018072962760925,0.5522223114967346,0.804015576839447,-0.030751489102840424,0.5311216115951538,0.7901900410652161,-0.037661489099264145,0.6097697615623474,0.8783416152000427,-0.013955882750451565,0.576999306678772,0.8589683175086975,-0.024838076904416084,0.5563673973083496,0.846645712852478,-0.0317317470908165,0.5384809970855713,0.8341549634933472,-0.036244913935661316,paper
0.6290949583053589,0.9856797456741333,1.018739681057923e-06,0.7024717330932617,0.8807097673416138,-0.02497309260070324,0.7217687964439392,0.7666433453559875,-0.02578035555779934,0.7262635827064514,0.6719226241111755,-0.025696206837892532,0.7743000388145447,0.6094263792037964,-0.024559780955314636,0.5785852670669556,0.6830613613128662,0.04553113132715225,0.5700179934501648,0.575630247592926,0.07352340966463089,0.5684775114059448,0.512089729309082,0.08668093383312225,0.5653039813041687,0.46770989894866943,0.0926847979426384,0.519402265548706,0.7075030207633972,0.05777496099472046,0.491373747587204,0.6022035479545593,0.10611273348331451,0.4814359247684479,0.5397953987121582,0.1251271367073059,0.4699022173881531,0.49291038513183594,0.13366681337356567,0.479522705078125,0.7522146701812744,0.06261836737394333,0.4357184171676636,0.6650004386901855,0.09903599321842194,0.42004385590553284,0.610586404800415,0.09850987792015076,0.4054206609725952,0.5630753636360168,0.09087453037500381,0.4524725079536438,0.8082214593887329,0.062432851642370224,0.38658320903778076,0.7654678225517273,0.07853026688098907,0.35209158062934875,0.7360885143280029,0.07424640655517578,0.32653188705444336,0.7048707008361816,0.06916382908821106,paper
0.6906594038009644,0.7636364698410034,2.5550914983796247e-07,0.6417382955551147,0.7352232336997986,-0.024787500500679016,0.5863217115402222,0.7278082966804504,-0.031127192080020905,0.5394085645675659,0.7286251187324524,-0.035739023238420486,0.5013947486877441,0.7390887141227722,-0.039774179458618164,0.5452988743782043,0.7939864993095398,-0.011668658815324306,0.4888071119785309,0.8075686097145081,-0.021702798083424568,0.45654118061065674,0.8146303296089172,-0.032882899045944214,0.42668047547340393,0.8207843899726868,-0.04224294424057007,0.5553101897239685,0.8230180144309998,-0.00937629397958517,0.5048499703407288,0.8489989042282104,-0.01610862836241722,0.4732624590396881,0.8619154691696167,-0.026164019480347633,0.44701147079467773,0.8716340065002441,-0.03548991307616234,0.57607501745224,0.8449711203575134,-0.010833272710442543,0.5344859957695007,0.8730407953262329,-0.018361691385507584,0.5074841976165771,0.8855681419372559,-0.0264755692332983,0.48235565423965454,0.8944848775863647,-0.03405504301190376,0.6047413945198059,0.860184907913208,-0.01556413248181343,0.5778048634529114,0.8884003162384033,-0.025153545662760735,0.5574715733528137,0.9038835167884827,-0.031165333464741707,0.5373014807701111,0.9153814911842346,-0.035968486219644547,paper
0.6399574279785156,0.18449342250823975,6.849254674534677e-08,0.6023315191268921,0.22308024764060974,-0.012503460049629211,0.5573171973228455,0.23382166028022766,-0.017510637640953064,0.5151534676551819,0.2327001392841339,-0.019882140681147575,0.48413777351379395,0.2315930873155594,-0.022194189950823784,0.527438759803772,0.18021969497203827,-0.013646678999066353,0.4727175831794739,0.17609670758247375,-0.01806826889514923,0.44288164377212524,0.1760522872209549,-0.021940944716334343,0.4191739559173584,0.17396607995033264,-0.024837497621774673,0.5364934206008911,0.15294915437698364,-0.009625677019357681,0.4822944700717926,0.1380820870399475,-0.01312519982457161,0.44920891523361206,0.13102880120277405,-0.01727868802845478,0.4250048100948334,0.12526099383831024,-0.02098676562309265,0.5525182485580444,0.1354334056377411,-0.006515967659652233,0.5055397152900696,0.11467625945806503,-0.011663408949971199,0.47600334882736206,0.10404971241950989,-0.01884843222796917,0.4533751606941223,0.09685037285089493,-0.02369970642030239,0.5713586211204529,0.12250072509050369,-0.003775182645767927,0.538372814655304,0.09850172698497772,-0.008272526785731316,0.5165507793426514,0.08518772572278976,-0.012367785908281803,0.4976027011871338,0.07487102597951889,-0.015117091126739979,paper
0.7187250852584839,0.33499830961227417,1.4512804114019673e-07,0.7161427736282349,0.30211856961250305,-0.008292787708342075,0.7006553411483765,0.2763691246509552,-0.01044983696192503,0.6833308339118958,0.25896307826042175,-0.012715552002191544,0.6719130873680115,0.2417536824941635,-0.014981070533394814,0.6602452397346497,0.2793790400028229,-0.00246234517544508,0.637047529220581,0.25728172063827515,-0.009451248683035374,0.6245179176330566,0.24269147217273712,-0.016173841431736946,0.6132873296737671,0.22918304800987244,-0.021417755633592606,0.6510463953018188,0.2914758324623108,-0.004283672198653221,0.624194860458374,0.27263057231903076,-0.010490840300917625,0.6088929176330566,0.25804567337036133,-0.01744796521961689,0.5963812470436096,0.24506396055221558,-0.02301502600312233,0.6473501920700073,0.30574464797973633,-0.007819575257599354,0.619576096534729,0.2906009554862976,-0.014661389403045177,0.60475093126297,0.2771610915660858,-0.020422182977199554,0.593338668346405,0.2645874619483948,-0.024547195062041283,0.6482852101325989,0.3218880891799927,-0.012398552149534225,0.6240023374557495,0.3127608001232147,-0.019572002813220024,0.6103523969650269,0.30280035734176636,-0.023777378723025322,0.5991367101669312,0.29236191511154175,-0.026582907885313034,paper
0.5955694913864136,0.5100095868110657,7.270085689015104e-07,0.6173114776611328,0.3931700587272644,0.041094448417425156,0.586506724357605,0.30377689003944397,0.07651250809431076,0.5466977953910828,0.25096070766448975,0.10107701271772385,0.5421344041824341,0.19717109203338623,0.12407484650611877,0.4679981470108032,0.3284010589122772,0.1392560452222824,0.437409371137619,0.28036314249038696,0.20736153423786163,0.42069211602211,0.2604464292526245,0.2584235370159149,0.413958877325058,0.24994739890098572,0.29491695761680603,0.43325552344322205,0.3751923739910126,0.13770635426044464,0.39169830083847046,0.34713122248649597,0.2259223908185959,0.3713136613368988,0.3295135796070099,0.2837836742401123,0.3550925850868225,0.3289007544517517,0.3267109990119934,0.42312854528427124,0.42707106471061707,0.1311594545841217,0.3791310489177704,0.41011843085289,0.19864854216575623,0.3572936952114105,0.40066707134246826,0.22654151916503906,0.3352612257003784,0.40092188119888306,0.24452126026153564,0.422488272190094,0.4804914891719818,0.12499624490737915,0.3789825737476349,0.48963648080825806,0.16891419887542725,0.3520717918872833,0.4947907328605652,0.184357687830925,0.32598376274108887,0.5043498873710632,0.19791539013385773,paper
0.991497278213501,0.3914583623409271,4.5976912588230334e-07,0.9213503003120422,0.36049705743789673,-0.06003924831748009,0.8472356796264648,0.3729362189769745,-0.08566127717494965,0.7832604050636292,0.39669501781463623,-0.10442692041397095,0.7229108810424805,0.4010145664215088,-0.12431257963180542,0.7853673696517944,0.47796690464019775,-0.06680301576852798,0.7004938721656799,0.52601158618927,-0.0953807458281517,0.6476355195045471,0.5580872297286987,-0.11742477864027023,0.6029714345932007,0.5871321558952332,-0.1365768015384674,0.8140416145324707,0.5239657163619995,-0.060492388904094696,0.743698239326477,0.5987603068351746,-0.09064386785030365,0.7017301917076111,0.6540580987930298,-0.11888491362333298,0.6713175773620605,0.7010641694068909,-0.141435906291008,0.8608319759368896,0.5500890612602234,-0.05910798907279968,0.8108972311019897,0.6296192407608032,-0.09662945568561554,0.7782556414604187,0.6871973872184753,-0.12945544719696045,0.7548587918281555,0.7344304323196411,-0.15246573090553284,0.9191772937774658,0.5596712231636047,-0.061882756650447845,0.9100967049598694,0.6372783184051514,-0.10426542907953262,0.8996763229370117,0.6905634999275208,-0.13241322338581085,0.8892314434051514,0.7344989776611328,-0.15076208114624023,paper
0.7547984719276428,0.7535216212272644,-8.068209353950806e-07,0.6063109040260315,0.7752954959869385,0.10838182270526886,0.49858716130256653,0.7807091474533081,0.12631984055042267,0.41807615756988525,0.7726370692253113,0.1327119767665863,0.3349863886833191,0.7855774164199829,0.12830592691898346,0.4459103047847748,0.7243553996086121,-0.0976383164525032,0.3081432282924652,0.7097045183181763,-0.16467267274856567,0.2110433280467987,0.6998019814491272,-0.19263240694999695,0.14179688692092896,0.6903482675552368,-0.2079947590827942,0.49292758107185364,0.6800033450126648,-0.16309666633605957,0.34296298027038574,0.6370996236801147,-0.26086607575416565,0.2398398518562317,0.60455721616745,-0.2983701825141907,0.162224680185318,0.5777413845062256,-0.32419583201408386,0.5489956140518188,0.6345083117485046,-0.20905248820781708,0.4258934259414673,0.5795913338661194,-0.3115006685256958,0.3242752254009247,0.5452779531478882,-0.3640516400337219,0.25644752383232117,0.5247681140899658,-0.3910314738750458,0.6089428663253784,0.5779895186424255,-0.2329220473766327,0.5231290459632874,0.5173707008361816,-0.3174789547920227,0.45541468262672424,0.47907376289367676,-0.3667755722999573,0.397235631942749,0.45257970690727234,-0.40063178539276123,paper
0.6976965665817261,0.9351197481155396,7.658759670903237e-08,0.6935573816299438,0.8902897238731384,-0.0007257399265654385,0.6579561829566956,0.8570796251296997,0.0015038128476589918,0.6308057904243469,0.8363146781921387,0.0008321350323967636,0.610824704170227,0.8162063956260681,-0.0002864455746021122,0.6049829125404358,0.8591660857200623,0.008159790188074112,0.5687998533248901,0.8289830684661865,-0.0008647341164760292,0.5485726594924927,0.8087366819381714,-0.009992222301661968,0.5314157009124756,0.7910966277122498,-0.01724291779100895,0.5969755053520203,0.8692554831504822,-0.0002829647564794868,0.5550934076309204,0.8409729599952698,-0.008731113746762276,0.5289257764816284,0.8181380033493042,-0.01848524995148182,0.5069559216499329,0.7996421456336975,-0.026323789730668068,0.5960652232170105,0.8829532861709595,-0.010777808725833893,0.5527980923652649,0.8590316772460938,-0.019171100109815598,0.5285240411758423,0.8393597602844238,-0.027162620797753334,0.5088232755661011,0.8220881819725037,-0.033330172300338745,0.602351188659668,0.8996468782424927,-0.022107847034931183,0.566352367401123,0.8855744004249573,-0.03138994425535202,0.5441722869873047,0.8707894682884216,-0.03754105418920517,0.5251113772392273,0.8561795353889465,-0.04229535907506943,paper
0.34666186571121216,1.0073938369750977,1.6438580985322915e-07,0.4307233989238739,0.9434932470321655,-0.036285400390625,0.4677608013153076,0.8455678224563599,-0.04689648002386093,0.4675694406032562,0.7410404086112976,-0.0557636097073555,0.4846489727497101,0.6664517521858215,-0.06619178503751755,0.40388959646224976,0.7338473200798035,-0.021591857075691223,0.3961170017719269,0.6156699657440186,-0.04436330497264862,0.38709110021591187,0.543889045715332,-0.06649709492921829,0.3766055405139923,0.4831116795539856,-0.08454228937625885,0.3486734926700592,0.7381815314292908,-0.02273901179432869,0.32297205924987793,0.6151998043060303,-0.045456379652023315,0.298032283782959,0.5429624319076538,-0.06877278536558151,0.2724440395832062,0.4885973036289215,-0.08740784227848053,0.3002108931541443,0.7639937400817871,-0.02913745678961277,0.2708444595336914,0.6524966359138489,-0.05478068068623543,0.2429736703634262,0.5889214873313904,-0.07525389641523361,0.2165907919406891,0.5397551655769348,-0.08946493268013,0.25636184215545654,0.807639479637146,-0.03902842476963997,0.21707700192928314,0.7279632687568665,-0.0658353939652443,0.18976369500160217,0.6780158877372742,-0.08128742128610611,0.16614562273025513,0.6344825625419617,-0.09077957272529602,paper
0.7401368021965027,0.8338565826416016,6.732614679094695e-07,0.7701636552810669,0.8320913910865784,-0.07533252984285355,0.7758763432502747,0.828751266002655,-0.12379290908575058,0.7680357694625854,0.8192089796066284,-0.15826986730098724,0.7585964202880859,0.7979758977890015,-0.19220057129859924,0.6934096217155457,0.8220170736312866,-0.12877415120601654,0.6589722633361816,0.7916174530982971,-0.17362095415592194,0.6346338987350464,0.766609251499176,-0.20005102455615997,0.6125310063362122,0.7427068948745728,-0.21662035584449768,0.6604130864143372,0.828420877456665,-0.10609373450279236,0.612206220626831,0.7957062721252441,-0.14675650000572205,0.5770082473754883,0.7708652019500732,-0.16886267066001892,0.5468606352806091,0.7483331561088562,-0.18504451215267181,0.6405152678489685,0.8325938582420349,-0.08538629114627838,0.5926281809806824,0.8059679865837097,-0.1175014078617096,0.5592060685157776,0.7849141359329224,-0.13609741628170013,0.5320129990577698,0.7651551961898804,-0.14877359569072723,0.6312072277069092,0.8358795046806335,-0.06952664256095886,0.5853947401046753,0.826655924320221,-0.0937003642320633,0.5536084175109863,0.8149550557136536,-0.10878826677799225,0.5278838872909546,0.8027616739273071,-0.11984314769506454,paper
0.7279296517372131,0.30674102902412415,8.622198777175072e-08,0.699022650718689,0.40303775668144226,-0.026385443285107613,0.6288129091262817,0.4759894609451294,-0.035435404628515244,0.5594255924224854,0.513569712638855,-0.04359445720911026,0.5129262804985046,0.5503698587417603,-0.0505908839404583,0.5289120078086853,0.43601322174072266,-0.0044783977791666985,0.4471884071826935,0.47154831886291504,-0.021658115088939667,0.39691025018692017,0.4899194836616516,-0.0395413339138031,0.35294461250305176,0.5052698850631714,-0.05376029014587402,0.5109221339225769,0.3887858986854553,-0.007734676823019981,0.4210052490234375,0.4132438898086548,-0.022267980501055717,0.3639535903930664,0.4287041425704956,-0.03960299491882324,0.31860390305519104,0.44166016578674316,-0.053195275366306305,0.511647641658783,0.3406051993370056,-0.016544347628951073,0.4237322509288788,0.35505223274230957,-0.03314351662993431,0.368028461933136,0.3674495220184326,-0.05001573637127876,0.3241950273513794,0.3795558512210846,-0.0620061419904232,0.525168240070343,0.2891574501991272,-0.028446294367313385,0.4543999433517456,0.2930581867694855,-0.04309403896331787,0.40618255734443665,0.3005197048187256,-0.0527685210108757,0.3635842204093933,0.3077581524848938,-0.05982135608792305,paper
0.09842830896377563,0.6117528080940247,1.1364738838892663e-07,0.13704894483089447,0.5841500759124756,-0.013295632787048817,0.15343821048736572,0.5454428195953369,-0.014952017925679684,0.16014882922172546,0.50782710313797,-0.015193318016827106,0.17054112255573273,0.48241180181503296,-0.015299257822334766,0.11994820088148117,0.5068199038505554,-0.002386821201071143,0.1187664270401001,0.4618283808231354,-0.0075554316863417625,0.11925096809864044,0.4363841116428375,-0.014271819964051247,0.11956667900085449,0.4134613275527954,-0.019916601479053497,0.10109888017177582,0.5078881978988647,0.00032966543221846223,0.09734854102134705,0.461993545293808,-0.002695392817258835,0.0974930077791214,0.43434685468673706,-0.009586027823388577,0.09687227010726929,0.41188299655914307,-0.016161298379302025,0.0861373022198677,0.5159083604812622,0.000999250914901495,0.07993374019861221,0.47591686248779297,-0.0024672665167599916,0.08008093386888504,0.45122212171554565,-0.008920285850763321,0.08110377192497253,0.4310762882232666,-0.01473417691886425,0.07444927096366882,0.5292952656745911,5.5802280257921666e-05,0.0663931593298912,0.5017008185386658,-0.0037234060000628233,0.0638350173830986,0.48417535424232483,-0.007280502934008837,0.06401383131742477,0.46964651346206665,-0.010536082088947296,paper
0.7619802951812744,0.5219886898994446,5.109859557705931e-07,0.6853011846542358,0.5157012939453125,-0.0183095782995224,0.6315251588821411,0.5439409017562866,-0.025025397539138794,0.5977389812469482,0.5721102952957153,-0.03412771597504616,0.5595638751983643,0.6032891869544983,-0.045008640736341476,0.6400710344314575,0.6193772554397583,-0.005245150998234749,0.5917931199073792,0.6667503714561462,-0.023368097841739655,0.5588967800140381,0.6970340013504028,-0.0412018783390522,0.5320703983306885,0.7233526706695557,-0.05682327598333359,0.6664054989814758,0.6339383721351624,-0.018105262890458107,0.6217870712280273,0.6932984590530396,-0.03974904492497444,0.5858247876167297,0.7279854416847229,-0.06574733555316925,0.5575779676437378,0.7552912831306458,-0.08675285428762436,0.6983270645141602,0.6383484601974487,-0.03599205240607262,0.6621620059013367,0.6936810612678528,-0.06578686833381653,0.6339697241783142,0.7248730659484863,-0.09533936530351639,0.6085850596427917,0.7530186176300049,-0.11624027788639069,0.7311103343963623,0.6366205215454102,-0.05545783042907715,0.7111102342605591,0.6800696849822998,-0.08849386870861053,0.6979230642318726,0.7095473408699036,-0.11232684552669525,0.6824536323547363,0.7377325296401978,-0.13016557693481445,paper
0.5918434858322144,0.5251501798629761,1.7113875117047428e-07,0.605636477470398,0.43559616804122925,0.019929103553295135,0.5756798982620239,0.3719138205051422,0.03346068039536476,0.5198620557785034,0.32865992188453674,0.04657351225614548,0.4777202010154724,0.30384525656700134,0.05812276154756546,0.48822152614593506,0.36284661293029785,0.01191453542560339,0.40374279022216797,0.3090267777442932,0.017149239778518677,0.35502883791923523,0.2813359797000885,0.023617485538125038,0.31870895624160767,0.2600904107093811,0.028275534510612488,0.4596061706542969,0.40044188499450684,0.0036152401007711887,0.3709092140197754,0.3419884145259857,0.0022137502674013376,0.3224477171897888,0.3097412884235382,0.00621712626889348,0.28969305753707886,0.28945183753967285,0.011149476282298565,0.44245797395706177,0.44264891743659973,-0.001997656188905239,0.3643009662628174,0.38723117113113403,-0.005205903202295303,0.32088351249694824,0.3537905812263489,0.0006652433658018708,0.2898240387439728,0.33069106936454773,0.00818345881998539,0.43388521671295166,0.4883490204811096,-0.00473433081060648,0.36899232864379883,0.4399023950099945,-0.005700610112398863,0.3383479118347168,0.4115157127380371,0.0004855634178966284,0.3151588439941406,0.384740948677063,0.008462543599307537,paper
0.9479535818099976,0.28025558590888977,1.6812157355161617e-06,0.8735285401344299,0.24961920082569122,-0.13812588155269623,0.7742222547531128,0.23910263180732727,-0.1888321340084076,0.676641047000885,0.22296302020549774,-0.21132369339466095,0.5696228742599487,0.20693804323673248,-0.23105408251285553,0.662529468536377,0.3203859329223633,-0.08683644235134125,0.5257103443145752,0.3136114776134491,-0.08737683296203613,0.4258297085762024,0.3036637604236603,-0.09538616985082626,0.3586960732936859,0.2978159189224243,-0.09891727566719055,0.6742165088653564,0.31642216444015503,-0.0004177630471531302,0.5387093424797058,0.31878209114074707,0.024407781660556793,0.44907301664352417,0.3039447069168091,0.026921933516860008,0.37195706367492676,0.2863743305206299,0.025324812158942223,0.6914266347885132,0.29557812213897705,0.07716936618089676,0.5873872637748718,0.29187139868736267,0.10770021378993988,0.5202452540397644,0.27163249254226685,0.10670610517263412,0.46600353717803955,0.25673753023147583,0.09982313960790634,0.7079535126686096,0.2755606174468994,0.1421544998884201,0.6344802975654602,0.2675812244415283,0.1649625599384308,0.5917730331420898,0.2548924684524536,0.1678735762834549,0.5600368976593018,0.2416142225265503,0.16733121871948242,paper
0.55949866771698,0.7896608114242554,1.4781060144741787e-06,0.6181761622428894,0.7221896052360535,-0.15065470337867737,0.620750367641449,0.6456398963928223,-0.23339349031448364,0.62284255027771,0.5698006749153137,-0.29293158650398254,0.6637412905693054,0.4857772886753082,-0.35404059290885925,0.44879189133644104,0.5558962821960449,-0.19656378030776978,0.40738779306411743,0.4289666414260864,-0.26549750566482544,0.38908085227012634,0.3371676802635193,-0.3153532147407532,0.37181156873703003,0.2556948661804199,-0.353231281042099,0.3876749575138092,0.582115888595581,-0.1565648913383484,0.3097182512283325,0.45966315269470215,-0.22177815437316895,0.2661421298980713,0.3693816065788269,-0.2726246118545532,0.2328619807958603,0.2909519076347351,-0.31341448426246643,0.3490782380104065,0.6240740418434143,-0.12515214085578918,0.26906618475914,0.5257558822631836,-0.18355771899223328,0.2248675525188446,0.450430303812027,-0.23125341534614563,0.194101482629776,0.38081875443458557,-0.2678030729293823,0.32810163497924805,0.6751371026039124,-0.10523633658885956,0.24558864533901215,0.6208957433700562,-0.15948772430419922,0.19744116067886353,0.5759021043777466,-0.1997898668050766,0.15828970074653625,0.5268622040748596,-0.2318260222673416,paper
0.7814054489135742,0.7744247913360596,2.3615679367594566e-07,0.7563434839248657,0.8300779461860657,-0.01917138695716858,0.7109286785125732,0.8507587313652039,-0.026650981977581978,0.6640149354934692,0.8608179092407227,-0.029067397117614746,0.629277765750885,0.8706179261207581,-0.03091007098555565,0.6635974049568176,0.8024600148200989,-0.0232975035905838,0.602426290512085,0.8092136383056641,-0.02615266852080822,0.5692636966705322,0.8164287805557251,-0.02812088094651699,0.5414209365844727,0.8206264972686768,-0.029901741072535515,0.6649641990661621,0.7688844203948975,-0.01440097764134407,0.6029513478279114,0.7658061981201172,-0.017249077558517456,0.5653572678565979,0.7657415270805359,-0.020748911425471306,0.5360039472579956,0.7653709053993225,-0.02383194863796234,0.6772651672363281,0.7464342713356018,-0.005958739202469587,0.6218586564064026,0.733842134475708,-0.011218822561204433,0.587096095085144,0.7285374402999878,-0.019418176263570786,0.5592644810676575,0.7255582213401794,-0.02477128989994526,0.692236602306366,0.7297846078872681,0.002147980500012636,0.6499782204627991,0.7120122313499451,-0.0027237252797931433,0.6233465075492859,0.7035802006721497,-0.007397938519716263,0.600674033164978,0.696229875087738,-0.010477560572326183,paper
0.09115393459796906,0.7153348326683044,3.9768505644133256e-07,0.04536481201648712,0.6503829956054688,-0.09290912002325058,0.041751161217689514,0.5689561367034912,-0.1390143781900406,0.07653611898422241,0.49463051557540894,-0.17271335422992706,0.1018584668636322,0.4204366207122803,-0.20230883359909058,0.17022371292114258,0.4686204493045807,-0.08766751736402512,0.20934554934501648,0.35694897174835205,-0.1353445202112198,0.2369128167629242,0.28598958253860474,-0.17205005884170532,0.26778945326805115,0.22802942991256714,-0.19886992871761322,0.22812899947166443,0.4868800640106201,-0.06897912174463272,0.2936354875564575,0.3842621147632599,-0.11244820803403854,0.34171634912490845,0.3251461982727051,-0.14388275146484375,0.38498401641845703,0.2782047390937805,-0.16664642095565796,0.26288583874702454,0.5235816240310669,-0.06041812151670456,0.33407968282699585,0.44616779685020447,-0.10231472551822662,0.38285863399505615,0.4058852791786194,-0.13016311824321747,0.4273756146430969,0.3704896569252014,-0.1483536809682846,0.28490763902664185,0.5737455487251282,-0.0602942630648613,0.35634857416152954,0.5269855260848999,-0.0942358449101448,0.4053145945072174,0.5009880661964417,-0.11530792713165283,0.4516996145248413,0.4752025604248047,-0.1303405612707138,paper
0.14996829628944397,0.9266115427017212,3.036395312960849e-08,0.1431126445531845,0.8874784111976624,-0.014634918421506882,0.15740257501602173,0.8495612144470215,-0.021280556917190552,0.17813104391098022,0.8226643800735474,-0.026960842311382294,0.1911783367395401,0.7988307476043701,-0.03208267316222191,0.20457611978054047,0.8428698182106018,-0.00858224369585514,0.23187752068042755,0.8125483989715576,-0.01752004213631153,0.24781006574630737,0.7953692674636841,-0.025794845074415207,0.2622939944267273,0.7812037467956543,-0.03225291892886162,0.2188340723514557,0.8557739853858948,-0.008659254759550095,0.2501569390296936,0.8284115195274353,-0.01568152941763401,0.2689918577671051,0.8119112253189087,-0.02263648808002472,0.2841416895389557,0.7989810109138489,-0.028267893940210342,0.2251042276620865,0.8732692003250122,-0.011179104447364807,0.2565114498138428,0.851453423500061,-0.018134847283363342,0.2744836211204529,0.8378931879997253,-0.024488629773259163,0.28938037157058716,0.8261557817459106,-0.02929447591304779,0.22629350423812866,0.8946700096130371,-0.015411170199513435,0.25340282917022705,0.8795914649963379,-0.022042905911803246,0.2690856456756592,0.8676556348800659,-0.026340244337916374,0.28305119276046753,0.8566614389419556,-0.02954581007361412,paper
0.6357044577598572,0.5548955202102661,4.1683313156681834e-07,0.5488328337669373,0.5510815382003784,-0.03404184803366661,0.491723895072937,0.5034570693969727,-0.04134128615260124,0.4505704343318939,0.449247807264328,-0.03777524456381798,0.41550686955451965,0.4124585688114166,-0.03128752112388611,0.5257688164710999,0.41515597701072693,-0.028771059587597847,0.477524995803833,0.3393993079662323,-0.02171216905117035,0.4500977098941803,0.2968010902404785,-0.017192909494042397,0.43475908041000366,0.26134151220321655,-0.015360618010163307,0.5630959868431091,0.40157851576805115,-0.0020023779943585396,0.5210002064704895,0.3225197196006775,0.005373321007937193,0.49873030185699463,0.2756807208061218,0.009455411694943905,0.4840885400772095,0.23635666072368622,0.011361319571733475,0.5921657681465149,0.4050707519054413,0.02421782724559307,0.5692868828773499,0.33559027314186096,0.03069376014173031,0.5538080930709839,0.29190534353256226,0.028441818431019783,0.54325932264328,0.2575172781944275,0.02642916701734066,0.6200173497200012,0.4166553020477295,0.048807039856910706,0.6146540641784668,0.365481972694397,0.05522274971008301,0.6108842492103577,0.3349197208881378,0.054494988173246384,0.611664891242981,0.3092513680458069,0.0534963458776474,paper
0.7722539901733398,0.45373427867889404,3.981147358445014e-07,0.8025243282318115,0.4441172480583191,-0.1629437506198883,0.786095380783081,0.4249512851238251,-0.24852254986763,0.7527506351470947,0.4104233682155609,-0.30688780546188354,0.7087775468826294,0.37994298338890076,-0.36717280745506287,0.6556609869003296,0.3311430811882019,-0.20769543945789337,0.572822630405426,0.3041212856769562,-0.279780775308609,0.515507698059082,0.3054942786693573,-0.3373304009437561,0.4529930353164673,0.31229478120803833,-0.37775540351867676,0.6132332682609558,0.3626624047756195,-0.15270040929317474,0.507616400718689,0.35319504141807556,-0.22532102465629578,0.4407487213611603,0.3759143650531769,-0.28664442896842957,0.3810856342315674,0.3950750231742859,-0.33205029368400574,0.5873937606811523,0.39838993549346924,-0.10592363029718399,0.4970879554748535,0.39725929498672485,-0.1691017895936966,0.43115055561065674,0.41998010873794556,-0.2262880504131317,0.3801799416542053,0.44138404726982117,-0.265876442193985,0.575004518032074,0.4335383474826813,-0.07007341086864471,0.49934956431388855,0.43993932008743286,-0.12229988723993301,0.44902679324150085,0.45902329683303833,-0.16545060276985168,0.4080841541290283,0.47770634293556213,-0.19827933609485626,paper
0.8301712274551392,0.37297213077545166,5.229433099884773e-07,0.7550324201583862,0.4104677736759186,-0.06552225351333618,0.684644341468811,0.4526216685771942,-0.07088778913021088,0.6326301097869873,0.49269819259643555,-0.06617645174264908,0.577984631061554,0.5281233787536621,-0.0593542717397213,0.6515517234802246,0.45682090520858765,0.02202579565346241,0.6014285087585449,0.5151060223579407,0.03321671485900879,0.5689032077789307,0.5643556714057922,0.02730235643684864,0.5504884719848633,0.6030319929122925,0.0201913733035326,0.6876291036605835,0.4673561453819275,0.05478961020708084,0.6400632262229919,0.5341237783432007,0.07423701882362366,0.612767219543457,0.5897039175033569,0.056032679975032806,0.5998075008392334,0.6299853324890137,0.0383809469640255,0.7237832546234131,0.47923678159713745,0.07771557569503784,0.6885645389556885,0.5341200828552246,0.08626788854598999,0.6706588864326477,0.5853089094161987,0.058795683085918427,0.6619254350662231,0.6230354309082031,0.03688531368970871,0.7645903825759888,0.4874056875705719,0.09379927068948746,0.7511135935783386,0.5270285606384277,0.09417884796857834,0.7436818480491638,0.5591973662376404,0.07726789265871048,0.7384746670722961,0.5879915952682495,0.06304362416267395,paper
0.25130125880241394,0.5369170904159546,1.2725539022540033e-07,0.25992366671562195,0.5035339593887329,-0.011656787246465683,0.27865639328956604,0.47587618231773376,-0.020406605675816536,0.2945134937763214,0.4538903832435608,-0.028667310252785683,0.3009147644042969,0.4340587258338928,-0.037555430084466934,0.32510942220687866,0.48999056220054626,-0.014725705608725548,0.35506823658943176,0.47170495986938477,-0.0249946229159832,0.37417536973953247,0.46078717708587646,-0.03376008942723274,0.3902187943458557,0.4521946907043457,-0.040289685130119324,0.3327057957649231,0.5086592435836792,-0.016957899555563927,0.36852529644966125,0.500288724899292,-0.025516429916024208,0.3917839229106903,0.4943608343601227,-0.03286800906062126,0.41065317392349243,0.48984336853027344,-0.03853690251708031,0.3306065797805786,0.5279971361160278,-0.020659880712628365,0.3645247519016266,0.5279605388641357,-0.02870815247297287,0.3867870569229126,0.527131199836731,-0.03633161634206772,0.4048214554786682,0.5258505344390869,-0.04193005710840225,0.32201486825942993,0.5461090803146362,-0.02540537714958191,0.34901878237724304,0.5521537661552429,-0.03197905048727989,0.36702561378479004,0.5551877617835999,-0.03584103658795357,0.38301610946655273,0.5569085478782654,-0.03876566141843796,paper
0.9155195951461792,0.5289143323898315,3.6639806921812124e-07,0.8544678688049316,0.5004024505615234,-0.004243333358317614,0.7972671389579773,0.5069476962089539,-0.0017764453077688813,0.7445372939109802,0.5196965932846069,0.0031774293165653944,0.7047107219696045,0.5287360548973083,0.008121329359710217,0.7761908769607544,0.5782856941223145,-0.00878646969795227,0.7118582129478455,0.6090301871299744,-0.007192585617303848,0.6749534606933594,0.6300981640815735,-0.0063388110138475895,0.644949734210968,0.6469365954399109,-0.007996419444680214,0.7948102951049805,0.6082931756973267,-0.007731934078037739,0.7375828623771667,0.6525908708572388,-0.01364722941070795,0.6992695331573486,0.6826862096786499,-0.02266906201839447,0.6729302406311035,0.7061928510665894,-0.030778935179114342,0.8245539665222168,0.6284818649291992,-0.005265350453555584,0.777898371219635,0.6760451793670654,-0.013386689126491547,0.7464589476585388,0.7073785066604614,-0.024147076532244682,0.7238953113555908,0.7317490577697754,-0.032455477863550186,0.8578794002532959,0.6399394273757935,-0.0018328382866457105,0.834937334060669,0.6900037527084351,-0.010512790642678738,0.8196132779121399,0.720259964466095,-0.018748290836811066,0.8008916974067688,0.7447808980941772,-0.02482636645436287,paper
0.12798234820365906,0.9103915095329285,5.805553371374117e-08,0.123680479824543,0.8723204731941223,-0.012351548299193382,0.13200154900550842,0.8349685072898865,-0.020615270361304283,0.13927772641181946,0.8055450916290283,-0.028906753286719322,0.13795168697834015,0.7818731069564819,-0.037770505994558334,0.1842832714319229,0.8283212780952454,-0.010785016231238842,0.205129474401474,0.7936007976531982,-0.021038107573986053,0.21867090463638306,0.7731183767318726,-0.03061821311712265,0.23069889843463898,0.7563399076461792,-0.037926118820905685,0.20043709874153137,0.8425726890563965,-0.01319779921323061,0.23043575882911682,0.8138948082923889,-0.0215982124209404,0.2488722801208496,0.7954312562942505,-0.029509443789720535,0.262470006942749,0.7809371948242188,-0.0358637310564518,0.2079980969429016,0.8614412546157837,-0.017613878473639488,0.23932905495166779,0.8393579721450806,-0.025073150172829628,0.2581641972064972,0.8240910172462463,-0.03263820335268974,0.272405207157135,0.8113191723823547,-0.03839133307337761,0.20962169766426086,0.8835521340370178,-0.023519786074757576,0.23836484551429749,0.8721209168434143,-0.02941976673901081,0.25627580285072327,0.8627985715866089,-0.03339734673500061,0.2711954116821289,0.8534265756607056,-0.03659382835030556,paper
0.7929419279098511,0.9079715609550476,4.929073043058452e-07,0.7402193546295166,0.8180651664733887,-0.04033590108156204,0.6520824432373047,0.75482577085495,-0.04916340857744217,0.5683107376098633,0.7199445366859436,-0.05542942136526108,0.49632179737091064,0.6982967257499695,-0.06086055934429169,0.5342488288879395,0.7949912548065186,-0.013972092419862747,0.43384188413619995,0.7618550062179565,-0.033364180475473404,0.37633246183395386,0.742143452167511,-0.05515537038445473,0.3222014307975769,0.7243266701698303,-0.07348047196865082,0.5210848450660706,0.8472418785095215,-0.012959945946931839,0.41759318113327026,0.8272941708564758,-0.029663631692528725,0.35095828771591187,0.8151887059211731,-0.05268849804997444,0.2930198311805725,0.8080765604972839,-0.07245706766843796,0.5306639671325684,0.9014942646026611,-0.018653953447937965,0.43083620071411133,0.8946788907051086,-0.03881169855594635,0.3706057667732239,0.8862953186035156,-0.059971295297145844,0.316304475069046,0.878459095954895,-0.0765223577618599,0.5572265386581421,0.9576181173324585,-0.02900402434170246,0.4780409336090088,0.9668578505516052,-0.05219472199678421,0.4264686107635498,0.9678184986114502,-0.06820396333932877,0.376503586769104,0.9638960361480713,-0.07990287244319916,paper
0.8971557021141052,0.91165691614151,1.3034330947903072e-07,0.9036897420883179,0.8754103779792786,-0.012072613462805748,0.8923645615577698,0.8395447731018066,-0.0148380221799016,0.8761691451072693,0.8127806782722473,-0.017148951068520546,0.8682069182395935,0.7889717817306519,-0.01924063079059124,0.843083918094635,0.8302165269851685,-0.004417116288095713,0.8210529685020447,0.7980496883392334,-0.011918452568352222,0.8086361885070801,0.7791858315467834,-0.019585035741329193,0.7970726490020752,0.7625280618667603,-0.025636931881308556,0.8296536207199097,0.8417780995368958,-0.005179741885513067,0.8025301694869995,0.8123148083686829,-0.011239439249038696,0.786082923412323,0.7929574251174927,-0.018709274008870125,0.7718899846076965,0.7772617936134338,-0.024794869124889374,0.8220005631446838,0.8573243618011475,-0.008061169646680355,0.7933740019798279,0.8327232599258423,-0.014697280712425709,0.7785165309906006,0.8152085542678833,-0.02082846499979496,0.7662197351455688,0.7993742227554321,-0.025485258549451828,0.818968653678894,0.8769449591636658,-0.012457728385925293,0.7925035953521729,0.8616623878479004,-0.020018720999360085,0.7777124643325806,0.8487340211868286,-0.024370834231376648,0.765213668346405,0.8355228900909424,-0.027261992916464806,paper
0.3468191921710968,0.9749478697776794,3.2701915841926166e-08,0.3264094889163971,0.9388513565063477,-0.009599447250366211,0.3203219771385193,0.8972276449203491,-0.0136521952226758,0.3257015347480774,0.8644817471504211,-0.01787864789366722,0.32613405585289,0.8384748697280884,-0.021612996235489845,0.34957748651504517,0.8710654377937317,-0.0018050067592412233,0.35448285937309265,0.8309910893440247,-0.011224869638681412,0.35925889015197754,0.807616651058197,-0.019953584298491478,0.3648577332496643,0.78792804479599,-0.026416203007102013,0.3686479330062866,0.8755543231964111,-0.00435628229752183,0.38094329833984375,0.8343438506126404,-0.012509900145232677,0.38957542181015015,0.809952437877655,-0.019787784665822983,0.3976875841617584,0.7905536890029907,-0.025190839543938637,0.38396209478378296,0.8872700333595276,-0.009195988066494465,0.3994112014770508,0.8507829904556274,-0.017245104536414146,0.40865492820739746,0.8297256827354431,-0.022203883156180382,0.4162976145744324,0.8125687837600708,-0.02558964490890503,0.39728307723999023,0.9054981470108032,-0.015435857698321342,0.414124071598053,0.8801670074462891,-0.02159777097404003,0.4238241910934448,0.8634244203567505,-0.023834848776459694,0.432491660118103,0.8483231067657471,-0.025365574285387993,paper
0.7641514539718628,0.7773178815841675,5.328903398549301e-07,0.732231616973877,0.6799561381340027,-0.031438034027814865,0.6546854972839355,0.6042495965957642,-0.03357735648751259,0.5792203545570374,0.5611639022827148,-0.034152720123529434,0.5128000974655151,0.5384596586227417,-0.034849341958761215,0.5409027338027954,0.6334711909294128,-0.0038463606033474207,0.4529889225959778,0.5855783224105835,-0.017113273963332176,0.3998117446899414,0.5524753332138062,-0.034255366772413254,0.35227373242378235,0.5220810770988464,-0.049729738384485245,0.5194099545478821,0.6778489351272583,-0.005667279940098524,0.4216751456260681,0.6417211294174194,-0.016046565026044846,0.3626290559768677,0.6128939986228943,-0.03660762682557106,0.31361690163612366,0.588810384273529,-0.05492120236158371,0.518573522567749,0.7255106568336487,-0.013459173031151295,0.4239007234573364,0.6988884806632996,-0.02946970798075199,0.36662936210632324,0.6761144399642944,-0.051962900906801224,0.3177284002304077,0.6534433364868164,-0.06968037039041519,0.5335824489593506,0.7788048982620239,-0.025041785091161728,0.4554094970226288,0.7682374119758606,-0.04565712809562683,0.4072203040122986,0.7539308071136475,-0.0623018741607666,0.36363211274147034,0.7340143918991089,-0.07499630749225616,paper
0.5676787495613098,0.18107225000858307,1.3494258155333227e-07,0.5193623900413513,0.14812080562114716,-0.024726049974560738,0.4637833833694458,0.13915015757083893,-0.028892166912555695,0.4156721830368042,0.14657247066497803,-0.031083129346370697,0.37806421518325806,0.14408202469348907,-0.032900817692279816,0.4207165539264679,0.19598068296909332,-0.009228562004864216,0.36412549018859863,0.20756036043167114,-0.018144577741622925,0.3322697877883911,0.21622073650360107,-0.028162896633148193,0.3034086227416992,0.22453777492046356,-0.03704478219151497,0.4289121925830841,0.22490046918392181,-0.00576341338455677,0.37560904026031494,0.25084376335144043,-0.014472316950559616,0.3412441313266754,0.2678642272949219,-0.026788268238306046,0.313931941986084,0.28375428915023804,-0.037511054426431656,0.44750046730041504,0.24608159065246582,-0.006034084130078554,0.4002508521080017,0.27621349692344666,-0.018159320577979088,0.3712310791015625,0.29371345043182373,-0.03149997815489769,0.3458973467350006,0.30909475684165955,-0.041680868715047836,0.4731065332889557,0.261292964220047,-0.008912001736462116,0.4439294934272766,0.2939842641353607,-0.02382640726864338,0.42421722412109375,0.3147501051425934,-0.03491399809718132,0.404827743768692,0.3320179581642151,-0.042647942900657654,paper
0.6540778875350952,0.2209021896123886,2.398943479420268e-07,0.6038872003555298,0.16871090233325958,-0.028271686285734177,0.5356759428977966,0.14902061223983765,-0.033556126058101654,0.47910189628601074,0.1510642021894455,-0.03652266785502434,0.43308359384536743,0.14794041216373444,-0.03949427232146263,0.48746877908706665,0.21527062356472015,-0.018688250333070755,0.41750258207321167,0.22416269779205322,-0.03329160436987877,0.3737832307815552,0.23027922213077545,-0.0455094538629055,0.33659127354621887,0.23597542941570282,-0.05530751869082451,0.4966491758823395,0.24896246194839478,-0.016092395409941673,0.4310474395751953,0.2702871859073639,-0.028595125302672386,0.38886916637420654,0.28068384528160095,-0.041460197418928146,0.356192409992218,0.2894473075866699,-0.052573010325431824,0.5186556577682495,0.275432825088501,-0.01747332327067852,0.4638808071613312,0.299094557762146,-0.032481320202350616,0.4314952492713928,0.3100780248641968,-0.04390828311443329,0.4044610261917114,0.3166818618774414,-0.05247604846954346,0.5492684841156006,0.2962224781513214,-0.021991146728396416,0.5127309560775757,0.322715163230896,-0.0380326472222805,0.48728400468826294,0.33666396141052246,-0.04760320484638214,0.4641464948654175,0.34606292843818665,-0.05424065142869949,paper
0.6899462938308716,0.912134051322937,1.0493496347407927e-06,0.6773760914802551,0.8320738077163696,-0.06949732452630997,0.6286997199058533,0.7567137479782104,-0.08207175135612488,0.5833694338798523,0.6971385478973389,-0.08674846589565277,0.5426037907600403,0.6350015997886658,-0.08876633644104004,0.5980764031410217,0.7274954319000244,0.027881154790520668,0.5490934252738953,0.6709467172622681,0.04306751489639282,0.5083080530166626,0.6311784386634827,0.0433482751250267,0.4750429391860962,0.6051126718521118,0.042509473860263824,0.573432207107544,0.7605894804000854,0.06297481805086136,0.5213179588317871,0.6984737515449524,0.09641053527593613,0.47939687967300415,0.6575011014938354,0.09929176419973373,0.45292526483535767,0.6312587261199951,0.09856227785348892,0.5577059984207153,0.79536372423172,0.08622539788484573,0.515207827091217,0.741536557674408,0.11622701585292816,0.48113200068473816,0.708329975605011,0.11495359987020493,0.4558788537979126,0.6855236291885376,0.11002558469772339,0.5454578399658203,0.8375221490859985,0.09980615228414536,0.5100119113922119,0.8079078197479248,0.12023251503705978,0.4815518856048584,0.7834241986274719,0.12172266095876694,0.459728479385376,0.7615689635276794,0.12087379395961761,paper
0.6677200198173523,0.8802484273910522,2.508170382498065e-07,0.7373359203338623,0.8323021531105042,0.008693577721714973,0.7792468667030334,0.7705323696136475,0.007205980829894543,0.7914243936538696,0.7023845911026001,0.0062802997417747974,0.80173659324646,0.6497392654418945,0.0010994941694661975,0.7428986430168152,0.7089088559150696,-0.03399394825100899,0.7590916156768799,0.6003385186195374,-0.04763268306851387,0.7663612961769104,0.5395082235336304,-0.05279054492712021,0.7727850675582886,0.4918283224105835,-0.05611030012369156,0.6956682801246643,0.7086819410324097,-0.04464723914861679,0.6971957683563232,0.5917388200759888,-0.060262665152549744,0.6944547891616821,0.522926926612854,-0.06736478209495544,0.6942631602287292,0.47854310274124146,-0.07342170923948288,0.6482999324798584,0.7203442454338074,-0.05146636813879013,0.6494724750518799,0.6133805513381958,-0.06460665166378021,0.6471081972122192,0.5486688017845154,-0.07035820931196213,0.6474701166152954,0.5043444037437439,-0.07486120611429214,0.6029853820800781,0.7409700751304626,-0.05542236939072609,0.5951711535453796,0.6542763710021973,-0.0682486966252327,0.5933129787445068,0.6054537892341614,-0.07236943393945694,0.5965108871459961,0.5634622573852539,-0.07404397428035736,paper
0.2067427784204483,0.42835843563079834,3.413852880385093e-07,0.24811585247516632,0.4149273931980133,-0.037216152995824814,0.26969122886657715,0.3733014464378357,-0.04314979910850525,0.2818721830844879,0.33406394720077515,-0.038860976696014404,0.29554450511932373,0.30476775765419006,-0.031954169273376465,0.250131756067276,0.3234761953353882,-0.031380537897348404,0.2660403549671173,0.2666155695915222,-0.03303540498018265,0.2853395938873291,0.23687416315078735,-0.035990241914987564,0.3030107617378235,0.21502724289894104,-0.03741411119699478,0.24638818204402924,0.32042866945266724,-0.005305934231728315,0.2608422636985779,0.25787755846977234,-0.0035386523231863976,0.2839013636112213,0.22449761629104614,-0.005947323516011238,0.30136069655418396,0.19851996004581451,-0.008096457459032536,0.2469407021999359,0.32571467757225037,0.01930706761777401,0.2606290578842163,0.2762438654899597,0.023744599893689156,0.28021755814552307,0.24863430857658386,0.018682153895497322,0.29394927620887756,0.22661608457565308,0.014529196545481682,0.24957571923732758,0.3310428261756897,0.041004929691553116,0.2615355849266052,0.30023616552352905,0.045756757259368896,0.2758840024471283,0.283094197511673,0.04331423342227936,0.28720253705978394,0.27080678939819336,0.04116683825850487,paper
0.16720207035541534,0.09452387690544128,9.802314338003271e-08,0.19536849856376648,0.062408313155174255,-0.02501240186393261,0.23803171515464783,0.048570603132247925,-0.035582929849624634,0.27705156803131104,0.04431217163801193,-0.04413977265357971,0.305631160736084,0.028177306056022644,-0.0519300140440464,0.3083672821521759,0.08260049670934677,-0.013555614277720451,0.36217981576919556,0.07866553217172623,-0.026137666776776314,0.39574456214904785,0.07871271669864655,-0.039081912487745285,0.4238041639328003,0.08114531636238098,-0.04896286129951477,0.31217527389526367,0.10880546271800995,-0.010785250924527645,0.3686307370662689,0.1186479702591896,-0.019960738718509674,0.40372925996780396,0.12568776309490204,-0.029654357582330704,0.43069517612457275,0.13081929087638855,-0.037494029849767685,0.30303123593330383,0.1293368935585022,-0.011804531328380108,0.352773517370224,0.14513294398784637,-0.020296474918723106,0.38325461745262146,0.15359528362751007,-0.02986493892967701,0.4076172709465027,0.15940731763839722,-0.03706791624426842,0.28457212448120117,0.1471545249223709,-0.015816297382116318,0.3209132254123688,0.16631154716014862,-0.022167183458805084,0.34517019987106323,0.1758956015110016,-0.027445459738373756,0.3666282594203949,0.18399512767791748,-0.03191761299967766,paper
0.2509242296218872,0.6828765869140625,1.9628087954970397e-07,0.2631148099899292,0.6002506017684937,-0.03322507441043854,0.31411105394363403,0.532204806804657,-0.04588386416435242,0.36193323135375977,0.48390859365463257,-0.056107014417648315,0.3940278887748718,0.44007256627082825,-0.06509324163198471,0.4162672460079193,0.5504064559936523,-0.009669031947851181,0.48584890365600586,0.5044059753417969,-0.023653671145439148,0.528306245803833,0.47916513681411743,-0.040318720042705536,0.5668617486953735,0.4590561091899872,-0.05435458943247795,0.4355916380882263,0.5865737199783325,-0.008128045126795769,0.5109682083129883,0.5443187355995178,-0.01951477862894535,0.5623628497123718,0.52051842212677,-0.03562462329864502,0.6027196049690247,0.500503420829773,-0.049010686576366425,0.4368131756782532,0.6255396008491516,-0.012549499981105328,0.5091081261634827,0.5936628580093384,-0.02649363875389099,0.5543517470359802,0.572170078754425,-0.04384759068489075,0.5912896394729614,0.5521494746208191,-0.05655909329652786,0.4272235929965973,0.6709794402122498,-0.02081279270350933,0.48958128690719604,0.6549058556556702,-0.03496488556265831,0.529996931552887,0.6407776474952698,-0.046517081558704376,0.567179262638092,0.6277342438697815,-0.05524742603302002,paper
0.2129174768924713,0.7973039150238037,-3.5059105130130774e-07,0.21604934334754944,0.6840808391571045,0.060366734862327576,0.24951007962226868,0.6165158748626709,0.08752217888832092,0.28140509128570557,0.5597857236862183,0.11473891139030457,0.2835860848426819,0.507442831993103,0.14027021825313568,0.36420947313308716,0.6122152805328369,-0.005633694119751453,0.4189988672733307,0.5344462394714355,-0.005592171102762222,0.450867623090744,0.48329615592956543,-0.005395896732807159,0.4793555438518524,0.446915864944458,-0.00451583880931139,0.39323893189430237,0.6549748778343201,-0.012950154952704906,0.4778185486793518,0.5860105156898499,-0.013644619844853878,0.5257400870323181,0.5472396016120911,-0.005328771658241749,0.5645357370376587,0.5137099027633667,-0.0010319335851818323,0.40500780940055847,0.7014569640159607,-0.009598898701369762,0.49481427669525146,0.6639519929885864,-0.014214656315743923,0.5512513518333435,0.6375468969345093,-0.019276320934295654,0.5880202054977417,0.6168410181999207,-0.02141588181257248,0.4128110110759735,0.7506465315818787,0.004747272003442049,0.4887538254261017,0.7608823776245117,-0.0018725036643445492,0.5365710258483887,0.7643450498580933,-0.008858424611389637,0.5776172280311584,0.7665051221847534,-0.012539722956717014,paper
0.5990837812423706,0.9231613278388977,5.387573764892295e-07,0.5083655714988708,0.8409808278083801,-0.05562257766723633,0.4799792766571045,0.7475576400756836,-0.06408882886171341,0.4659525156021118,0.6632429361343384,-0.051277272403240204,0.44421496987342834,0.5919973850250244,-0.030805280432105064,0.5916117429733276,0.670293927192688,-0.05178384110331535,0.5786367654800415,0.5492607951164246,-0.03894929215312004,0.5725095868110657,0.4783812463283539,-0.029306739568710327,0.574117124080658,0.4265599846839905,-0.020368967205286026,0.6311665773391724,0.6822380423545837,0.006425430066883564,0.6443756222724915,0.5619456768035889,0.019706113263964653,0.6518626809120178,0.4895861744880676,0.02749484032392502,0.6580963730812073,0.44005534052848816,0.032805025577545166,0.6549761295318604,0.7022124528884888,0.06651128083467484,0.6758469939231873,0.6097429990768433,0.08924736082553864,0.6830826997756958,0.547478973865509,0.09372774511575699,0.6871457099914551,0.5039970874786377,0.09670387208461761,0.673342227935791,0.7237674593925476,0.12423315644264221,0.6973807215690613,0.6660485863685608,0.15639513731002808,0.7081205248832703,0.6296106576919556,0.16611231863498688,0.7192115187644958,0.5994531512260437,0.17114628851413727,paper
0.2441932111978531,0.9671664834022522,-8.057181588583262e-08,0.24029889702796936,0.8724808096885681,0.040253520011901855,0.260598748922348,0.8109146952629089,0.05165063589811325,0.28596293926239014,0.7594513297080994,0.06661507487297058,0.2976236641407013,0.7083699107170105,0.08072301745414734,0.34225037693977356,0.803369402885437,-0.040656328201293945,0.3879956901073456,0.7399340867996216,-0.04891393706202507,0.4173809885978699,0.6967675089836121,-0.05048665031790733,0.44241178035736084,0.6676962375640869,-0.05000565946102142,0.36737868189811707,0.836729109287262,-0.03933458402752876,0.434170126914978,0.7802697420120239,-0.048349980264902115,0.475566565990448,0.7462873458862305,-0.042247336357831955,0.5106298923492432,0.716782808303833,-0.03897685557603836,0.380305677652359,0.8738502860069275,-0.027097409591078758,0.45055094361305237,0.8409473299980164,-0.03308756649494171,0.4980590343475342,0.8176943063735962,-0.03467727079987526,0.5316224098205566,0.7993695735931396,-0.035155266523361206,0.39192044734954834,0.9096704721450806,-0.0053753540851175785,0.45191797614097595,0.9071518778800964,-0.012824124656617641,0.49063482880592346,0.9051429629325867,-0.019366370514035225,0.5268398523330688,0.9020757675170898,-0.023275818675756454,paper
0.47418370842933655,0.5712332725524902,3.0420696361943556e-07,0.4776120185852051,0.49570292234420776,-0.06643566489219666,0.45120158791542053,0.4120386242866516,-0.07821174710988998,0.41716453433036804,0.34028613567352295,-0.07984310388565063,0.38428160548210144,0.2751196622848511,-0.07927856594324112,0.3841225206851959,0.36104580760002136,-0.011191301979124546,0.3296826481819153,0.2796010673046112,-0.01445454265922308,0.2860623300075531,0.23847541213035583,-0.029125068336725235,0.24525058269500732,0.20584914088249207,-0.04287674278020859,0.35738834738731384,0.38676029443740845,0.014929184690117836,0.29019895195961,0.3146209120750427,0.014841738156974316,0.23383718729019165,0.27614346146583557,-0.006515371147543192,0.1857088804244995,0.25383272767066956,-0.026386715471744537,0.33625170588493347,0.42194753885269165,0.03230185806751251,0.2744452655315399,0.36139145493507385,0.02679787017405033,0.2260684370994568,0.3334696888923645,0.0004759770818054676,0.18442857265472412,0.3150460720062256,-0.020931627601385117,0.32280659675598145,0.46175819635391235,0.0430791899561882,0.2700842320919037,0.42666712403297424,0.031550515443086624,0.23085637390613556,0.4050595462322235,0.01180613785982132,0.19831517338752747,0.3860624432563782,-0.00424059247598052,paper
0.7650554180145264,0.21716557443141937,3.5751854254861826e-10,0.6955254673957825,0.17606249451637268,0.02975217066705227,0.630195677280426,0.1778583526611328,0.05703787878155708,0.5799205899238586,0.1957779824733734,0.07863906025886536,0.5525925755500793,0.2157752811908722,0.09779983013868332,0.5982035994529724,0.22262738645076752,0.05817653238773346,0.5299398899078369,0.24755625426769257,0.07749740779399872,0.49331068992614746,0.26204100251197815,0.08340036869049072,0.4623448848724365,0.2737124264240265,0.08426352590322495,0.6081075668334961,0.25835680961608887,0.04913158342242241,0.5429979562759399,0.2982984185218811,0.06661954522132874,0.5065325498580933,0.3228011429309845,0.06128659471869469,0.47904258966445923,0.341621994972229,0.05395769700407982,0.6286091208457947,0.28951728343963623,0.041477177292108536,0.5736775398254395,0.33168160915374756,0.054897818714380264,0.5380882024765015,0.3545914590358734,0.04547253996133804,0.5113106369972229,0.37059876322746277,0.0354372076690197,0.6591401100158691,0.3143150806427002,0.03655635938048363,0.6201335191726685,0.35649168491363525,0.04728472977876663,0.5956804752349854,0.3808797597885132,0.04706019535660744,0.5739727020263672,0.3975455164909363,0.045109886676073074,paper
0.729550838470459,0.8953922986984253,2.3989608166630205e-07,0.7052603960037231,0.8920351266860962,-0.05077654495835304,0.6858047842979431,0.8639811873435974,-0.06959202140569687,0.6660805344581604,0.8366655111312866,-0.07735554128885269,0.6415616273880005,0.8110150098800659,-0.08418162167072296,0.6787074208259583,0.8133931756019592,-0.05583169311285019,0.6444478631019592,0.773853600025177,-0.07142852991819382,0.618864893913269,0.7480437755584717,-0.08468354493379593,0.5968378782272339,0.7270851135253906,-0.09340199083089828,0.672552227973938,0.8128485083580017,-0.03337375819683075,0.6363070607185364,0.7731258273124695,-0.04683324694633484,0.6083498597145081,0.7451906800270081,-0.06120206043124199,0.5857334136962891,0.7234699130058289,-0.0723712220788002,0.6654387712478638,0.8184455633163452,-0.013463391922414303,0.6366614103317261,0.7813752889633179,-0.026584044098854065,0.6129307746887207,0.7576366066932678,-0.043594032526016235,0.5945941805839539,0.7377071976661682,-0.055276937782764435,0.6588469743728638,0.8264904618263245,0.003299144096672535,0.6359894871711731,0.7976230382919312,-0.006269257515668869,0.619131863117218,0.7759910225868225,-0.017193647101521492,0.6056375503540039,0.7582641839981079,-0.02589215710759163,paper
0.7356638312339783,0.3523741364479065,1.5044238921291253e-07,0.6962343454360962,0.3095228672027588,-0.02305571362376213,0.6400102972984314,0.2865350842475891,-0.026753230020403862,0.5878863334655762,0.2785792350769043,-0.02850368246436119,0.5460994243621826,0.2786669433116913,-0.029659952968358994,0.5884538888931274,0.3102891147136688,-0.0020651575177907944,0.5272526144981384,0.3045297861099243,-0.010625367052853107,0.49220016598701477,0.3061106204986572,-0.02229130268096924,0.4608539342880249,0.3080100417137146,-0.03177684545516968,0.5872770547866821,0.3384278118610382,0.0013319639256224036,0.5246191620826721,0.3386075496673584,-0.006556346546858549,0.4860754609107971,0.3458777070045471,-0.01952015981078148,0.4556007385253906,0.35525861382484436,-0.030025998130440712,0.5957115292549133,0.3648321330547333,0.000771409715525806,0.5380990505218506,0.3730086088180542,-0.0076202163472771645,0.5032626390457153,0.3798391819000244,-0.01924709416925907,0.47474557161331177,0.3870002031326294,-0.028102245181798935,0.6119397282600403,0.389425665140152,-0.0025774436071515083,0.5668915510177612,0.4000473618507385,-0.010954998433589935,0.5371705293655396,0.4065769612789154,-0.018375234678387642,0.510460376739502,0.41022634506225586,-0.024257035925984383,paper
0.3545643091201782,0.485162615776062,-3.3286394796050445e-07,0.25860586762428284,0.4468402862548828,0.13190309703350067,0.1940733939409256,0.4153287708759308,0.1824779510498047,0.14998601377010345,0.38924872875213623,0.213189497590065,0.10268083214759827,0.3762158155441284,0.23836709558963776,0.14298418164253235,0.35680970549583435,0.05911850556731224,0.06866629421710968,0.28891849517822266,0.05364217236638069,0.03034566342830658,0.23403821885585785,0.05881030857563019,0.010986879467964172,0.19151921570301056,0.06476020812988281,0.1750439703464508,0.3397759795188904,-0.006981280166655779,0.09412823617458344,0.24300244450569153,-0.027143055573105812,0.06445826590061188,0.17354834079742432,-0.019877556711435318,0.05246599018573761,0.12029658257961273,-0.010570120997726917,0.21523229777812958,0.32261744141578674,-0.0622650608420372,0.14670197665691376,0.23005911707878113,-0.0841822400689125,0.11907155066728592,0.15948060154914856,-0.08031362295150757,0.10910682380199432,0.10403452813625336,-0.07215441763401031,0.2647518515586853,0.2999102473258972,-0.10305596143007278,0.21732112765312195,0.21675890684127808,-0.12873288989067078,0.19198067486286163,0.1621754765510559,-0.13638833165168762,0.17355813086032867,0.11134272813796997,-0.13714733719825745,paper
0.6187107563018799,0.47173017263412476,8.215564228919447e-09,0.6118443608283997,0.5410568714141846,0.02542632631957531,0.5960630178451538,0.5820043683052063,0.036823570728302,0.5803951025009155,0.6157121658325195,0.050935834646224976,0.5656308531761169,0.6441888213157654,0.065545454621315,0.5281246900558472,0.5660237669944763,-0.0077841999009251595,0.4909975528717041,0.5992684364318848,-0.004105941392481327,0.4687216281890869,0.6220518946647644,-0.0011499241227284074,0.4481057822704315,0.6365883350372314,0.0019756611436605453,0.5156213045120239,0.5379472970962524,-0.002477365080267191,0.4652828276157379,0.5611324310302734,0.0009194930898956954,0.43579497933387756,0.5752868056297302,0.007231781724840403,0.41019052267074585,0.5864713788032532,0.011099539697170258,0.5136311054229736,0.5087378025054932,0.008978159166872501,0.4628039598464966,0.5153037309646606,0.01173916645348072,0.4300464987754822,0.5219684839248657,0.011581634171307087,0.4043658971786499,0.5284870266914368,0.012275861576199532,0.5128592252731323,0.4820345640182495,0.026276974007487297,0.47123512625694275,0.47264364361763,0.028789667412638664,0.44544732570648193,0.46915027499198914,0.028280029073357582,0.41853803396224976,0.4673649072647095,0.02841310203075409,paper
0.9312998056411743,0.37785467505455017,4.380086977562314e-07,0.9510737657546997,0.36796486377716064,-0.06201166287064552,0.952576756477356,0.3514408767223358,-0.09939605742692947,0.9450927972793579,0.33118969202041626,-0.1273558884859085,0.9495462775230408,0.30281397700309753,-0.1545477956533432,0.8691104054450989,0.3109647333621979,-0.08405352383852005,0.8387178778648376,0.2771327495574951,-0.11606525629758835,0.8144763708114624,0.25147321820259094,-0.13870009779930115,0.7937566637992859,0.22758609056472778,-0.1554514616727829,0.8370873928070068,0.3198121190071106,-0.06913153827190399,0.7910279631614685,0.2889614403247833,-0.09776177257299423,0.7589094638824463,0.2686105966567993,-0.1153721734881401,0.7330883145332336,0.2506999969482422,-0.12849466502666473,0.8185909390449524,0.33567121624946594,-0.05805186927318573,0.7701845765113831,0.30621591210365295,-0.08466700464487076,0.736976683139801,0.28779613971710205,-0.10151081532239914,0.7100878357887268,0.27175644040107727,-0.11301856487989426,0.8113194108009338,0.35601353645324707,-0.05158586427569389,0.7645514607429504,0.34599557518959045,-0.07597841322422028,0.7337331175804138,0.33776164054870605,-0.09069478511810303,0.7080492973327637,0.32953765988349915,-0.10072431713342667,paper
0.8251935243606567,0.3706437051296234,-1.5083473670074454e-07,0.8068792819976807,0.4225189685821533,-0.04222254455089569,0.7633957266807556,0.44363123178482056,-0.054583024233579636,0.7171123027801514,0.4484117031097412,-0.050421182066202164,0.6751582622528076,0.4526504576206207,-0.04300606995820999,0.7176423072814941,0.39891931414604187,-0.08440163731575012,0.6565370559692383,0.43463122844696045,-0.08173368126153946,0.6237597465515137,0.45921218395233154,-0.06798114627599716,0.5994420647621155,0.4773227274417877,-0.05715913325548172,0.7107720375061035,0.3741358518600464,-0.05241120979189873,0.644944429397583,0.40805768966674805,-0.05179092660546303,0.6115176677703857,0.4386449456214905,-0.040956445038318634,0.5885813236236572,0.4625270664691925,-0.03483394533395767,0.7072089910507202,0.36335453391075134,-0.017447661608457565,0.6506085395812988,0.38155847787857056,-0.02120429463684559,0.6172640919685364,0.4080613851547241,-0.024086114019155502,0.5928891897201538,0.43050676584243774,-0.025931430980563164,0.7079707384109497,0.3592478930950165,0.01748928427696228,0.6620199680328369,0.37282219529151917,0.016056904569268227,0.6321688890457153,0.38772693276405334,0.013152942061424255,0.6113293170928955,0.4045700430870056,0.010385625995695591,paper
0.6989253163337708,0.8038982152938843,1.7308019550910103e-07,0.7059028148651123,0.8083367943763733,-0.0682184100151062,0.6908971667289734,0.7980832457542419,-0.10397583991289139,0.6636699438095093,0.793560266494751,-0.12803609669208527,0.6291175484657288,0.7927678227424622,-0.15120388567447662,0.6260603070259094,0.7450084686279297,-0.08376897126436234,0.5803749561309814,0.7214192152023315,-0.11726772040128708,0.545540452003479,0.7230924963951111,-0.14369502663612366,0.5124322175979614,0.7319148778915405,-0.1606605350971222,0.6065981388092041,0.7481050491333008,-0.06135081499814987,0.553713321685791,0.721714973449707,-0.09255988895893097,0.5171982049942017,0.725849986076355,-0.11829879134893417,0.4862411320209503,0.7357995510101318,-0.13574539124965668,0.5944539308547974,0.7567237019538879,-0.042764127254486084,0.5485852956771851,0.7342274188995361,-0.0667111948132515,0.5140612721443176,0.7366582155227661,-0.08801941573619843,0.48518696427345276,0.7444497346878052,-0.1020887941122055,0.5886680483818054,0.7689829468727112,-0.02911422960460186,0.5506830215454102,0.7544668912887573,-0.04620210826396942,0.5246363282203674,0.7541602253913879,-0.06012553349137306,0.5028254389762878,0.7583509087562561,-0.07064642757177353,paper
0.823306143283844,0.7097957730293274,4.0801788259159366e-07,0.8001171350479126,0.6662626266479492,-0.02733275108039379,0.7720285654067993,0.6272299885749817,-0.04810800030827522,0.7616466879844666,0.5842143297195435,-0.06596618890762329,0.7558420300483704,0.5459290742874146,-0.08664750307798386,0.7220847010612488,0.6784970760345459,-0.07122224569320679,0.6602410078048706,0.6605050563812256,-0.09667631983757019,0.6195333003997803,0.6536813974380493,-0.11276974529027939,0.5849981904029846,0.6464730501174927,-0.12671199440956116,0.730097770690918,0.715167224407196,-0.07761766761541367,0.6692051887512207,0.7423340082168579,-0.11054734885692596,0.6270842552185059,0.7595547437667847,-0.1365317851305008,0.5927019119262695,0.7753888964653015,-0.1569560468196869,0.7563352584838867,0.741607666015625,-0.08208654820919037,0.7205551862716675,0.7878021597862244,-0.12072790414094925,0.6911812424659729,0.8164581656455994,-0.14658291637897491,0.6668482422828674,0.8450587391853333,-0.1635337471961975,0.7880085706710815,0.7594747543334961,-0.08681294322013855,0.7917118072509766,0.801893949508667,-0.1201987937092781,0.7909688353538513,0.8332419991493225,-0.13503853976726532,0.7878767251968384,0.8640745878219604,-0.14502377808094025,paper
0.7145435214042664,0.2599012553691864,4.4262318965593295e-07,0.7995762825012207,0.29736319184303284,0.031106069684028625,0.8521488904953003,0.2917863726615906,0.05021287128329277,0.8940684199333191,0.2791251242160797,0.07139704376459122,0.9243694543838501,0.2527177035808563,0.09557648003101349,0.8754922151565552,0.21459420025348663,0.02158529870212078,0.9331482648849487,0.1866118609905243,0.04408332705497742,0.9651653170585632,0.1712721586227417,0.06734495609998703,0.9861710071563721,0.16247016191482544,0.08739987015724182,0.8473408222198486,0.1856839954853058,0.029516063630580902,0.901800811290741,0.14626839756965637,0.05285770818591118,0.9291870594024658,0.1318642795085907,0.0824497789144516,0.9460846185684204,0.1254643201828003,0.10727229714393616,0.8154850602149963,0.16598349809646606,0.04265369102358818,0.8595840930938721,0.12987178564071655,0.06772521138191223,0.8813973069190979,0.11753899604082108,0.09739605337381363,0.8943848013877869,0.11301127821207047,0.12146256119012833,0.7855069041252136,0.1523018479347229,0.05963293835520744,0.8090898990631104,0.11882677674293518,0.09007343649864197,0.8233487010002136,0.10761573165655136,0.11410930752754211,0.8365094661712646,0.10176379978656769,0.13397438824176788,paper
0.3375817835330963,0.6643789410591125,1.2005321536889824e-07,0.31808406114578247,0.6334690451622009,-0.006295562721788883,0.3056026101112366,0.5993119478225708,-0.007304164581000805,0.3021852374076843,0.571125864982605,-0.008571939542889595,0.296752393245697,0.5517947673797607,-0.008931026794016361,0.3164893388748169,0.5814404487609863,0.005425669718533754,0.3119944930076599,0.5481538772583008,0.0002527289907447994,0.3119688332080841,0.528449296951294,-0.005167301278561354,0.31325849890708923,0.511672854423523,-0.009125606156885624,0.33215388655662537,0.5834329128265381,0.0038381051272153854,0.33486872911453247,0.5498759746551514,-0.0002540833374951035,0.33838215470314026,0.5294186472892761,-0.005310142878443003,0.3421984612941742,0.5125622153282166,-0.008809786289930344,0.3475519120693207,0.5913374423980713,0.0002112377405865118,0.3556812107563019,0.5607606172561646,-0.004813317209482193,0.36155450344085693,0.5420311689376831,-0.008880853652954102,0.36637964844703674,0.5267853140830994,-0.011351405642926693,0.3628874123096466,0.6046717762947083,-0.004303269553929567,0.37388476729393005,0.585175633430481,-0.007935047149658203,0.3801668584346771,0.5703561305999756,-0.009490204975008965,0.38529837131500244,0.5570780038833618,-0.0103595657274127,paper
0.7191653847694397,0.24323922395706177,3.5157827937837283e-07,0.7024831771850586,0.17351973056793213,-0.03202471509575844,0.658828616142273,0.12168726325035095,-0.038018178194761276,0.6126180291175842,0.09378418326377869,-0.04057896137237549,0.5750910043716431,0.07296760380268097,-0.04369202256202698,0.5768191814422607,0.15588371455669403,-0.017146239057183266,0.5120429992675781,0.12835164368152618,-0.027192067354917526,0.4714435338973999,0.11266405135393143,-0.03949115797877312,0.4334010183811188,0.09964783489704132,-0.05144399777054787,0.5671916007995605,0.19110581278800964,-0.01418979000300169,0.496905654668808,0.18208329379558563,-0.027840912342071533,0.452422171831131,0.17697137594223022,-0.04739410802721977,0.4176293611526489,0.175584077835083,-0.06345020979642868,0.5723674297332764,0.22697582840919495,-0.015076152049005032,0.5051850080490112,0.22742988169193268,-0.03444069251418114,0.4610820710659027,0.22828170657157898,-0.05606606975197792,0.42427659034729004,0.23018956184387207,-0.07129621505737305,0.5872921943664551,0.26249271631240845,-0.018501129001379013,0.5328779816627502,0.27548325061798096,-0.041342105716466904,0.49594080448150635,0.284320592880249,-0.05811497941613197,0.4624868631362915,0.28764474391937256,-0.06941767036914825,paper
0.30732667446136475,0.40377384424209595,4.5838712026124995e-07,0.3267272710800171,0.4806530773639679,-0.032500751316547394,0.3698216676712036,0.5363603830337524,-0.029992152005434036,0.42321014404296875,0.5661723613739014,-0.023233823478221893,0.4681147336959839,0.577736496925354,-0.016266033053398132,0.4063180387020111,0.5217873454093933,0.025045059621334076,0.4644457697868347,0.5518423914909363,0.032924309372901917,0.5077402591705322,0.5641151666641235,0.027312694117426872,0.5444471836090088,0.5754556059837341,0.018140330910682678,0.42096906900405884,0.4886707663536072,0.03687824681401253,0.48380357027053833,0.5115296840667725,0.04668096452951431,0.5305046439170837,0.5233940482139587,0.027260009199380875,0.5657194256782532,0.5286365151405334,0.009102881886065006,0.42351844906806946,0.4504993259906769,0.04364272207021713,0.48078078031539917,0.468490332365036,0.04541211202740669,0.5212922096252441,0.4737420380115509,0.023468349128961563,0.5533801913261414,0.4811164438724518,0.00539877125993371,0.4169233441352844,0.40911078453063965,0.047172050923109055,0.4588133692741394,0.41286784410476685,0.04302035644650459,0.4884260296821594,0.40984416007995605,0.03199198096990585,0.5118792653083801,0.4133988916873932,0.022341880947351456,paper
0.5344778299331665,0.7961133718490601,2.4053585434558045e-07,0.5651079416275024,0.8472676873207092,-0.013284445740282536,0.612459123134613,0.8722615838050842,-0.01636097952723503,0.6568907499313354,0.8805111646652222,-0.016748763620853424,0.6900740265846252,0.8877790570259094,-0.0178468469530344,0.6539455056190491,0.8244328498840332,-0.01839890517294407,0.7146539092063904,0.8241890072822571,-0.02458893693983555,0.7495901584625244,0.8247464895248413,-0.029433831572532654,0.7769689559936523,0.8242073655128479,-0.03388455882668495,0.6507817506790161,0.7947303056716919,-0.01702934503555298,0.7113518118858337,0.7892584204673767,-0.02444671280682087,0.7497894763946533,0.7864341139793396,-0.03321635723114014,0.7776494026184082,0.7841946482658386,-0.040572721511125565,0.6368033289909363,0.7707768678665161,-0.0159713514149189,0.6918144822120667,0.7615599036216736,-0.025226924568414688,0.726439893245697,0.7563217282295227,-0.03653440997004509,0.7533195614814758,0.7532404661178589,-0.044764839112758636,0.6167296767234802,0.7534406185150146,-0.015166042372584343,0.6545200943946838,0.7341131567955017,-0.026273950934410095,0.679362416267395,0.7227981090545654,-0.034738849848508835,0.700616180896759,0.7166895866394043,-0.040178101509809494,paper
0.5166380405426025,0.5147706270217896,4.2927132426484604e-07,0.4919659197330475,0.5050092935562134,-0.11377041786909103,0.45402857661247253,0.4602842926979065,-0.1595807671546936,0.41740354895591736,0.41286689043045044,-0.18252071738243103,0.361959308385849,0.36582550406455994,-0.2038038969039917,0.4102320671081543,0.36300069093704224,-0.10622169077396393,0.33996695280075073,0.3003155291080475,-0.13266433775424957,0.28215157985687256,0.27261534333229065,-0.15750309824943542,0.23007583618164062,0.2590157985687256,-0.1745283454656601,0.3938937187194824,0.37068453431129456,-0.05461909994482994,0.31857195496559143,0.3033389449119568,-0.07520526647567749,0.25402235984802246,0.27853477001190186,-0.10352252423763275,0.20273251831531525,0.26791712641716003,-0.12649238109588623,0.3818492889404297,0.3861486315727234,-0.010531560517847538,0.320608526468277,0.3337412476539612,-0.025815941393375397,0.26183468103408813,0.30795174837112427,-0.05992620065808296,0.213144451379776,0.293209969997406,-0.08749234676361084,0.37501463294029236,0.4052714705467224,0.025112858042120934,0.3271166682243347,0.3709392547607422,0.011938194744288921,0.2878168821334839,0.3517582416534424,-0.012232959270477295,0.2543754577636719,0.33653685450553894,-0.03425233066082001,paper
0.5607449412345886,0.7154849767684937,1.0817900886195275e-07,0.5477074980735779,0.6812129020690918,-0.009320736862719059,0.520673394203186,0.6580126285552979,-0.010796457529067993,0.49559909105300903,0.6474792957305908,-0.012142054736614227,0.4780190587043762,0.6358056664466858,-0.013723839074373245,0.48050910234451294,0.6742457151412964,-0.003751973621547222,0.4477141499519348,0.6638677716255188,-0.0106018902733922,0.42801034450531006,0.6572291254997253,-0.01747262477874756,0.4107435941696167,0.6521791219711304,-0.02296355366706848,0.47438693046569824,0.691428542137146,-0.0056752488017082214,0.43809694051742554,0.6836265325546265,-0.011449788697063923,0.41500046849250793,0.678464949131012,-0.018678372725844383,0.3954126834869385,0.6748908758163452,-0.02459336444735527,0.47515183687210083,0.7089670896530151,-0.009347643703222275,0.4401719570159912,0.7036420702934265,-0.0160340778529644,0.4185240864753723,0.6989110112190247,-0.022851016372442245,0.4000522494316101,0.6944403648376465,-0.027943598106503487,0.48223310708999634,0.7273951768875122,-0.014093183912336826,0.45365703105926514,0.729817807674408,-0.021627213805913925,0.43556249141693115,0.7297058701515198,-0.026241162791848183,0.41896843910217285,0.728486180305481,-0.029384499415755272,paper
0.5975531339645386,0.36571216583251953,4.21452057253191e-07,0.6672264933586121,0.3645697832107544,-0.014623437076807022,0.7131687998771667,0.3322434723377228,-0.017969617620110512,0.7476692199707031,0.2965574860572815,-0.015687691047787666,0.7777053117752075,0.2679532468318939,-0.013096112757921219,0.6933500170707703,0.2716292440891266,-0.027528366073966026,0.7344368100166321,0.21792460978031158,-0.02793055586516857,0.7609629034996033,0.18502429127693176,-0.02531806379556656,0.7819493412971497,0.16104242205619812,-0.02354239672422409,0.664980411529541,0.2589409649372101,-0.016347447410225868,0.6989495158195496,0.20149707794189453,-0.019397487863898277,0.7252758145332336,0.16704623401165009,-0.019162341952323914,0.7439548373222351,0.14307837188243866,-0.018718412145972252,0.6368987560272217,0.26108288764953613,-0.003601975040510297,0.6653635501861572,0.2094891369342804,-0.003908410668373108,0.6867971420288086,0.17905057966709137,-0.004101076163351536,0.7046819925308228,0.15709234774112701,-0.0038780025206506252,0.6120976209640503,0.26948752999305725,0.008947252295911312,0.6225773096084595,0.2283288687467575,0.008510888554155827,0.6333070397377014,0.20316725969314575,0.007557148113846779,0.6469064950942993,0.18419206142425537,0.007870902307331562,paper
0.2613174021244049,0.9312793612480164,2.5720683538565936e-07,0.23349417746067047,0.852954089641571,-0.03729242831468582,0.2503252327442169,0.7749245762825012,-0.04926920682191849,0.2828160226345062,0.7213343381881714,-0.0574934259057045,0.3055531680583954,0.6748007535934448,-0.06461625546216965,0.3395179808139801,0.7511835098266602,-0.015685420483350754,0.3875950574874878,0.6843964457511902,-0.030437638983130455,0.418996125459671,0.644870400428772,-0.046239420771598816,0.44668734073638916,0.6122169494628906,-0.05897906795144081,0.3729023039340973,0.7756108641624451,-0.011332022026181221,0.42832237482070923,0.7143939733505249,-0.02294468879699707,0.4665257930755615,0.6742774844169617,-0.03983917087316513,0.49543318152427673,0.6426376700401306,-0.053985923528671265,0.39161404967308044,0.8072718381881714,-0.013215781189501286,0.44656774401664734,0.7590629458427429,-0.026188811287283897,0.4799365997314453,0.7262371182441711,-0.04527809098362923,0.5068797469139099,0.6992668509483337,-0.05997485667467117,0.40451422333717346,0.8485401272773743,-0.019180309027433395,0.4552033841609955,0.816131591796875,-0.032593946903944016,0.48583078384399414,0.7918426394462585,-0.04606713727116585,0.5146368145942688,0.7697523832321167,-0.05695557966828346,paper
0.28938913345336914,0.8624240756034851,9.020399716064276e-08,0.2791385054588318,0.79987633228302,-0.008158494718372822,0.3055681586265564,0.7526621222496033,-0.011214803904294968,0.34404295682907104,0.717634379863739,-0.011943481862545013,0.3698343336582184,0.6894425749778748,-0.01266368106007576,0.3699798583984375,0.7482554316520691,-0.013345508836209774,0.4248959720134735,0.7056888341903687,-0.01821441762149334,0.4559478163719177,0.6815547347068787,-0.02013503760099411,0.4815690517425537,0.6644148826599121,-0.021511536091566086,0.391232430934906,0.7769507169723511,-0.011544490233063698,0.4503574073314667,0.7369851469993591,-0.016522884368896484,0.48599478602409363,0.7150159478187561,-0.019507871940732002,0.5142772793769836,0.6994508504867554,-0.02159135974943638,0.39970895648002625,0.8072159290313721,-0.010183818638324738,0.4575411379337311,0.7761465311050415,-0.017710505053400993,0.49365681409835815,0.7579140663146973,-0.0248822420835495,0.5210152864456177,0.7437611222267151,-0.028716161847114563,0.4020366072654724,0.8395048379898071,-0.008489834144711494,0.4540102779865265,0.8220908045768738,-0.014739930629730225,0.48520028591156006,0.8104251623153687,-0.018975403159856796,0.5105794072151184,0.8000384569168091,-0.0211498960852623,paper
0.7201526761054993,0.4226716458797455,1.4631143585575046e-06,0.6302441358566284,0.32651129364967346,-0.04459163174033165,0.4976201057434082,0.29391682147979736,-0.10186626017093658,0.40061378479003906,0.3184759318828583,-0.14378730952739716,0.3728911876678467,0.37726423144340515,-0.18557213246822357,0.6015015840530396,0.309978723526001,-0.23223039507865906,0.45841720700263977,0.25809934735298157,-0.3091476559638977,0.3624861240386963,0.22181165218353271,-0.3494810461997986,0.27576500177383423,0.18928292393684387,-0.37527480721473694,0.6334593296051025,0.4033668637275696,-0.23238226771354675,0.42819368839263916,0.4292283058166504,-0.30223381519317627,0.2885545790195465,0.44366103410720825,-0.32252442836761475,0.18817946314811707,0.4610290825366974,-0.34648096561431885,0.6411458253860474,0.499785453081131,-0.22039642930030823,0.4141494929790497,0.5004267692565918,-0.2608514428138733,0.4261166751384735,0.45072141289711,-0.21962247788906097,0.47983109951019287,0.4243936836719513,-0.1906183809041977,0.6271346211433411,0.572133481502533,-0.21084198355674744,0.4426197111606598,0.5593085289001465,-0.22787630558013916,0.450121134519577,0.5116885304450989,-0.19344007968902588,0.49547258019447327,0.48841118812561035,-0.16961155831813812,scissors
0.7016403675079346,0.5061314702033997,1.5992775104223256e-07,0.6670472621917725,0.5176489353179932,0.00518513610586524,0.634471595287323,0.5060265064239502,0.001965979114174843,0.6177175641059875,0.486507385969162,-0.0033837014343589544,0.6119256615638733,0.4673648178577423,-0.007895304821431637,0.6106885075569153,0.5119064450263977,-0.010320847854018211,0.564067542552948,0.5049113631248474,-0.02121163345873356,0.5382540225982666,0.5058367252349854,-0.026299817487597466,0.5165691375732422,0.5090703368186951,-0.028168844059109688,0.6154397130012512,0.4982195198535919,-0.0183047354221344,0.5717779994010925,0.4721384346485138,-0.024770542979240417,0.5468521118164062,0.45872265100479126,-0.02673165500164032,0.5249201655387878,0.44986504316329956,-0.027794552966952324,0.6262393593788147,0.4841387867927551,-0.025287095457315445,0.6131195425987244,0.45161035656929016,-0.029041636735200882,0.6280804872512817,0.4551906883716583,-0.023369327187538147,0.6374519467353821,0.462881475687027,-0.017957229167222977,0.6399059295654297,0.4705492854118347,-0.03238428384065628,0.636110782623291,0.44822999835014343,-0.030421419069170952,0.6474156975746155,0.45284757018089294,-0.022204602137207985,0.6539783477783203,0.4603491425514221,-0.015435855835676193,scissors
0.6066742539405823,0.19329410791397095,8.532597206567516e-08,0.6172682046890259,0.25131502747535706,-0.08456530421972275,0.5962778925895691,0.29459747672080994,-0.12845270335674286,0.5676836967468262,0.3275279402732849,-0.1460258811712265,0.5247175693511963,0.34530410170555115,-0.15903808176517487,0.5455728769302368,0.2333458513021469,-0.1792362630367279,0.5096150636672974,0.2681150436401367,-0.22270157933235168,0.49865755438804626,0.28733041882514954,-0.24133780598640442,0.49116215109825134,0.2974371314048767,-0.25128933787345886,0.5222089886665344,0.22056075930595398,-0.13770341873168945,0.4728645086288452,0.2832929491996765,-0.17045211791992188,0.4534050226211548,0.3337786793708801,-0.17219075560569763,0.44234269857406616,0.36672472953796387,-0.1759040355682373,0.5072780847549438,0.22125329077243805,-0.09441951662302017,0.46764466166496277,0.28745052218437195,-0.11416534334421158,0.4769905209541321,0.3256811201572418,-0.10284580290317535,0.48100829124450684,0.3441762626171112,-0.09689885377883911,0.5032809376716614,0.22612079977989197,-0.05661061406135559,0.4888589084148407,0.27635613083839417,-0.06973560899496078,0.4929318130016327,0.30205461382865906,-0.06545837223529816,0.49612700939178467,0.3151259422302246,-0.062673419713974,scissors
0.24163749814033508,0.4984433352947235,-2.663361797772268e-08,0.26927614212036133,0.4792857766151428,-0.015164214186370373,0.3040018081665039,0.4736977517604828,-0.02248230203986168,0.32521674036979675,0.4953068494796753,-0.03014981374144554,0.3358158767223358,0.5199220776557922,-0.036907535046339035,0.338375061750412,0.48981860280036926,-0.009271630086004734,0.38151806592941284,0.4819994568824768,-0.021431665867567062,0.4068174362182617,0.47635984420776367,-0.03007783554494381,0.42714065313339233,0.4751494526863098,-0.03609662503004074,0.3355065882205963,0.5100896954536438,-0.01066132914274931,0.3848045766353607,0.5175895094871521,-0.02247490920126438,0.411740779876709,0.5191739797592163,-0.02957451343536377,0.4310186505317688,0.522407054901123,-0.03386031836271286,0.32354027032852173,0.5261074900627136,-0.014297773130238056,0.35490524768829346,0.5331138372421265,-0.03264273703098297,0.33813512325286865,0.5199792385101318,-0.03488001972436905,0.3210044503211975,0.5117121338844299,-0.03206886351108551,0.30641940236091614,0.5394376516342163,-0.01927933469414711,0.3282858431339264,0.5372368693351746,-0.03383669629693031,0.31893211603164673,0.5265865921974182,-0.03356342017650604,0.30635982751846313,0.5201430916786194,-0.030592920258641243,scissors
0.880073606967926,0.48986154794692993,1.3672020315880218e-07,0.8328700661659241,0.5387804508209229,-0.011520927771925926,0.7925029397010803,0.5586065649986267,0.0037241277750581503,0.7607102990150452,0.5375069975852966,0.019500471651554108,0.7492605447769165,0.5147618651390076,0.03814762458205223,0.7899641990661621,0.586798906326294,0.03774948790669441,0.7514070272445679,0.6206369400024414,0.04259412735700607,0.7251151204109192,0.6401182413101196,0.04048183560371399,0.7032760381698608,0.6553055644035339,0.03879046067595482,0.777245819568634,0.555294930934906,0.043562259525060654,0.7254979014396667,0.5695090889930725,0.049391187727451324,0.6886087656021118,0.5789783000946045,0.04069910943508148,0.6624654531478882,0.5858951807022095,0.03476102650165558,0.774803876876831,0.5210101008415222,0.04400743544101715,0.7342240810394287,0.5232293605804443,0.033101849257946014,0.7393484711647034,0.5258221626281738,0.011655054055154324,0.752485454082489,0.5287984013557434,0.0027740169316530228,0.7746372818946838,0.4867660403251648,0.043901361525058746,0.747399628162384,0.4887830317020416,0.030498648062348366,0.7494311332702637,0.4939286708831787,0.017254015430808067,0.7624593377113342,0.50093013048172,0.011430477723479271,scissors
0.7634326219558716,0.7760930061340332,1.842969510335024e-07,0.6825265884399414,0.7469682097434998,0.026180842891335487,0.6428104043006897,0.6878544688224792,0.026081396266818047,0.6346630454063416,0.6248102784156799,0.02235541306436062,0.63691246509552,0.581506073474884,0.02053038962185383,0.6060043573379517,0.6664093136787415,-0.028694259002804756,0.5398896336555481,0.5766928791999817,-0.05334148928523064,0.49580419063568115,0.5352159738540649,-0.06701869517564774,0.4578924775123596,0.5072801113128662,-0.07210977375507355,0.6435099840164185,0.6526861786842346,-0.04754110425710678,0.5935027003288269,0.5353208184242249,-0.06354878097772598,0.5673830509185791,0.4698742628097534,-0.06792344152927399,0.5437337160110474,0.42178672552108765,-0.07089681178331375,0.6904858946800232,0.6391643285751343,-0.06055650860071182,0.6825269460678101,0.531520664691925,-0.06535801291465759,0.692142128944397,0.5469121336936951,-0.04788745567202568,0.6952173113822937,0.5732998251914978,-0.0332024060189724,0.7388355135917664,0.6303829550743103,-0.07156277447938919,0.7311139702796936,0.5535311102867126,-0.0627656877040863,0.7332874536514282,0.5680244565010071,-0.03792314976453781,0.7317112684249878,0.5915432572364807,-0.017550116404891014,scissors
0.9185636639595032,0.38632577657699585,4.40430170556283e-07,0.8340756893157959,0.4307057559490204,-0.009820356965065002,0.770569920539856,0.44299665093421936,-0.03339860960841179,0.7300999164581299,0.4537854790687561,-0.0665188655257225,0.6922351121902466,0.46408939361572266,-0.09970701485872269,0.6934874653816223,0.34851977229118347,-0.020505070686340332,0.6007612943649292,0.337017685174942,-0.06122821569442749,0.5398696064949036,0.32548508048057556,-0.0905982032418251,0.4933919906616211,0.31057846546173096,-0.11147391051054001,0.7191049456596375,0.312840074300766,-0.047712139785289764,0.6128048300743103,0.3213825225830078,-0.10172019898891449,0.5439015030860901,0.3167540729045868,-0.13912494480609894,0.49544069170951843,0.30402833223342896,-0.16017241775989532,0.7581917643547058,0.2962151765823364,-0.07627516239881516,0.6827422976493835,0.3627472519874573,-0.12983398139476776,0.7066133618354797,0.4261389970779419,-0.13127875328063965,0.733941912651062,0.4629485607147217,-0.11987464129924774,0.799913763999939,0.2982272505760193,-0.1071978434920311,0.7529696822166443,0.37293916940689087,-0.1407632827758789,0.7622774243354797,0.4222644567489624,-0.13522526621818542,0.7782919406890869,0.4522955119609833,-0.12339135259389877,scissors
0.26308923959732056,0.5461340546607971,2.8767078674718505e-07,0.27048978209495544,0.49786844849586487,-0.02820601500570774,0.2885771691799164,0.45098334550857544,-0.03070877306163311,0.3293532431125641,0.4344671368598938,-0.030204998329281807,0.36182114481925964,0.4257863759994507,-0.02750791423022747,0.29454517364501953,0.40065062046051025,-0.0004907207912765443,0.3111896812915802,0.34145331382751465,-0.008349969051778316,0.3239138424396515,0.3059610426425934,-0.016855696216225624,0.33486250042915344,0.27666735649108887,-0.022793028503656387,0.3194889426231384,0.41856619715690613,0.007781544700264931,0.35425636172294617,0.36523622274398804,0.0004187119484413415,0.38070735335350037,0.33647269010543823,-0.011274092830717564,0.4035889804363251,0.3130098581314087,-0.0186818428337574,0.333137571811676,0.4442530572414398,0.01133800856769085,0.3640431761741638,0.41808831691741943,-0.010402400977909565,0.36620962619781494,0.43669384717941284,-0.02804427221417427,0.36263397336006165,0.4536465108394623,-0.03327449783682823,0.3389236032962799,0.469602108001709,0.013386763632297516,0.3624371886253357,0.44930610060691833,-0.007959329523146152,0.3654727041721344,0.45771661400794983,-0.018873043358325958,0.36264336109161377,0.4682484567165375,-0.022078141570091248,scissors
0.7312083840370178,0.8114904761314392,5.470373594107514e-07,0.7165825366973877,0.7188620567321777,0.07774920016527176,0.6964192390441895,0.6618451476097107,0.08186878263950348,0.6952124238014221,0.6042481660842896,0.06264416873455048,0.68800950050354,0.571079432964325,0.04328931123018265,0.5759125351905823,0.6785210371017456,0.026914292946457863,0.5102154016494751,0.6057508587837219,0.006684816442430019,0.4637007713317871,0.5638811588287354,-0.009600869379937649,0.41956162452697754,0.5325307846069336,-0.023441020399332047,0.5801433324813843,0.6967438459396362,-0.03717973828315735,0.5234529972076416,0.593603253364563,-0.07481931895017624,0.4955005347728729,0.5249968767166138,-0.0956982672214508,0.464587926864624,0.48423415422439575,-0.1089206412434578,0.6097615957260132,0.7096903324127197,-0.09263217449188232,0.6028619408607483,0.5852141380310059,-0.10981222987174988,0.6602492928504944,0.5737889409065247,-0.08370116353034973,0.684830904006958,0.5887743830680847,-0.06306405365467072,0.6555931568145752,0.7035632133483887,-0.1436351090669632,0.670224666595459,0.6064349412918091,-0.137836292386055,0.7034120559692383,0.60422283411026,-0.1041160374879837,0.7164826393127441,0.6219491362571716,-0.07965279370546341,scissors
0.4218353033065796,0.6607035398483276,5.087018735139281e-07,0.43950551748275757,0.5929477214813232,-0.05549739673733711,0.49189236760139465,0.5695402026176453,-0.06852265447378159,0.5341217517852783,0.6040709614753723,-0.07797323912382126,0.5735282897949219,0.6391637325286865,-0.08386193215847015,0.5727705359458923,0.5444900989532471,-0.0038546756841242313,0.6281284689903259,0.496163010597229,-0.021854395046830177,0.6703324913978577,0.4681411683559418,-0.03384397551417351,0.7018083333969116,0.4487859308719635,-0.04273221269249916,0.5834943652153015,0.5882675051689148,0.002145034959539771,0.6653080582618713,0.5653374791145325,-0.018374910578131676,0.7165700793266296,0.5513131022453308,-0.03331240266561508,0.7615139484405518,0.5401442050933838,-0.040104940533638,0.5758399963378906,0.6286736130714417,-0.0036506247706711292,0.6278892159461975,0.6207439303398132,-0.05941988527774811,0.5790262818336487,0.6220672130584717,-0.0868372991681099,0.5439589023590088,0.6253830194473267,-0.09019401669502258,0.5666862726211548,0.6657640933990479,-0.013478356413543224,0.5821164846420288,0.6527994275093079,-0.0779576376080513,0.5450214147567749,0.6495445370674133,-0.1092083677649498,0.5192301273345947,0.6503480672836304,-0.12052234262228012,scissors
0.8091785311698914,0.6461267471313477,7.002146844570234e-07,0.7255171537399292,0.62558913230896,0.05329873785376549,0.6817349195480347,0.6282127499580383,0.048827677965164185,0.6467736959457397,0.6199315190315247,0.025922318920493126,0.6173652410507202,0.6224074363708496,0.003388880053535104,0.6720707416534424,0.7250033020973206,0.0159909725189209,0.6035423874855042,0.7461311221122742,-0.004084553569555283,0.5564510226249695,0.741910457611084,-0.010927766561508179,0.5235949754714966,0.729027271270752,-0.014067664742469788,0.6894444823265076,0.725852906703949,-0.03417611122131348,0.6058646440505981,0.7588508725166321,-0.07557673752307892,0.5575470924377441,0.7391404509544373,-0.08173863589763641,0.5287325382232666,0.7145954966545105,-0.07834931463003159,0.7059232592582703,0.7090275287628174,-0.08024193346500397,0.6198986768722534,0.6858967542648315,-0.1093960553407669,0.6164811253547668,0.6410370469093323,-0.08298200368881226,0.6322095990180969,0.6193801164627075,-0.05640137195587158,0.7157556414604187,0.6783835291862488,-0.1235739067196846,0.647506594657898,0.6504526734352112,-0.13074100017547607,0.6439923644065857,0.618608832359314,-0.1047336533665657,0.6553653478622437,0.6024971008300781,-0.08160998672246933,scissors
0.5001220703125,0.6518604159355164,5.88195405271108e-07,0.6257421970367432,0.670520544052124,-0.0319516621530056,0.7036702632904053,0.6123352646827698,-0.03734412416815758,0.7222501039505005,0.5303816199302673,-0.014269810169935226,0.7180741429328918,0.4637157917022705,0.019549064338207245,0.7011122107505798,0.49719083309173584,-0.14968833327293396,0.7927560806274414,0.4055483639240265,-0.17121651768684387,0.855430543422699,0.3465055823326111,-0.19042739272117615,0.9026328921318054,0.2989594042301178,-0.2030758559703827,0.6528031826019287,0.4733316898345947,-0.09138181060552597,0.7217206954956055,0.35211852192878723,-0.09284557402133942,0.7673749923706055,0.2729547619819641,-0.0894516333937645,0.7979300618171692,0.21305501461029053,-0.09784753620624542,0.6151005625724792,0.46688005328178406,-0.01958242803812027,0.6978440284729004,0.4286515712738037,0.03398975357413292,0.6990737318992615,0.4758194088935852,0.07358509302139282,0.6959847807884216,0.511267900466919,0.08633407205343246,0.5949330925941467,0.4682921767234802,0.04907958582043648,0.6603212356567383,0.46109098196029663,0.10434100031852722,0.6667448282241821,0.5073994994163513,0.1324283629655838,0.6592398285865784,0.5435752272605896,0.1449231058359146,scissors
0.3333016633987427,0.4050387144088745,5.972805183773744e-07,0.3357861340045929,0.37125131487846375,-0.13993579149246216,0.37655383348464966,0.3818616271018982,-0.20322392880916595,0.41254696249961853,0.4284539520740509,-0.24342462420463562,0.4554949402809143,0.49421536922454834,-0.27816739678382874,0.5164793729782104,0.36921191215515137,-0.17248748242855072,0.60877525806427,0.35140806436538696,-0.24225367605686188,0.6685469150543213,0.3399430513381958,-0.2856502830982208,0.7212789058685303,0.3384700417518616,-0.31453126668930054,0.5165996551513672,0.41787028312683105,-0.13647599518299103,0.6162360906600952,0.4522339701652527,-0.20274902880191803,0.6739426851272583,0.4818553030490875,-0.24463202059268951,0.7235425114631653,0.5052546262741089,-0.27405545115470886,0.49703291058540344,0.4655340015888214,-0.11137368530035019,0.5352253317832947,0.519172728061676,-0.2026968151330948,0.46694645285606384,0.5165658593177795,-0.24361033737659454,0.41789186000823975,0.5063730478286743,-0.25731971859931946,0.4709412753582001,0.5106894969940186,-0.09481581300497055,0.4856501817703247,0.5467859506607056,-0.17658104002475739,0.4326265752315521,0.5415858030319214,-0.20893563330173492,0.3916698694229126,0.5229595899581909,-0.2229183167219162,scissors
0.5622074007987976,0.3797507882118225,5.739208290833631e-07,0.5812181234359741,0.3383718729019165,-0.10884708911180496,0.6281594634056091,0.31922757625579834,-0.19593589007854462,0.6617521047592163,0.30942222476005554,-0.2662637531757355,0.7092956900596619,0.3087632656097412,-0.3386051058769226,0.6739501357078552,0.4150860011577606,-0.23462629318237305,0.7114684581756592,0.4515538811683655,-0.3474384844303131,0.7384408116340637,0.47527816891670227,-0.4215605556964874,0.7573811411857605,0.4870840907096863,-0.46924924850463867,0.6446399092674255,0.4572465717792511,-0.22620677947998047,0.6210620999336243,0.4951937198638916,-0.35513073205947876,0.5668814778327942,0.47393864393234253,-0.41151103377342224,0.5320300459861755,0.44992250204086304,-0.43891796469688416,0.6008079648017883,0.48032572865486145,-0.22042979300022125,0.5430399179458618,0.4737115502357483,-0.32896342873573303,0.5049790143966675,0.42120736837387085,-0.35265085101127625,0.4976476728916168,0.38043200969696045,-0.35567593574523926,0.5549615025520325,0.48808369040489197,-0.22151269018650055,0.5200570821762085,0.4702286422252655,-0.3017013967037201,0.5056530237197876,0.4226924479007721,-0.321569561958313,0.510152280330658,0.3894435167312622,-0.3280843198299408,scissors
0.7275786399841309,0.8192833662033081,1.329321094090119e-06,0.7301587462425232,0.8073405027389526,-0.1259283572435379,0.6701609492301941,0.7852506637573242,-0.18156594038009644,0.5769439935684204,0.7845631241798401,-0.21834519505500793,0.4851742684841156,0.7784078121185303,-0.2523633539676666,0.6222909688949585,0.6384141445159912,-0.11649481952190399,0.5668331980705261,0.5426722168922424,-0.15915362536907196,0.5297345519065857,0.4817739725112915,-0.18492282927036285,0.49911075830459595,0.4287223815917969,-0.2009066641330719,0.5809246301651001,0.6784125566482544,-0.07668676972389221,0.48550501465797424,0.6190294027328491,-0.1315825879573822,0.41476869583129883,0.5797168612480164,-0.16873790323734283,0.361675500869751,0.5436761379241943,-0.18667222559452057,0.5609890222549438,0.7349247932434082,-0.04640144854784012,0.5025806427001953,0.7487494945526123,-0.1279921978712082,0.524347722530365,0.8037583827972412,-0.16205507516860962,0.5493228435516357,0.8373762965202332,-0.1624513864517212,0.5549967885017395,0.7868191003799438,-0.02321024425327778,0.508528470993042,0.8043187260627747,-0.09436862915754318,0.5252578258514404,0.844133198261261,-0.11712784320116043,0.5470049381256104,0.8725306987762451,-0.11802580952644348,scissors
0.5751722455024719,0.47249698638916016,-2.414349751234113e-07,0.4876461327075958,0.420512855052948,0.05817078426480293,0.45490026473999023,0.3485257625579834,0.09456628561019897,0.46221718192100525,0.29504549503326416,0.12080327421426773,0.4812421202659607,0.2706260085105896,0.14256630837917328,0.4298854172229767,0.2668917775154114,0.07654453814029694,0.3735133111476898,0.19127589464187622,0.1114487498998642,0.3359420895576477,0.14521116018295288,0.12843148410320282,0.31640881299972534,0.10849767923355103,0.13840170204639435,0.48273468017578125,0.2436019331216812,0.06190621852874756,0.45598262548446655,0.194814532995224,0.1127057671546936,0.44892260432243347,0.1617518663406372,0.12582412362098694,0.4488864541053772,0.13606542348861694,0.1284535527229309,0.5313002467155457,0.24853432178497314,0.052149698138237,0.5170082449913025,0.24629397690296173,0.10078044980764389,0.5163339972496033,0.27570435404777527,0.09877528250217438,0.5245357155799866,0.3017790615558624,0.0891566202044487,0.5753442645072937,0.26350435614585876,0.046847619116306305,0.5569248795509338,0.27144718170166016,0.08858032524585724,0.5533513426780701,0.294658362865448,0.0990481749176979,0.5546891689300537,0.31881484389305115,0.10263043642044067,scissors
0.25548499822616577,0.7362550497055054,6.536380396937602e-07,0.26418495178222656,0.6598668694496155,-0.05783507227897644,0.32565391063690186,0.6064663529396057,-0.07756875455379486,0.4142840802669525,0.6309310793876648,-0.0921858623623848,0.4756135046482086,0.6665645837783813,-0.10240292549133301,0.431301087141037,0.5421016812324524,-0.035231348127126694,0.5135159492492676,0.4525510370731354,-0.07260452955961227,0.5643855333328247,0.39830076694488525,-0.09650163352489471,0.6059638261795044,0.35324516892433167,-0.10962829738855362,0.4613224267959595,0.5979720950126648,-0.028836602345108986,0.5793196558952332,0.5535638928413391,-0.062301985919475555,0.653073251247406,0.524772047996521,-0.07864031195640564,0.7152373194694519,0.5002162456512451,-0.0822470486164093,0.45690250396728516,0.6559281945228577,-0.030600761994719505,0.5019081830978394,0.6542999744415283,-0.0897211953997612,0.43260619044303894,0.6640917658805847,-0.09460834413766861,0.3850475251674652,0.673115611076355,-0.07680772989988327,0.43285128474235535,0.7080245614051819,-0.03649395331740379,0.4606587588787079,0.6991532444953918,-0.08852825313806534,0.40818631649017334,0.6973873972892761,-0.08636684715747833,0.3690145015716553,0.6985502243041992,-0.06929586082696915,scissors
0.7939703464508057,0.609546959400177,-1.2218784206652344e-07,0.7302314639091492,0.6195565462112427,0.08380787074565887,0.6811277866363525,0.6159380078315735,0.10828669369220734,0.6413326263427734,0.6008350253105164,0.11567100137472153,0.6131598949432373,0.586758017539978,0.12371057271957397,0.6383959650993347,0.640918493270874,0.041495297104120255,0.5609063506126404,0.648023247718811,0.03881461173295975,0.5225772261619568,0.6639741063117981,0.03740213066339493,0.4930001497268677,0.6798423528671265,0.037305817008018494,0.6449517607688904,0.624153733253479,-0.0016192381735891104,0.5557576417922974,0.6066895127296448,-0.008290078490972519,0.5049630403518677,0.5954566597938538,-0.009046454913914204,0.46997514367103577,0.5946735739707947,-0.009895529597997665,0.6554062366485596,0.5999731421470642,-0.035506077110767365,0.5902511477470398,0.5486457943916321,-0.02348869852721691,0.6148386597633362,0.5252519845962524,0.006835766136646271,0.6386942863464355,0.5187661051750183,0.026698429137468338,0.6669928431510925,0.5679958462715149,-0.0638183057308197,0.6218786239624023,0.5283356308937073,-0.04127010703086853,0.6415809988975525,0.5170634388923645,-0.0100149717181921,0.6639626622200012,0.5165507793426514,0.013267867267131805,scissors
0.23699042201042175,0.5173088908195496,1.3820651645346516e-07,0.279165655374527,0.4633815288543701,-0.032023414969444275,0.3557185232639313,0.4584384560585022,-0.026976468041539192,0.402938574552536,0.5099576711654663,-0.018365971744060516,0.4192074239253998,0.5500200390815735,-0.007906370796263218,0.4176294207572937,0.44405877590179443,0.008229038678109646,0.49427828192710876,0.4159260094165802,0.0037332435604184866,0.5385714769363403,0.3964390158653259,-0.0027631158009171486,0.5739132761955261,0.3833655118942261,-0.00865336786955595,0.420883446931839,0.4880126118659973,0.016899127513170242,0.5087791085243225,0.48066580295562744,0.014059176668524742,0.5608001351356506,0.4782838225364685,0.006535169668495655,0.5985167622566223,0.4783855080604553,0.0012173770228400826,0.4040788412094116,0.5255528688430786,0.019092457368969917,0.46871691942214966,0.5436047315597534,-0.006040763575583696,0.4557732939720154,0.5362111926078796,-0.022951873019337654,0.43876439332962036,0.5303092002868652,-0.02825283631682396,0.37866464257240295,0.559199869632721,0.019088387489318848,0.4117473363876343,0.5644794702529907,-0.013869822025299072,0.38818296790122986,0.554118812084198,-0.027082271873950958,0.3616175949573517,0.5490331053733826,-0.030723219737410545,scissors
0.5853992104530334,0.14375974237918854,6.716346234725279e-08,0.6013321876525879,0.11624210327863693,-0.007782060652971268,0.6299673914909363,0.10058168321847916,-0.010396657511591911,0.6579585075378418,0.10527679324150085,-0.014399015344679356,0.6734282970428467,0.12150216847658157,-0.017815260216593742,0.6406899094581604,0.11066628992557526,0.004533063620328903,0.6610767841339111,0.09625827521085739,-0.0038729195948690176,0.6737486124038696,0.08396075665950775,-0.010578634217381477,0.6847479343414307,0.07587333023548126,-0.01450575701892376,0.6465253829956055,0.12477368861436844,0.002912689233198762,0.6796758770942688,0.12405122816562653,-0.004870706237852573,0.7012940645217896,0.1209418922662735,-0.01013321802020073,0.7178821563720703,0.12202123552560806,-0.01283393893390894,0.6458536982536316,0.1404256522655487,-0.0010574960615485907,0.6712705492973328,0.13805100321769714,-0.014454897493124008,0.6609482169151306,0.12690109014511108,-0.017378095537424088,0.6473919153213501,0.12258017808198929,-0.015148574486374855,0.6412186622619629,0.15783309936523438,-0.005693335551768541,0.662055253982544,0.14988847076892853,-0.014440305531024933,0.6541770696640015,0.13967077434062958,-0.013243420980870724,0.6409569978713989,0.13541638851165771,-0.010149779729545116,scissors
0.4223248064517975,0.3977624475955963,2.0550295687371545e-07,0.46020469069480896,0.4312255084514618,-0.04706652835011482,0.5071396827697754,0.43634483218193054,-0.06855544447898865,0.5544143319129944,0.42482107877731323,-0.0810529962182045,0.5981967449188232,0.39687415957450867,-0.09289748966693878,0.5009410977363586,0.3537554144859314,-0.06530804932117462,0.5123546719551086,0.2994672656059265,-0.09671644121408463,0.5233481526374817,0.27629536390304565,-0.12300430983304977,0.53566974401474,0.253989577293396,-0.14097411930561066,0.5021041631698608,0.3356553018093109,-0.051178835332393646,0.5425499081611633,0.2988666296005249,-0.08284149318933487,0.5747438669204712,0.3266824781894684,-0.1100640818476677,0.5961403250694275,0.3529385030269623,-0.13154643774032593,0.5037961006164551,0.3295101225376129,-0.04001079872250557,0.5505680441856384,0.29920944571495056,-0.07298801094293594,0.5801922082901001,0.3270970582962036,-0.10477884113788605,0.597547173500061,0.34955868124961853,-0.12573333084583282,0.50779128074646,0.33481365442276,-0.03095051646232605,0.5335536599159241,0.30432963371276855,-0.058097247034311295,0.5483113527297974,0.29268863797187805,-0.08165619522333145,0.5597519874572754,0.28208601474761963,-0.10039804875850677,scissors
0.04359620809555054,0.4251304268836975,6.079822014726233e-07,0.16807498037815094,0.499327152967453,0.0029256201814860106,0.2824869155883789,0.4756670892238617,0.03338848054409027,0.3233836591243744,0.4133540391921997,0.08307044208049774,0.34339433908462524,0.3643360137939453,0.13712312281131744,0.33637598156929016,0.3983255922794342,-0.02478201314806938,0.4477421045303345,0.4282660484313965,0.013537030667066574,0.5106903314590454,0.4366269111633301,0.031320687383413315,0.5648388862609863,0.4436008632183075,0.04149133712053299,0.292690634727478,0.33926838636398315,0.01317243929952383,0.4268566370010376,0.3303743302822113,0.09376053512096405,0.4983106255531311,0.31500810384750366,0.12441929429769516,0.5584859848022461,0.2863765060901642,0.12747453153133392,0.24439403414726257,0.2991102933883667,0.056509632617235184,0.3149406909942627,0.3480454385280609,0.1394447386264801,0.2520107626914978,0.4115007817745209,0.1293506771326065,0.2124863564968109,0.43838122487068176,0.1021893247961998,0.21303093433380127,0.2700391411781311,0.10113954544067383,0.2583360970020294,0.3284006416797638,0.14951446652412415,0.21569332480430603,0.3737339675426483,0.1338343620300293,0.17325067520141602,0.3857196569442749,0.11006663739681244,scissors
0.5159317851066589,0.8992737531661987,-2.687867528550214e-08,0.5201220512390137,0.861055314540863,-0.014531559310853481,0.540475070476532,0.8248983025550842,-0.022198189049959183,0.5706106424331665,0.8065434694290161,-0.031177617609500885,0.5937253832817078,0.8166444897651672,-0.038704562932252884,0.5776163935661316,0.8246731162071228,-0.003593133296817541,0.6069356203079224,0.7894807457923889,-0.017067959532141685,0.6223599910736084,0.7683118581771851,-0.026196444407105446,0.6372578740119934,0.7540614008903503,-0.03229547664523125,0.5915864706039429,0.8390622138977051,-0.004584942944347858,0.6285918951034546,0.8057489991188049,-0.018802808597683907,0.6472601294517517,0.7828295826911926,-0.02680802159011364,0.6624153852462769,0.7671676278114319,-0.030752068385481834,0.5982953906059265,0.8584944009780884,-0.008336324244737625,0.6299353837966919,0.8339893221855164,-0.02794886939227581,0.604215681552887,0.8287285566329956,-0.0296328105032444,0.5801976323127747,0.8308692574501038,-0.02469259314239025,0.599274218082428,0.8818139433860779,-0.013629402965307236,0.6161465048789978,0.8583781719207764,-0.028914764523506165,0.6027153730392456,0.848355233669281,-0.030345266684889793,0.5861132740974426,0.8465816378593445,-0.027314838021993637,scissors
0.5424072742462158,0.636539101600647,-3.978098845891509e-07,0.5245903134346008,0.5396494269371033,0.00015515666746068746,0.5554945468902588,0.46749749779701233,0.00012543801858555526,0.5999427437782288,0.4185622036457062,0.013182707130908966,0.6392786502838135,0.38267451524734497,0.029733704403042793,0.6346160173416138,0.451104998588562,-0.09327144175767899,0.6745760440826416,0.3340756297111511,-0.10720200091600418,0.6914288401603699,0.267831027507782,-0.10964356362819672,0.7156622409820557,0.22270837426185608,-0.11022298038005829,0.6783344149589539,0.47919589281082153,-0.07222909480333328,0.7539020776748657,0.3476029336452484,-0.09623384475708008,0.7900608777999878,0.27226030826568604,-0.09757878631353378,0.8161697387695312,0.21899959444999695,-0.09804906696081161,0.7063855528831482,0.5051101446151733,-0.03694399073719978,0.7534472942352295,0.40111106634140015,-0.024873746559023857,0.7145812511444092,0.3838033080101013,0.013174631632864475,0.6860650777816772,0.38801711797714233,0.039642345160245895,0.7200693488121033,0.5278782248497009,-0.0006901867454871535,0.7379875779151917,0.4413621723651886,0.03075285255908966,0.7100145816802979,0.4241286516189575,0.06776829063892365,0.6845733523368835,0.430181086063385,0.09459511190652847,scissors
0.4686836004257202,0.34853535890579224,3.9365977499983273e-07,0.4605797529220581,0.32138288021087646,-0.041559480130672455,0.4224165678024292,0.29856210947036743,-0.051039569079875946,0.37630319595336914,0.3059420585632324,-0.052863240242004395,0.3379058241844177,0.3089657127857208,-0.053457584232091904,0.40021955966949463,0.24492350220680237,-0.03130863606929779,0.3601517379283905,0.19784900546073914,-0.04431565850973129,0.33634406328201294,0.16439655423164368,-0.05504615232348442,0.31756576895713806,0.13496343791484833,-0.06290767341852188,0.3850592076778412,0.26533353328704834,-0.01737004704773426,0.32936158776283264,0.24457786977291107,-0.03192581236362457,0.2898573875427246,0.2280355542898178,-0.04538208618760109,0.2602534294128418,0.21195518970489502,-0.05355031043291092,0.3789103925228119,0.2918146848678589,-0.007308183237910271,0.3441809415817261,0.30573150515556335,-0.02919713780283928,0.36335545778274536,0.32784420251846313,-0.04083514213562012,0.3798373341560364,0.33330172300338745,-0.04216128960251808,0.38082578778266907,0.3185727894306183,-0.0005546594620682299,0.35386788845062256,0.3292301297187805,-0.022188713774085045,0.36556264758110046,0.34339162707328796,-0.029224630445241928,0.37732088565826416,0.3485124409198761,-0.029325885698199272,scissors
0.2967117726802826,0.19820073246955872,1.7418803111013403e-07,0.3335179090499878,0.2050318568944931,0.003762243315577507,0.35919448733329773,0.18849623203277588,0.006360347848385572,0.3633412718772888,0.1621677279472351,0.008293730206787586,0.35722798109054565,0.14327119290828705,0.009662001393735409,0.3718793988227844,0.15972614288330078,-0.0014159675920382142,0.4053562879562378,0.14081020653247833,3.0015251468284987e-05,0.42412376403808594,0.12833772599697113,0.000707604456692934,0.43905436992645264,0.11962215602397919,0.0008797964546829462,0.3564232885837555,0.14230233430862427,-0.0015254875179380178,0.3823164105415344,0.11454764008522034,0.0019148231949657202,0.3968905508518219,0.0983336940407753,0.0025756382383406162,0.40624043345451355,0.08657760918140411,0.0019900596234947443,0.3385255038738251,0.1356457769870758,-6.962844508962007e-06,0.3535904288291931,0.12561923265457153,0.004291888326406479,0.3518618643283844,0.1388731449842453,0.005387460347265005,0.34496283531188965,0.14879104495048523,0.005888110492378473,0.32046088576316833,0.1345459520816803,0.0019127203850075603,0.3323390781879425,0.13241522014141083,0.006922644563019276,0.331691175699234,0.14230239391326904,0.010899933986365795,0.32763636112213135,0.15182054042816162,0.013923240825533867,scissors
0.344669908285141,0.6816238164901733,1.3059573689133686e-07,0.4194599986076355,0.6489582061767578,-0.1360611766576767,0.5116874575614929,0.581008791923523,-0.13019922375679016,0.5782952308654785,0.5437904000282288,-0.07572854310274124,0.6223760843276978,0.5288788676261902,-0.0031320741400122643,0.48465093970298767,0.4272858500480652,-0.12417417764663696,0.5625763535499573,0.31643640995025635,-0.13679929077625275,0.6053867936134338,0.2354181408882141,-0.15789860486984253,0.6410845518112183,0.16624051332473755,-0.17419666051864624,0.48366501927375793,0.4368910789489746,-0.02781941182911396,0.5613890290260315,0.309043824672699,-0.007300563622266054,0.6138150095939636,0.23245768249034882,-0.01931469328701496,0.6452257633209229,0.1637117564678192,-0.04109465703368187,0.49311596155166626,0.46089088916778564,0.05899364501237869,0.5972446799278259,0.415377140045166,0.06015682592988014,0.6314384937286377,0.49062949419021606,0.009993359446525574,0.641684889793396,0.5418503880500793,-0.028902383521199226,0.5026511549949646,0.47820156812667847,0.13652439415454865,0.5703125596046448,0.4717103838920593,0.10770055651664734,0.5995171666145325,0.5195360779762268,0.04829995334148407,0.6085102558135986,0.5570414066314697,0.004539483692497015,scissors
0.5566311478614807,0.10853273421525955,4.460409570583579e-07,0.517582893371582,0.10769260674715042,-0.02705385722219944,0.4805719256401062,0.14323198795318604,-0.03410038352012634,0.47469982504844666,0.1901201456785202,-0.038237813860177994,0.4832380414009094,0.22683610022068024,-0.040949322283267975,0.44818344712257385,0.18058845400810242,-0.0169456135481596,0.3982769846916199,0.21413880586624146,-0.02841232717037201,0.36666160821914673,0.23684412240982056,-0.0379469059407711,0.3400154709815979,0.2548069655895233,-0.04507865384221077,0.46870940923690796,0.20526966452598572,-0.013145877048373222,0.43591445684432983,0.25315213203430176,-0.023977022618055344,0.4113699495792389,0.28838202357292175,-0.03530546650290489,0.3939224183559418,0.31533005833625793,-0.043001461774110794,0.496011346578598,0.21508392691612244,-0.012671936303377151,0.4785889983177185,0.2578112483024597,-0.03319104388356209,0.479753702878952,0.25065603852272034,-0.04533278942108154,0.4862496554851532,0.23943215608596802,-0.04760181903839111,0.5265880227088928,0.21361511945724487,-0.01438081730157137,0.511439859867096,0.2503093481063843,-0.03368806466460228,0.5063427686691284,0.2505326271057129,-0.04161838814616203,0.5083778500556946,0.24242576956748962,-0.043176792562007904,scissors
0.4811689555644989,0.9414489269256592,-1.2516531455730728e-07,0.48234570026397705,0.9054270386695862,-0.01067369058728218,0.49385878443717957,0.868902862071991,-0.016486486420035362,0.5222924947738647,0.858012855052948,-0.02339910715818405,0.5463516116142273,0.8673703670501709,-0.02992677316069603,0.5232499241828918,0.8637235760688782,-0.004568025469779968,0.5384975671768188,0.8243126273155212,-0.015612046234309673,0.5444167852401733,0.799604058265686,-0.024458106607198715,0.5532340407371521,0.7823994755744934,-0.030667966231703758,0.5385227203369141,0.8764516115188599,-0.0063070026226341724,0.567038893699646,0.8380796313285828,-0.017614765092730522,0.5814188718795776,0.8123494982719421,-0.02564335986971855,0.5926408171653748,0.7936421632766724,-0.030704298987984657,0.5480492115020752,0.8951094746589661,-0.009566965512931347,0.5662612915039062,0.8732454776763916,-0.025928350165486336,0.5423887372016907,0.8825364112854004,-0.027551310136914253,0.5239844918251038,0.894439697265625,-0.0243340115994215,0.5535718202590942,0.917748749256134,-0.013729223981499672,0.5652490258216858,0.8963525295257568,-0.026761369779706,0.5481286644935608,0.8991314172744751,-0.024835994467139244,0.5324457883834839,0.9070116877555847,-0.020405730232596397,scissors
0.17515544593334198,0.629402756690979,6.207693559190375e-07,0.18877407908439636,0.5919179916381836,-0.06162996590137482,0.23494219779968262,0.5708799362182617,-0.07816778123378754,0.3028530180454254,0.5914177298545837,-0.08652997761964798,0.3538849949836731,0.6036036610603333,-0.09002771973609924,0.2798863351345062,0.47980910539627075,-0.03125165402889252,0.3315114378929138,0.4029685854911804,-0.05402982980012894,0.3621844947338104,0.3492668867111206,-0.07353895157575607,0.3866584897041321,0.3090725541114807,-0.08524533361196518,0.305776447057724,0.5168290734291077,-0.012396642938256264,0.3804251551628113,0.4761469066143036,-0.02974744141101837,0.4358506500720978,0.4523187279701233,-0.048941466957330704,0.4836488366127014,0.433305561542511,-0.06032688170671463,0.3099595010280609,0.5595918893814087,-0.0011927479645237327,0.3563247621059418,0.5649075508117676,-0.03952436149120331,0.3224320709705353,0.594467043876648,-0.05766092985868454,0.2918987274169922,0.6129878759384155,-0.056967806071043015,0.3018883764743805,0.5998479723930359,0.006078051868826151,0.34658297896385193,0.6047472357749939,-0.027249345555901527,0.32867372035980225,0.6228681802749634,-0.03379801660776138,0.30345457792282104,0.6346868872642517,-0.029260655865073204,scissors
0.4999452233314514,0.3931373059749603,3.345653283304273e-07,0.4763539433479309,0.3475850224494934,-0.011188175529241562,0.4310563802719116,0.31949400901794434,-0.01574229821562767,0.3910677433013916,0.3248864710330963,-0.022461118176579475,0.3619820475578308,0.34277620911598206,-0.028927098959684372,0.38191571831703186,0.3277894854545593,-0.007650633808225393,0.33843994140625,0.2817181646823883,-0.018367093056440353,0.3116513192653656,0.2563794255256653,-0.02455649897456169,0.28571373224258423,0.236131489276886,-0.029023058712482452,0.3722090721130371,0.35027560591697693,-0.014109511859714985,0.31603139638900757,0.31915485858917236,-0.027114616706967354,0.28520920872688293,0.29484835267066956,-0.035848621279001236,0.2581005096435547,0.2812507152557373,-0.041808295994997025,0.3732326626777649,0.3761899471282959,-0.022449761629104614,0.3315548002719879,0.3519290089607239,-0.04453057423233986,0.3667313754558563,0.3344472646713257,-0.048914115875959396,0.3976224660873413,0.33375102281570435,-0.045943599194288254,0.3810104727745056,0.40181565284729004,-0.0316723957657814,0.34082046151161194,0.37914377450942993,-0.047803644090890884,0.3603230118751526,0.36243531107902527,-0.04727370664477348,0.38601154088974,0.3595758080482483,-0.043882306665182114,scissors
0.5072597861289978,0.18372076749801636,5.8746781661511704e-08,0.5348925590515137,0.19991295039653778,-0.0036766857374459505,0.5614825487136841,0.19118671119213104,-0.001933785155415535,0.5770273208618164,0.17053170502185822,0.0003934430133085698,0.584621787071228,0.15276892483234406,0.0022209305316209793,0.5916948318481445,0.1742207109928131,-0.003031822619959712,0.6250641942024231,0.16338776051998138,-0.00035914877662435174,0.6438568830490112,0.15995775163173676,0.00033243742655031383,0.6605443358421326,0.15589012205600739,0.00016391109966207296,0.5837171077728271,0.15711650252342224,-0.0007269380148500204,0.607729971408844,0.1318715512752533,0.001497517921961844,0.6235724091529846,0.1174190565943718,-0.00021840538829565048,0.6356691122055054,0.1056322380900383,-0.0023824393283575773,0.5694016218185425,0.1456209123134613,0.0021097338758409023,0.5770348310470581,0.13323992490768433,0.001467507565394044,0.5690911412239075,0.14374716579914093,-0.0026756138540804386,0.5619330406188965,0.15233729779720306,-0.004787173587828875,0.5542555451393127,0.13738848268985748,0.005096591077744961,0.562882661819458,0.13053414225578308,0.0036602288018912077,0.5584710240364075,0.1386963129043579,0.0031788498163223267,0.5523130893707275,0.14787542819976807,0.003953601699322462,scissors
0.6095282435417175,0.21103443205356598,3.5825372890485596e-08,0.5702152848243713,0.21241582930088043,-0.00010802673932630569,0.5479720234870911,0.19012665748596191,-0.0021085315383970737,0.5464352965354919,0.1653570979833603,-0.0033575366251170635,0.5516061186790466,0.14908896386623383,-0.004581975284963846,0.5385942459106445,0.17486576735973358,-0.016263291239738464,0.5008547902107239,0.15319587290287018,-0.024075862020254135,0.4781370460987091,0.14216849207878113,-0.027636613696813583,0.46174806356430054,0.13333706557750702,-0.029154418036341667,0.5544161796569824,0.16132834553718567,-0.017994023859500885,0.5199820399284363,0.12847088277339935,-0.022368431091308594,0.4998428225517273,0.10962850600481033,-0.023078076541423798,0.48653465509414673,0.09341123700141907,-0.023641925305128098,0.5716906189918518,0.15243937075138092,-0.01829288713634014,0.550804078578949,0.1342862993478775,-0.021241405978798866,0.5509472489356995,0.145706906914711,-0.017502494156360626,0.555316686630249,0.15697365999221802,-0.013722071424126625,0.5879455804824829,0.14750325679779053,-0.01857910491526127,0.5696152448654175,0.1443416178226471,-0.019319742918014526,0.5712725520133972,0.15254327654838562,-0.01408337615430355,0.577399730682373,0.15864047408103943,-0.008959251455962658,scissors
0.06607353687286377,0.5579437613487244,5.610271500700037e-07,0.11930057406425476,0.5060217976570129,-0.05891752243041992,0.1860678493976593,0.505003809928894,-0.0665983185172081,0.23053079843521118,0.5659672617912292,-0.06449998915195465,0.25588491559028625,0.6184180378913879,-0.05684319883584976,0.28071579337120056,0.48755234479904175,-0.023956334218382835,0.3685229420661926,0.4574453830718994,-0.04915323108434677,0.42474764585494995,0.4363206624984741,-0.06495881080627441,0.467263400554657,0.42025187611579895,-0.07223088294267654,0.2728399932384491,0.5387558341026306,-0.0075706723146140575,0.36902663111686707,0.5583189725875854,-0.02720501273870468,0.4285893738269806,0.5696606636047363,-0.0350172221660614,0.47569602727890015,0.5798662900924683,-0.034073084592819214,0.24176238477230072,0.5764636993408203,-0.0009312717593275011,0.26641732454299927,0.5965509414672852,-0.04680094122886658,0.21037611365318298,0.5758833289146423,-0.05522174388170242,0.17836692929267883,0.5648106932640076,-0.04324287921190262,0.20376667380332947,0.6007044911384583,0.0013943230733275414,0.2216990739107132,0.6056670546531677,-0.04345667362213135,0.18264728784561157,0.5846012234687805,-0.049184784293174744,0.15943962335586548,0.5708022117614746,-0.04059978574514389,scissors
0.4399651885032654,0.3984520733356476,3.0446209997592177e-09,0.45607075095176697,0.4128797948360443,-0.051203660666942596,0.5022991299629211,0.4060512185096741,-0.0716177374124527,0.5571907162666321,0.3985734283924103,-0.07997730374336243,0.6058218479156494,0.3909168243408203,-0.0860462486743927,0.4986574351787567,0.3325592875480652,-0.08078862726688385,0.5152691602706909,0.27780628204345703,-0.11595702916383743,0.5359874367713928,0.2516365647315979,-0.14409679174423218,0.5561182498931885,0.22784827649593353,-0.16425973176956177,0.5161669850349426,0.3312586545944214,-0.06514599919319153,0.5697809457778931,0.2932778298854828,-0.09513426572084427,0.5861567258834839,0.3123846650123596,-0.11775324493646622,0.5831312537193298,0.32993999123573303,-0.13480564951896667,0.5309834480285645,0.3476947546005249,-0.05172557383775711,0.5907539129257202,0.33522599935531616,-0.08322212845087051,0.6025922298431396,0.3663845956325531,-0.10783427208662033,0.5956462025642395,0.38146036863327026,-0.12315906584262848,0.5409958958625793,0.374537855386734,-0.040832653641700745,0.5778847932815552,0.3796777129173279,-0.06845780462026596,0.586765468120575,0.39936956763267517,-0.08707882463932037,0.5860241651535034,0.4061112403869629,-0.10011090338230133,scissors
0.8694216012954712,0.6184176802635193,2.575980886376783e-07,0.8441582322120667,0.6036190986633301,-0.018411308526992798,0.808040201663971,0.6127761602401733,-0.024417370557785034,0.7893106341362,0.6418033838272095,-0.029699740931391716,0.7767586708068848,0.6688905954360962,-0.03381982818245888,0.7604192495346069,0.6194759011268616,-0.0062955040484666824,0.7199513912200928,0.6247517466545105,-0.013619963079690933,0.6947205662727356,0.6295961141586304,-0.021104803308844566,0.6735904812812805,0.6348091959953308,-0.02767292410135269,0.7628458738327026,0.6422747373580933,-0.0061034951359033585,0.721365749835968,0.6544556617736816,-0.014703724533319473,0.696744978427887,0.6626045107841492,-0.024857401847839355,0.6771957278251648,0.670039713382721,-0.03249359130859375,0.7766345143318176,0.6605792045593262,-0.008607643656432629,0.7433958649635315,0.6799097657203674,-0.026763077825307846,0.7539873123168945,0.6740981340408325,-0.03726522624492645,0.767855703830719,0.6680319905281067,-0.04051458090543747,0.7972410917282104,0.6730958223342896,-0.012481557205319405,0.7769594788551331,0.6829953789710999,-0.03092704713344574,0.7828770875930786,0.6740246415138245,-0.03855437785387039,0.7930943369865417,0.6635758876800537,-0.0412355437874794,scissors
0.20493647456169128,0.7468520402908325,2.2350629080847284e-07,0.2249147891998291,0.705539345741272,-0.021077405661344528,0.2645377516746521,0.6752966046333313,-0.02709227241575718,0.3105553090572357,0.6800920367240906,-0.03276422619819641,0.33416059613227844,0.7058999538421631,-0.03598977252840996,0.30307960510253906,0.6695355176925659,-0.0006000855355523527,0.35348939895629883,0.6396484375,-0.010251830331981182,0.3838333189487457,0.6229549646377563,-0.018128348514437675,0.4104689359664917,0.6114072799682617,-0.024577120319008827,0.3133760690689087,0.6962652802467346,0.0022254707291722298,0.3663337826728821,0.6805273294448853,-0.00697938771918416,0.3988019824028015,0.6720342040061951,-0.016130583360791206,0.42769184708595276,0.6658636331558228,-0.02235317975282669,0.311078816652298,0.7233327031135559,0.001339027308858931,0.3573487102985382,0.7189133763313293,-0.01802259311079979,0.33641478419303894,0.7207918763160706,-0.024991655722260475,0.3128238916397095,0.7233647704124451,-0.023841435089707375,0.3018643856048584,0.7516937851905823,-0.0012755695497617126,0.3332044184207916,0.7489731907844543,-0.019674072042107582,0.3226003646850586,0.7463165521621704,-0.024805836379528046,0.3046164810657501,0.7456008791923523,-0.024067670106887817,scissors
0.6120477318763733,0.499143123626709,2.769772891042521e-07,0.6735958456993103,0.5464776754379272,0.018836766481399536,0.6784119009971619,0.6105887293815613,0.008178393356502056,0.656622588634491,0.6613413691520691,-0.0004252130747772753,0.6381431221961975,0.6956308484077454,-0.007469821721315384,0.6997665762901306,0.6277576088905334,-0.07948790490627289,0.7430136203765869,0.7030143737792969,-0.11086628586053848,0.7749894857406616,0.7458738684654236,-0.13103130459785461,0.7977362871170044,0.7771241664886475,-0.14595435559749603,0.659783124923706,0.6186488270759583,-0.09109793603420258,0.6699978113174438,0.7175734043121338,-0.1300208419561386,0.6760613918304443,0.7798440456390381,-0.1490134298801422,0.6790680289268494,0.8230185508728027,-0.16557873785495758,0.621815025806427,0.6137345433235168,-0.09063272923231125,0.6141531467437744,0.7138753533363342,-0.09384452551603317,0.6302199363708496,0.707319974899292,-0.05965723097324371,0.6424228549003601,0.6878300309181213,-0.03928481414914131,0.5874816179275513,0.6129477620124817,-0.08884794265031815,0.5986374616622925,0.6843472123146057,-0.07765895128250122,0.6141152381896973,0.6778421998023987,-0.04542512819170952,0.6212455630302429,0.6592241525650024,-0.022817488759756088,scissors
0.41267579793930054,0.9234024286270142,3.3520814213261474e-07,0.4254136383533478,0.9111437797546387,-0.04917285591363907,0.45662620663642883,0.8942341208457947,-0.05955728515982628,0.4981568455696106,0.8923226594924927,-0.060250408947467804,0.5300542116165161,0.8898009061813354,-0.056976933032274246,0.48375850915908813,0.8346711993217468,-0.03552872687578201,0.5259513258934021,0.7973297238349915,-0.0504811555147171,0.5504622459411621,0.7702338695526123,-0.06244355067610741,0.570850670337677,0.7483029961585999,-0.07000215351581573,0.49746859073638916,0.8508837819099426,-0.015780586749315262,0.5485240817070007,0.8234335780143738,-0.030327729880809784,0.5862993001937866,0.8092138767242432,-0.04657399654388428,0.6155222058296204,0.7974109649658203,-0.05713856220245361,0.5030769109725952,0.8697700500488281,-0.000755568384192884,0.5415099859237671,0.8711993098258972,-0.02774813398718834,0.5331149101257324,0.9006053805351257,-0.048910953104496,0.5184095501899719,0.9199849963188171,-0.056115515530109406,0.5040382742881775,0.8866052627563477,0.011494413949549198,0.531192421913147,0.892704963684082,-0.01442751195281744,0.5248599648475647,0.9115967750549316,-0.029466260224580765,0.5093936324119568,0.9227712750434875,-0.035022277384996414,scissors
0.8031212091445923,0.6101342439651489,1.124591832990518e-07,0.7372163534164429,0.5450528860092163,0.12480414658784866,0.6890179514884949,0.5058405995368958,0.15539242327213287,0.6582441329956055,0.4575086832046509,0.15536217391490936,0.6245962381362915,0.41888731718063354,0.15394693613052368,0.600400984287262,0.5643470287322998,0.10615953058004379,0.5273674726486206,0.5320348739624023,0.12224887311458588,0.48357653617858887,0.5172648429870605,0.13001912832260132,0.4422592520713806,0.5107753872871399,0.13174843788146973,0.6068318486213684,0.5667622089385986,0.03267352655529976,0.5133788585662842,0.5019599199295044,0.040270380675792694,0.46741044521331787,0.4571402966976166,0.04040532931685448,0.4277363121509552,0.4324676990509033,0.03669719025492668,0.6261844038963318,0.5554301738739014,-0.031133197247982025,0.5543690919876099,0.47118079662323,-0.010718144476413727,0.5952010750770569,0.4372508227825165,0.011331217363476753,0.6270860433578491,0.43073245882987976,0.02070353552699089,0.6500366926193237,0.5240175724029541,-0.08672560006380081,0.6220113039016724,0.45829537510871887,-0.05238316208124161,0.65177983045578,0.44236692786216736,-0.023391475901007652,0.6772386431694031,0.4480932950973511,-0.008645723573863506,scissors
0.5543062686920166,0.4373505413532257,5.113892598274106e-07,0.5907008051872253,0.4748308062553406,-0.06835261732339859,0.630918562412262,0.4634646475315094,-0.09910169988870621,0.6692562699317932,0.4413411617279053,-0.11002065241336823,0.7028515934944153,0.41736364364624023,-0.11596763879060745,0.6111704111099243,0.3901415765285492,-0.12033767253160477,0.655869722366333,0.354492723941803,-0.1507096290588379,0.6865738034248352,0.333396852016449,-0.1689915955066681,0.7161660194396973,0.3113994598388672,-0.18107692897319794,0.615840494632721,0.3656737208366394,-0.08428099006414413,0.671113133430481,0.3069349527359009,-0.11310829222202301,0.7158131003379822,0.29063302278518677,-0.12592950463294983,0.7513267993927002,0.2781843841075897,-0.13650141656398773,0.6236951351165771,0.35740548372268677,-0.04705899581313133,0.6825554370880127,0.33698153495788574,-0.06815525144338608,0.705244243144989,0.37425756454467773,-0.07565957307815552,0.7103179693222046,0.4029773771762848,-0.07964257150888443,0.6337358355522156,0.35697680711746216,-0.01393346767872572,0.6733443140983582,0.35449373722076416,-0.03349654749035835,0.690654993057251,0.3762560188770294,-0.04571150988340378,0.7003989219665527,0.39323124289512634,-0.05337275564670563,scissors
0.5694793462753296,0.0176565982401371,3.7854462675568357e-07,0.5458704233169556,0.03183376416563988,-0.04392322525382042,0.5320570468902588,0.07752654701471329,-0.05406990647315979,0.551866888999939,0.12200919538736343,-0.056879110634326935,0.5647518634796143,0.15663473308086395,-0.058317117393016815,0.49785116314888,0.11845263093709946,-0.027627281844615936,0.47364723682403564,0.16888916492462158,-0.04096709191799164,0.45673906803131104,0.19972282648086548,-0.05250651016831398,0.44114506244659424,0.2259894609451294,-0.06062770634889603,0.521099865436554,0.12848339974880219,-0.013488322496414185,0.5191157460212708,0.1830393373966217,-0.026981506496667862,0.5182358026504517,0.22529667615890503,-0.04077041894197464,0.5184500813484192,0.2573337256908417,-0.0488656610250473,0.5454416871070862,0.12696239352226257,-0.004313466139137745,0.5528677105903625,0.15634562075138092,-0.031162234023213387,0.567251443862915,0.13585561513900757,-0.04640635475516319,0.5751500725746155,0.11869178712368011,-0.048218339681625366,0.5668118000030518,0.11582766473293304,0.0019319732673466206,0.5711842179298401,0.13904760777950287,-0.023548725992441177,0.5799885392189026,0.12747147679328918,-0.0323498472571373,0.5882216691970825,0.11491043120622635,-0.03271950036287308,scissors
0.822412371635437,0.4311668574810028,3.5061313496953517e-07,0.764880359172821,0.4129260182380676,-0.04045514389872551,0.7191198468208313,0.37408530712127686,-0.07005944848060608,0.718559205532074,0.3516737222671509,-0.1004340648651123,0.7448861598968506,0.3472447693347931,-0.12842968106269836,0.7539644241333008,0.24157395958900452,-0.038863591849803925,0.717685878276825,0.1607702672481537,-0.07503114640712738,0.6975932717323303,0.10921041667461395,-0.10114020854234695,0.6849110126495361,0.06350217759609222,-0.11941497772932053,0.8060175180435181,0.24244673550128937,-0.04407259076833725,0.8034056425094604,0.1603931188583374,-0.08106308430433273,0.7955993413925171,0.10892501473426819,-0.10385414958000183,0.7870743274688721,0.06449085474014282,-0.11643775552511215,0.8490704298019409,0.2657243609428406,-0.05427125096321106,0.8540991544723511,0.22069527208805084,-0.10384879261255264,0.8165165185928345,0.27854543924331665,-0.10796131193637848,0.7884330749511719,0.3216113746166229,-0.09781765192747116,0.8860551714897156,0.3055315613746643,-0.06786404550075531,0.8830777406692505,0.28389427065849304,-0.10886967927217484,0.8463260531425476,0.3184558153152466,-0.1079772561788559,0.8159467577934265,0.3456423580646515,-0.09761856496334076,scissors
0.12816929817199707,0.3736259639263153,-3.244404211955043e-08,0.1717860996723175,0.36588960886001587,-0.01994507759809494,0.21694080531597137,0.3799670338630676,-0.027112115174531937,0.23826093971729279,0.41643226146698,-0.03462160378694534,0.23590996861457825,0.4480181634426117,-0.040251195430755615,0.2386576384305954,0.41908207535743713,-0.0009185672970488667,0.2866416573524475,0.44078725576400757,-0.013206234201788902,0.31525421142578125,0.45201990008354187,-0.023418599739670753,0.3371829688549042,0.4635108709335327,-0.03106454387307167,0.22293774783611298,0.4389972686767578,-4.507607445702888e-05,0.26366233825683594,0.47332435846328735,-0.014109168201684952,0.2901783585548401,0.4871911406517029,-0.02510225959122181,0.30830520391464233,0.4970618784427643,-0.03175875544548035,0.2009047269821167,0.4508863389492035,-0.002923391293734312,0.23232653737068176,0.48241668939590454,-0.025249460712075233,0.22964543104171753,0.464957058429718,-0.03283892944455147,0.21841037273406982,0.4450152516365051,-0.03210015594959259,0.1753629595041275,0.4584117531776428,-0.0076647247187793255,0.19954611361026764,0.47853195667266846,-0.02677692100405693,0.20304539799690247,0.4685240387916565,-0.03223641961812973,0.1960725337266922,0.45402154326438904,-0.03226589411497116,scissors
0.866428017616272,0.9061948657035828,4.0434903780806053e-07,0.8509129881858826,0.8507263660430908,-0.028152288869023323,0.7925401926040649,0.8219965100288391,-0.031100282445549965,0.744066059589386,0.842907190322876,-0.0329594612121582,0.7074733376502991,0.8718551993370056,-0.032478656619787216,0.7177907228469849,0.8048993349075317,-0.003663396928459406,0.6594282388687134,0.763550877571106,-0.010227582417428493,0.6212273240089417,0.7387285232543945,-0.015187866985797882,0.5893293619155884,0.7187542915344238,-0.021304745227098465,0.7118323445320129,0.8419076800346375,-0.006909017451107502,0.6369753479957581,0.8205538392066956,-0.01915784738957882,0.5925828218460083,0.8040297031402588,-0.031400322914123535,0.5541870594024658,0.7935002446174622,-0.03992137312889099,0.720386266708374,0.8798776865005493,-0.015936121344566345,0.6718600392341614,0.8674212694168091,-0.05457744747400284,0.7155179381370544,0.8616361021995544,-0.07628205418586731,0.7459142208099365,0.8613932728767395,-0.08134289085865021,0.7405108213424683,0.9125858545303345,-0.0265056062489748,0.7170975804328918,0.8986884951591492,-0.06838639080524445,0.7519804835319519,0.8867424130439758,-0.08792371302843094,0.7793498039245605,0.882457971572876,-0.09606864303350449,scissors
0.8600199818611145,0.6361249089241028,5.513192036232795e-07,0.8234286904335022,0.5982332825660706,-0.04706374928355217,0.7649393677711487,0.589647114276886,-0.05101315677165985,0.7167674899101257,0.6122042536735535,-0.048755645751953125,0.6790939569473267,0.6309054493904114,-0.042674072086811066,0.7202935218811035,0.5592695474624634,0.009988832287490368,0.6729617118835449,0.5296381115913391,0.016784878447651863,0.640418291091919,0.5075638294219971,0.020949725061655045,0.619706928730011,0.48970842361450195,0.023306328803300858,0.7184829711914062,0.5948044061660767,0.02748481184244156,0.6551654934883118,0.5904259085655212,0.03956590220332146,0.6127562522888184,0.5882751941680908,0.037730902433395386,0.5791764259338379,0.5848424434661865,0.035927243530750275,0.7279618978500366,0.6275320053100586,0.03584103658795357,0.6890454292297363,0.6270807981491089,0.021357325837016106,0.701339066028595,0.6283843517303467,-0.0039462195709347725,0.710845410823822,0.6333062052726746,-0.013532650656998158,0.7436349391937256,0.6581056118011475,0.040635451674461365,0.7119824886322021,0.6597866415977478,0.018108483403921127,0.7142000198364258,0.6590541005134583,-0.00445373123511672,0.7188562750816345,0.6646385788917542,-0.015845350921154022,scissors
0.9161255955696106,0.7854194045066833,6.727248091920046e-07,0.9329143166542053,0.7519746422767639,-0.048558127135038376,0.9025862216949463,0.7171236276626587,-0.07059679180383682,0.8585088849067688,0.7243034243583679,-0.08892010152339935,0.8127257823944092,0.7313037514686584,-0.10644150525331497,0.8399422764778137,0.658611536026001,-0.039772335439920425,0.8044458627700806,0.5962173938751221,-0.06495749950408936,0.7816234230995178,0.5550426840782166,-0.08461718261241913,0.7590467929840088,0.5207743048667908,-0.09970514476299286,0.8114930987358093,0.6854127049446106,-0.03583943843841553,0.7640178799629211,0.6476378440856934,-0.0720558911561966,0.7331734895706177,0.6268942356109619,-0.09927308559417725,0.7037459015846252,0.6119884848594666,-0.11482148617506027,0.7977832555770874,0.7182348966598511,-0.037215378135442734,0.755841851234436,0.7052074670791626,-0.08558112382888794,0.7913038730621338,0.7266792058944702,-0.1059965044260025,0.8204506635665894,0.7432569861412048,-0.10832719504833221,0.7953282594680786,0.754615306854248,-0.04176638647913933,0.7629097700119019,0.7437714338302612,-0.08239346742630005,0.7833743095397949,0.7530704140663147,-0.09552926570177078,0.8064402341842651,0.7607867121696472,-0.0981692522764206,scissors
0.2502736747264862,0.42740505933761597,3.62369938500251e-08,0.24415774643421173,0.38772377371788025,-0.018061332404613495,0.2580023407936096,0.3462555408477783,-0.02644713595509529,0.28614819049835205,0.3246120810508728,-0.035231463611125946,0.31271249055862427,0.3286300301551819,-0.04211227968335152,0.30627894401550293,0.34970715641975403,-0.0007525476976297796,0.32849761843681335,0.3145374655723572,-0.013628576882183552,0.339801549911499,0.2900347113609314,-0.024174509570002556,0.35003334283828735,0.2725377380847931,-0.03147108852863312,0.3216986656188965,0.36305490136146545,-0.0006452693487517536,0.3617574870586395,0.3379088044166565,-0.015798497945070267,0.3799264430999756,0.3138340413570404,-0.02691933885216713,0.390514612197876,0.2965087592601776,-0.03249908611178398,0.32915928959846497,0.38007640838623047,-0.004233870655298233,0.36125448346138,0.35417670011520386,-0.025933634489774704,0.34739866852760315,0.34109166264533997,-0.03505910187959671,0.33022788166999817,0.33809882402420044,-0.035098008811473846,0.3317638337612152,0.4020266830921173,-0.009223481640219688,0.3532438278198242,0.3760794699192047,-0.026808692142367363,0.34155336022377014,0.36461108922958374,-0.032052744179964066,0.32445523142814636,0.36294758319854736,-0.03185196593403816,scissors
0.8347393870353699,0.560202419757843,4.285427905870165e-07,0.8337268829345703,0.5355342030525208,-0.0453590527176857,0.7975851893424988,0.5051181316375732,-0.05865634232759476,0.7456367611885071,0.5014671683311462,-0.06512493640184402,0.7036093473434448,0.4992453157901764,-0.06895662099123001,0.7752024531364441,0.4504164457321167,-0.0261869914829731,0.7383425235748291,0.4083453416824341,-0.03994361683726311,0.7152900099754333,0.3815603256225586,-0.05168389901518822,0.6955834627151489,0.3559335768222809,-0.06069175526499748,0.7481462359428406,0.4644836187362671,-0.014486943371593952,0.6994298100471497,0.43019503355026245,-0.028308412060141563,0.6697548031806946,0.4094524085521698,-0.041040826588869095,0.6463702917098999,0.3883461356163025,-0.04811942204833031,0.7331306338310242,0.4869612455368042,-0.008236645720899105,0.6942390203475952,0.4741772711277008,-0.0371018722653389,0.715768039226532,0.49745112657546997,-0.049766119569540024,0.7346550822257996,0.5083465576171875,-0.049258507788181305,0.7296654582023621,0.51258385181427,-0.005307185463607311,0.7023621797561646,0.5067280530929565,-0.032955680042505264,0.7179075479507446,0.518798291683197,-0.04151277616620064,0.7360005378723145,0.5246448516845703,-0.04127427190542221,scissors
0.8350731730461121,0.640089750289917,2.7827584858641785e-07,0.7646255493164062,0.5928542017936707,0.059076711535453796,0.7270795702934265,0.5773594379425049,0.05346251279115677,0.7026496529579163,0.5541272163391113,0.028122292831540108,0.6750579476356506,0.5357687473297119,0.004362727515399456,0.6662219166755676,0.6512741446495056,0.01322881504893303,0.5931227207183838,0.6702058911323547,-0.012302727438509464,0.54856276512146,0.665302574634552,-0.025345271453261375,0.5115649700164795,0.6527553796768188,-0.03474126011133194,0.683579683303833,0.6566046476364136,-0.03766651824116707,0.596053957939148,0.6789973974227905,-0.08402768522500992,0.5472058057785034,0.6653572916984558,-0.09600863605737686,0.5114902257919312,0.6482961177825928,-0.098422572016716,0.7091396450996399,0.6471195220947266,-0.08298603445291519,0.6497601866722107,0.5911986827850342,-0.11334671825170517,0.6669723391532898,0.5483350157737732,-0.08686043322086334,0.6879229545593262,0.5292840003967285,-0.06031549721956253,0.7350290417671204,0.6218499541282654,-0.12509237229824066,0.6935186386108398,0.5690344572067261,-0.1343715488910675,0.7015348076820374,0.5383144617080688,-0.11141353100538254,0.7131486535072327,0.5203269720077515,-0.08978600800037384,scissors
0.16535037755966187,0.882779061794281,-5.524034918380494e-08,0.16286031901836395,0.8483920097351074,-0.012759806588292122,0.16918811202049255,0.8113383054733276,-0.01868181675672531,0.193454772233963,0.7956537008285522,-0.025556117296218872,0.21843892335891724,0.7984663844108582,-0.031668294221162796,0.1955542117357254,0.79450923204422,-0.0033370526507496834,0.20401330292224884,0.7548764944076538,-0.014126729220151901,0.20847873389720917,0.7304679751396179,-0.02220200188457966,0.2156175971031189,0.7123024463653564,-0.0272300373762846,0.21227742731571198,0.8049261569976807,-0.005215817596763372,0.237309992313385,0.7628560066223145,-0.015590065158903599,0.2516458034515381,0.7380354404449463,-0.021945975720882416,0.26313644647598267,0.7207328677177429,-0.02521539479494095,0.22362647950649261,0.8216339945793152,-0.009428061544895172,0.2383914440870285,0.7977442145347595,-0.02759418450295925,0.21861739456653595,0.8106284141540527,-0.02985612116754055,0.20273107290267944,0.8238186836242676,-0.025945907458662987,0.23145680129528046,0.8421095609664917,-0.014659453183412552,0.24147801101207733,0.8195226192474365,-0.028053387999534607,0.22674593329429626,0.8253901600837708,-0.025586560368537903,0.21295951306819916,0.8346908688545227,-0.02047508955001831,scissors
0.45457783341407776,0.1692560464143753,-1.1885079231888085e-07,0.4911866784095764,0.14724576473236084,0.002801553113386035,0.5216913819313049,0.15131959319114685,0.0011810739524662495,0.5471659898757935,0.16119666397571564,-0.003915673587471247,0.5639488101005554,0.17560099065303802,-0.009110071696341038,0.5071830153465271,0.21718937158584595,0.01638680510222912,0.5407323241233826,0.22969534993171692,0.018738524988293648,0.5620766878128052,0.2380702942609787,0.02041703835129738,0.5776093602180481,0.24401316046714783,0.020628688856959343,0.5042349100112915,0.22624734044075012,0.011248842813074589,0.5436269044876099,0.22432458400726318,0.00895486306399107,0.5535417795181274,0.20687919855117798,0.008902156725525856,0.5521953701972961,0.1970301866531372,0.010553447529673576,0.506055474281311,0.22630710899829865,0.004957160912454128,0.5508848428726196,0.21878257393836975,-0.0005327040562406182,0.5582776665687561,0.193308025598526,-0.002248444827273488,0.5517573952674866,0.1767827868461609,-0.00149559136480093,0.5127591490745544,0.21963174641132355,-0.001273167785257101,0.5507487654685974,0.20637784898281097,-0.005626703146845102,0.5569442510604858,0.1880870759487152,-0.0069994512014091015,0.5512439012527466,0.1738128811120987,-0.00644766166806221,scissors
0.7951839566230774,0.7786088585853577,2.96567804980441e-07,0.7533679604530334,0.6230567097663879,0.07395603507757187,0.6780626773834229,0.5429529547691345,0.09103839099407196,0.580385148525238,0.5100712776184082,0.10115062445402145,0.5083264112472534,0.514067530632019,0.11189454793930054,0.6290627717971802,0.5244503021240234,-0.0162616278976202,0.4825385808944702,0.45394444465637207,-0.026233863085508347,0.4332957863807678,0.46785637736320496,-0.013859342783689499,0.436485230922699,0.4858374297618866,-0.003983914386481047,0.5758893489837646,0.551575243473053,-0.05109168216586113,0.3810705542564392,0.4398787319660187,-0.1124255582690239,0.2728276252746582,0.3615468144416809,-0.13603296875953674,0.21385619044303894,0.3036889433860779,-0.14712642133235931,0.5372251272201538,0.6030754446983337,-0.06840110570192337,0.3649381995201111,0.5218143463134766,-0.10457612574100494,0.28780338168144226,0.49804478883743286,-0.096452996134758,0.24347597360610962,0.48168420791625977,-0.08228576928377151,0.5312206149101257,0.6602754592895508,-0.07428193092346191,0.41139960289001465,0.5850644707679749,-0.084671251475811,0.3625030219554901,0.5686095356941223,-0.07021015882492065,0.3216874599456787,0.5600125193595886,-0.05625685304403305,scissors
0.4051644504070282,0.6253565549850464,-3.027807906619273e-07,0.40429776906967163,0.5407178997993469,-0.009179736487567425,0.4406724274158478,0.4751530885696411,-0.01504516787827015,0.47494959831237793,0.44883573055267334,-0.0282576996833086,0.5090139508247375,0.4520096182823181,-0.04124581441283226,0.5313827991485596,0.4531046748161316,0.010761088691651821,0.5651320219039917,0.36671069264411926,-0.01761387474834919,0.5846469402313232,0.30987548828125,-0.04296298697590828,0.6057639718055725,0.2670276165008545,-0.06150577962398529,0.5578959584236145,0.4868670701980591,-0.005049210507422686,0.6037604808807373,0.39719507098197937,-0.04139351844787598,0.6241409182548523,0.3320600986480713,-0.0733540877699852,0.6428839564323425,0.28492891788482666,-0.09253283590078354,0.5741916298866272,0.5273865461349487,-0.024232465773820877,0.589272677898407,0.456563264131546,-0.06963922828435898,0.5186312794685364,0.461198627948761,-0.07814349979162216,0.4701653718948364,0.4782208204269409,-0.07194871455430984,0.5823304057121277,0.5729713439941406,-0.04476349428296089,0.5719104409217834,0.5089178681373596,-0.07779206335544586,0.5187390446662903,0.5033311247825623,-0.0768137127161026,0.48048755526542664,0.5116917490959167,-0.06822163611650467,scissors
0.9606919288635254,0.3515116572380066,-6.171222111106545e-08,0.8786494731903076,0.3453996181488037,0.03996243327856064,0.8426195383071899,0.30918365716934204,0.05773352459073067,0.8293280601501465,0.26055940985679626,0.06829795986413956,0.8322191834449768,0.22800004482269287,0.07831346988677979,0.7988559007644653,0.2655573785305023,0.03617748245596886,0.7276294231414795,0.2242630124092102,0.03842776641249657,0.6837109327316284,0.20885233581066132,0.03689035028219223,0.6505124568939209,0.19939261674880981,0.039616659283638,0.8249368071556091,0.22786766290664673,0.024933816865086555,0.7899907827377319,0.16508394479751587,0.04428762570023537,0.7741797566413879,0.13327261805534363,0.0497371070086956,0.7597284317016602,0.11259105801582336,0.05276341736316681,0.8641870617866516,0.20271269977092743,0.017520619556307793,0.8705850839614868,0.19017194211483002,0.04745839163661003,0.8837628960609436,0.21157847344875336,0.054915111511945724,0.8905102610588074,0.22926722466945648,0.057632964104413986,0.9058887362480164,0.18954364955425262,0.011996748857200146,0.9115398526191711,0.18410001695156097,0.04977745935320854,0.9197108745574951,0.20393523573875427,0.069515161216259,0.9271314144134521,0.2228715419769287,0.08256187289953232,scissors
0.4850267767906189,0.42604994773864746,2.0934997735366778e-07,0.5009006261825562,0.4290221333503723,-0.062344133853912354,0.5374279618263245,0.410092830657959,-0.07839799672365189,0.5863126516342163,0.39812833070755005,-0.08063068240880966,0.6245428323745728,0.3810775578022003,-0.07762513309717178,0.539802610874176,0.3240640163421631,-0.056236978620290756,0.5658527612686157,0.26747921109199524,-0.07651276141405106,0.5849276781082153,0.23688015341758728,-0.09325969964265823,0.6060523986816406,0.21078306436538696,-0.10583659261465073,0.5601844191551208,0.32758045196533203,-0.032198190689086914,0.6008400917053223,0.26613175868988037,-0.04664989188313484,0.6360893845558167,0.25150129199028015,-0.060462161898612976,0.6623274087905884,0.2436261773109436,-0.07232054322957993,0.5754145979881287,0.34312257170677185,-0.013848278671503067,0.6231446862220764,0.3254016935825348,-0.042069755494594574,0.6253682971000671,0.3610890805721283,-0.0630103200674057,0.6132977604866028,0.383817195892334,-0.07330556958913803,0.5871180891990662,0.363114595413208,0.0003094972635153681,0.6145970225334167,0.36486905813217163,-0.03230777010321617,0.6118007302284241,0.3925556540489197,-0.051803287118673325,0.60008704662323,0.4100860059261322,-0.06193927675485611,scissors
0.7074796557426453,0.5706471800804138,2.3945032623373663e-08,0.6684994697570801,0.5842692852020264,-0.0022814208641648293,0.6369537115097046,0.5682615637779236,-0.0021994835697114468,0.627470076084137,0.5432797074317932,-0.0013075650203973055,0.632840633392334,0.5264018177986145,-0.00037949284887872636,0.6279118061065674,0.5414292216300964,-0.009392330422997475,0.586774468421936,0.5320577621459961,-0.015020420774817467,0.5619360208511353,0.5260801911354065,-0.01876525767147541,0.5445829033851624,0.5197370648384094,-0.02119363658130169,0.6403545141220093,0.5239915251731873,-0.009346808306872845,0.5984299182891846,0.5085410475730896,-0.012168739922344685,0.5743293762207031,0.4983891248703003,-0.013089657761156559,0.5589001178741455,0.48717689514160156,-0.013757544569671154,0.6555120348930359,0.5138928294181824,-0.008866492658853531,0.6310982704162598,0.5127867460250854,-0.011656379327178001,0.6323608160018921,0.5253387689590454,-0.009656684473156929,0.6404301524162292,0.5354910492897034,-0.006923513021320105,0.6699417233467102,0.5086871981620789,-0.008837730623781681,0.6501503586769104,0.5154711604118347,-0.012072938494384289,0.6525246500968933,0.5254510045051575,-0.009817003272473812,0.6609703302383423,0.5316676497459412,-0.006551858503371477,scissors
0.12204736471176147,0.7519557476043701,9.543372243570047e-07,0.11373591423034668,0.6696956157684326,-0.09773004055023193,0.1546023190021515,0.6029806137084961,-0.12842915952205658,0.22876834869384766,0.5911608338356018,-0.1496087610721588,0.30240747332572937,0.6086448431015015,-0.16426382958889008,0.22640438377857208,0.5173331499099731,-0.014191851019859314,0.277556449174881,0.4294210970401764,-0.03797580674290657,0.31396183371543884,0.37093156576156616,-0.05502396076917648,0.34176862239837646,0.3296569287776947,-0.0653587356209755,0.2627086341381073,0.5630930066108704,0.013157065957784653,0.34865161776542664,0.489077091217041,-0.007969706319272518,0.409319132566452,0.45045191049575806,-0.02881477214396,0.4612811803817749,0.4161584973335266,-0.03839384764432907,0.27865079045295715,0.6159564256668091,0.023402363061904907,0.35308292508125305,0.5887186527252197,-0.03978957235813141,0.30611205101013184,0.6280420422554016,-0.08242083340883255,0.2646966874599457,0.6539798378944397,-0.0915280133485794,0.29483523964881897,0.66525799036026,0.027090318500995636,0.32784655690193176,0.6508961319923401,-0.039116762578487396,0.29809853434562683,0.6770190596580505,-0.07768266648054123,0.2672176957130432,0.6944812536239624,-0.09191059321165085,scissors
0.8443912863731384,0.7191261053085327,9.47384023675113e-07,0.8508684039115906,0.7172174453735352,-0.07099317014217377,0.8245636224746704,0.7100479006767273,-0.1087677925825119,0.7709741592407227,0.7195959091186523,-0.1355133205652237,0.7241125106811523,0.7219053506851196,-0.16263970732688904,0.7951438426971436,0.6186777353286743,-0.09503189474344254,0.7668238878250122,0.5583992600440979,-0.1270631104707718,0.7536522150039673,0.5172639489173889,-0.14616860449314117,0.7422420978546143,0.4781128466129303,-0.1586892306804657,0.7657840847969055,0.625535249710083,-0.07126842439174652,0.7118973731994629,0.5875380039215088,-0.10989029705524445,0.6707361936569214,0.553846001625061,-0.13542702794075012,0.6414415836334229,0.5245961546897888,-0.15016980469226837,0.7497758269309998,0.6492619514465332,-0.04915790632367134,0.7062662243843079,0.6681132912635803,-0.08439676463603973,0.718771755695343,0.7046940922737122,-0.09254027903079987,0.737851619720459,0.7223361730575562,-0.0898527279496193,0.7423059344291687,0.6742787957191467,-0.032170847058296204,0.7117140889167786,0.6987306475639343,-0.059761323034763336,0.7261002063751221,0.7264878153800964,-0.063808873295784,0.7483490705490112,0.7388320565223694,-0.060240477323532104,scissors
0.8039132356643677,0.48671337962150574,9.450733529092759e-08,0.7569547891616821,0.4566805958747864,-0.03761071711778641,0.7038007378578186,0.4409358501434326,-0.03312141075730324,0.6577149033546448,0.45339280366897583,-0.01987435296177864,0.6329284310340881,0.47429558634757996,-0.0056690494529902935,0.7010071873664856,0.3805983066558838,0.0015910642687231302,0.6387712359428406,0.3499232232570648,0.011377817019820213,0.6068437695503235,0.3283080458641052,0.015769682824611664,0.5867405533790588,0.30729740858078003,0.017539285123348236,0.6990514993667603,0.4009391665458679,0.02433476224541664,0.6394473910331726,0.4074833393096924,0.03249206021428108,0.6077090501785278,0.41442686319351196,0.026382755488157272,0.5924134850502014,0.41680556535720825,0.022072065621614456,0.7001936435699463,0.4253852367401123,0.04223889112472534,0.6502543687820435,0.4483170211315155,0.03770315647125244,0.6406087875366211,0.4674674868583679,0.013171213679015636,0.6426252722740173,0.47308972477912903,0.0005202091997489333,0.7029315233230591,0.45153793692588806,0.057584699243307114,0.6654632687568665,0.4659702479839325,0.04540267959237099,0.6586549282073975,0.4779362976551056,0.027069391682744026,0.6611149311065674,0.4848945736885071,0.017499564215540886,scissors
0.5181305408477783,0.3554006814956665,5.937610580986075e-07,0.4281882345676422,0.3361944258213043,-0.02173510380089283,0.3496987819671631,0.37237870693206787,-0.02776721678674221,0.3071712255477905,0.4322122037410736,-0.03730015456676483,0.3134671449661255,0.49495160579681396,-0.04532948136329651,0.31134334206581116,0.460170179605484,0.0045464541763067245,0.22114554047584534,0.5033491253852844,-0.006344457622617483,0.1684507578611374,0.5303748250007629,-0.016914714127779007,0.12464924156665802,0.5528606176376343,-0.027006154879927635,0.33798059821128845,0.4966953694820404,-0.006446513347327709,0.25664982199668884,0.5715203285217285,-0.02756563574075699,0.19523631036281586,0.6118394136428833,-0.04919276759028435,0.15103182196617126,0.6478644609451294,-0.06345882266759872,0.37524595856666565,0.5138277411460876,-0.022002646699547768,0.31172502040863037,0.5819792151451111,-0.0639757290482521,0.3032259941101074,0.5310342907905579,-0.08738020062446594,0.31603050231933594,0.486866295337677,-0.09238332509994507,0.41324588656425476,0.5139712691307068,-0.03897842392325401,0.3460697829723358,0.5441874861717224,-0.07713457942008972,0.3377322256565094,0.4986143410205841,-0.09120780229568481,0.3537333607673645,0.452808141708374,-0.09467173367738724,scissors
0.8787400126457214,0.6162247657775879,2.413304116544168e-07,0.8513689041137695,0.5950179100036621,-0.01549507025629282,0.8179004788398743,0.5935952067375183,-0.022971509024500847,0.8011990785598755,0.6244204640388489,-0.031127994880080223,0.7935371994972229,0.653427243232727,-0.03875092417001724,0.7605264782905579,0.6067312359809875,-0.011512890458106995,0.7158876061439514,0.5953666567802429,-0.0208088718354702,0.6882225275039673,0.5902743935585022,-0.027591196820139885,0.6633166074752808,0.5869666934013367,-0.03386867791414261,0.764197826385498,0.6335783004760742,-0.01471179723739624,0.7202078700065613,0.6447856426239014,-0.027903418987989426,0.6931447982788086,0.6542690992355347,-0.03850140422582626,0.66963130235672,0.6623610258102417,-0.04586942493915558,0.7802276015281677,0.652570366859436,-0.01973024010658264,0.7539772987365723,0.6670297980308533,-0.04025300219655037,0.7704448103904724,0.6540679335594177,-0.048864640295505524,0.7857903242111206,0.6427650451660156,-0.05033091455698013,0.8032456040382385,0.6643633842468262,-0.02588808164000511,0.7892582416534424,0.6712870001792908,-0.043109744787216187,0.8017551898956299,0.6562256217002869,-0.047676388174295425,0.8158992528915405,0.6403512954711914,-0.048117853701114655,scissors
0.6852682828903198,0.1810784786939621,-1.83821331489753e-08,0.6517269015312195,0.17526742815971375,0.00239167595282197,0.6372074484825134,0.1553601771593094,0.005779053084552288,0.6392922401428223,0.134877547621727,0.008460599929094315,0.6444945335388184,0.12284336984157562,0.011442280374467373,0.6284151077270508,0.12873435020446777,0.006282143294811249,0.6028376817703247,0.10694959759712219,0.007288327906280756,0.5880399942398071,0.09483566880226135,0.00779611524194479,0.577511191368103,0.08468963205814362,0.008893505670130253,0.6449199914932251,0.11796683073043823,0.00626498693600297,0.6268069744110107,0.09656285494565964,0.010224556550383568,0.6174129843711853,0.08555129170417786,0.010415435768663883,0.6115221381187439,0.07609006762504578,0.010503416880965233,0.6624598503112793,0.11412264406681061,0.00637152511626482,0.6536313891410828,0.11528778076171875,0.009366856887936592,0.6550254821777344,0.1268775314092636,0.007651679217815399,0.6586424708366394,0.1360134482383728,0.007160810753703117,0.6784921288490295,0.112931028008461,0.006580517627298832,0.6686022281646729,0.11575080454349518,0.011507262475788593,0.6690305471420288,0.12505528330802917,0.01383590791374445,0.6718141436576843,0.1330631673336029,0.015969792380928993,scissors
0.5497488975524902,0.3811202049255371,3.358332207881176e-07,0.541265070438385,0.3615151643753052,-0.018146498128771782,0.5155342817306519,0.3449864387512207,-0.023917680606245995,0.4859751760959625,0.3460324704647064,-0.027774248272180557,0.4628393054008484,0.34978941082954407,-0.03003476932644844,0.4924921691417694,0.3210950195789337,-0.010133840143680573,0.4665047824382782,0.2926211357116699,-0.018291953951120377,0.4496283233165741,0.2748062312602997,-0.023824620991945267,0.435790479183197,0.26058584451675415,-0.027163177728652954,0.479104608297348,0.33731985092163086,-0.00668919226154685,0.4428348243236542,0.319979727268219,-0.014958173036575317,0.41771405935287476,0.3092000484466553,-0.021145286038517952,0.39796608686447144,0.3004579246044159,-0.023825891315937042,0.4764767587184906,0.35576069355010986,-0.005374615546315908,0.45315998792648315,0.3511013388633728,-0.019175250083208084,0.4595354497432709,0.3549168109893799,-0.023310158401727676,0.46508410573005676,0.3570702075958252,-0.021281825378537178,0.4819585084915161,0.37381699681282043,-0.005457343067973852,0.4659944474697113,0.3710314929485321,-0.0166973564773798,0.4668194651603699,0.37237033247947693,-0.01785249263048172,0.4684489965438843,0.37289097905158997,-0.015320819802582264,scissors
0.792964518070221,0.35907408595085144,2.79763874289074e-08,0.8204119801521301,0.39620497822761536,0.002441799733787775,0.8223593831062317,0.428549200296402,0.002419015159830451,0.8058497905731201,0.4460233747959137,0.0024430337361991405,0.7928134799003601,0.45244356989860535,0.002808045595884323,0.7987455129623413,0.4551156759262085,-0.00995756033807993,0.8016893863677979,0.4996979236602783,-0.013218915089964867,0.8049606084823608,0.5239889621734619,-0.013960640877485275,0.8045271635055542,0.5408335328102112,-0.013897529803216457,0.7770171761512756,0.45054391026496887,-0.01103291567414999,0.7677128314971924,0.5005447864532471,-0.014117710292339325,0.7618431448936462,0.5304542183876038,-0.014259337447583675,0.7546640634536743,0.5494307279586792,-0.014255089685320854,0.761590838432312,0.4394291341304779,-0.010119566693902016,0.7693317532539368,0.46686720848083496,-0.008331015706062317,0.7822242379188538,0.4598345160484314,-0.002742397366091609,0.7894713878631592,0.4483880400657654,0.0014333976432681084,0.7505651712417603,0.42404255270957947,-0.009362360462546349,0.7652686238288879,0.4425760507583618,-0.0032928448636084795,0.7746388912200928,0.43708914518356323,0.0045620291493833065,0.7778611183166504,0.42778289318084717,0.010392717085778713,scissors
0.13843481242656708,0.4961867928504944,2.3997062115199697e-08,0.11510157585144043,0.469712495803833,-0.010357271879911423,0.10012563318014145,0.4399126470088959,-0.017657484859228134,0.11053302884101868,0.4189421534538269,-0.02665875479578972,0.13075020909309387,0.4121202528476715,-0.03495605289936066,0.12249423563480377,0.4075073003768921,-0.005812738090753555,0.1079270988702774,0.36907362937927246,-0.018326476216316223,0.09969449043273926,0.34609824419021606,-0.027121301740407944,0.09503872692584991,0.3270474374294281,-0.03274974226951599,0.14271244406700134,0.4082210063934326,-0.009477933868765831,0.14349716901779175,0.3646519184112549,-0.02237911894917488,0.13993388414382935,0.34022611379623413,-0.029870199039578438,0.13769344985485077,0.32160910964012146,-0.033468250185251236,0.16082137823104858,0.4175579249858856,-0.0149695361033082,0.15941990911960602,0.3898649215698242,-0.032665930688381195,0.1436556726694107,0.4074796438217163,-0.03349559009075165,0.13325324654579163,0.4250308573246002,-0.028666958212852478,0.17687956988811493,0.4333040714263916,-0.02152770385146141,0.1717214584350586,0.4137575328350067,-0.033095359802246094,0.15814924240112305,0.4224584996700287,-0.030431102961301804,0.1487341970205307,0.43475526571273804,-0.025248346850275993,scissors
0.47251778841018677,0.2931799292564392,-7.44127426344221e-09,0.5043128728866577,0.30053994059562683,-0.02015049196779728,0.5320011973381042,0.28184783458709717,-0.024879779666662216,0.5494341254234314,0.26221197843551636,-0.023632600903511047,0.5559072494506836,0.24582451581954956,-0.020336298272013664,0.5448081493377686,0.24047644436359406,-0.0309019535779953,0.5812045931816101,0.20017540454864502,-0.036647479981184006,0.5984207987785339,0.1757703423500061,-0.040181927382946014,0.6115462183952332,0.1563926339149475,-0.04205583035945892,0.5378751754760742,0.2322998344898224,-0.01816633902490139,0.5580795407295227,0.1975231021642685,-0.019297609105706215,0.5642348527908325,0.180323988199234,-0.020527975633740425,0.5679677724838257,0.16700497269630432,-0.02247418276965618,0.5286154747009277,0.2335924208164215,-0.005397581495344639,0.5393853783607483,0.22583653032779694,-0.005064049270004034,0.5353367924690247,0.24338509142398834,-0.009025135077536106,0.5315171480178833,0.2551376521587372,-0.012287575751543045,0.519436776638031,0.23862682282924652,0.006144900806248188,0.5294130444526672,0.23835569620132446,0.007128035183995962,0.5286065340042114,0.25161248445510864,0.006211305037140846,0.5233834981918335,0.26211991906166077,0.005747102200984955,scissors
0.2807311415672302,0.4494996964931488,3.2233461411124154e-07,0.3449392318725586,0.39921504259109497,0.0854378417134285,0.3649016320705414,0.3489034175872803,0.10021462291479111,0.36099621653556824,0.30771198868751526,0.10672537237405777,0.3530334532260895,0.26797807216644287,0.11260288953781128,0.40567633509635925,0.31868159770965576,-0.014380238018929958,0.4556633532047272,0.26572802662849426,-0.024972520768642426,0.4940231442451477,0.23250815272331238,-0.0368044488132,0.5263477563858032,0.20518144965171814,-0.04766407236456871,0.3668646812438965,0.3079720139503479,-0.04108550027012825,0.4006637930870056,0.22485601902008057,-0.052629485726356506,0.42360720038414,0.17503045499324799,-0.05133223161101341,0.4430265426635742,0.13693583011627197,-0.05702127143740654,0.3241565227508545,0.30219772458076477,-0.050429053604602814,0.33553776144981384,0.23777341842651367,-0.008690891787409782,0.3372401297092438,0.24954141676425934,0.044548097997903824,0.339873343706131,0.2647252678871155,0.06702432036399841,0.2849101722240448,0.3004832863807678,-0.054883912205696106,0.29371777176856995,0.2708088457584381,-0.007275644689798355,0.29363811016082764,0.29012227058410645,0.03493981435894966,0.2945173680782318,0.3093082904815674,0.058248624205589294,scissors
0.7737788558006287,0.3867383599281311,6.61190313167026e-07,0.7853015661239624,0.32427534461021423,-0.027999144047498703,0.7400664687156677,0.2540726959705353,-0.03640630841255188,0.6740236878395081,0.23241987824440002,-0.04474284499883652,0.6218302845954895,0.2492765188217163,-0.05240989103913307,0.6804275512695312,0.2325398027896881,-0.01622416451573372,0.6312944293022156,0.15440842509269714,-0.03312467038631439,0.6033097505569458,0.10441885888576508,-0.04530913382768631,0.5783355236053467,0.06280648708343506,-0.05521243438124657,0.6542904376983643,0.26248905062675476,-0.02081967517733574,0.5839452743530273,0.20162039995193481,-0.047845277935266495,0.5487328767776489,0.15623492002487183,-0.06885439157485962,0.5149521231651306,0.12405867874622345,-0.0802881047129631,0.6397707462310791,0.30142831802368164,-0.028432074934244156,0.6114372611045837,0.2550402283668518,-0.07554782181978226,0.6693974733352661,0.2694905400276184,-0.08783730119466782,0.7031475901603699,0.2859243154525757,-0.082145094871521,0.6370351910591125,0.3421623706817627,-0.03717508912086487,0.6266356706619263,0.29540184140205383,-0.07965420931577682,0.6783297061920166,0.3028499186038971,-0.08501296490430832,0.7124261856079102,0.3205717206001282,-0.07947836071252823,scissors
0.4162163734436035,0.7344937920570374,-1.2002177030012717e-08,0.4794616103172302,0.6507893800735474,-0.01945130154490471,0.5725854635238647,0.6136031746864319,-0.013743638060986996,0.6416119933128357,0.647524893283844,-0.011886777356266975,0.6708031892776489,0.6945109963417053,-0.008158802054822445,0.632605254650116,0.600339949131012,0.016460401937365532,0.7191179394721985,0.5410157442092896,-0.0007397533627226949,0.7744492888450623,0.5045561790466309,-0.016787726432085037,0.8248076438903809,0.4788617491722107,-0.029666535556316376,0.651523768901825,0.6507431864738464,0.010965843684971333,0.7638294100761414,0.6161108613014221,-0.007803834043443203,0.8327018618583679,0.598354697227478,-0.024569761008024216,0.886142909526825,0.5888674259185791,-0.03580160439014435,0.6458290815353394,0.7039604187011719,-0.00038964615669101477,0.7307227253913879,0.704553484916687,-0.04072226583957672,0.6791388988494873,0.6952356696128845,-0.05201089009642601,0.6277180314064026,0.6915807723999023,-0.04800475016236305,0.6268310546875,0.7589081525802612,-0.013798024505376816,0.685391902923584,0.7547460794448853,-0.05091601237654686,0.653227686882019,0.739316463470459,-0.056001245975494385,0.6119940876960754,0.7323630452156067,-0.05198485031723976,scissors
0.7656591534614563,0.6681963205337524,2.300222945450514e-07,0.7164276838302612,0.6112551093101501,0.04236392676830292,0.6828473210334778,0.5851327180862427,0.03791287913918495,0.6598221063613892,0.5590572953224182,0.017360609024763107,0.6460162997245789,0.5421252846717834,-0.0030568959191441536,0.6187626719474792,0.6437303423881531,0.017114905640482903,0.5614563226699829,0.6189504861831665,-0.0005854063201695681,0.5225539207458496,0.608660876750946,-0.011949567124247551,0.48718592524528503,0.6055577993392944,-0.020959513261914253,0.627787709236145,0.6502026915550232,-0.024069298058748245,0.558493435382843,0.618532657623291,-0.055736999958753586,0.515924870967865,0.6005504727363586,-0.06951717287302017,0.4804055094718933,0.5923988819122314,-0.07682184129953384,0.6471408605575562,0.6479437351226807,-0.06198804825544357,0.6091809868812561,0.5756590962409973,-0.08482234179973602,0.63988196849823,0.5461927652359009,-0.0745164304971695,0.6642088294029236,0.5398274064064026,-0.06317150592803955,0.6708346009254456,0.631197452545166,-0.09755706787109375,0.6468074321746826,0.5725936889648438,-0.10211697220802307,0.6680265665054321,0.554173469543457,-0.08709196746349335,0.6879943013191223,0.5520594120025635,-0.07554636895656586,scissors
0.15807045996189117,0.7493656873703003,5.27097483882244e-07,0.1675715148448944,0.7044156789779663,-0.06705096364021301,0.2097000628709793,0.6684975028038025,-0.07891895622015,0.27388235926628113,0.678034782409668,-0.07896876335144043,0.3203839063644409,0.6971622705459595,-0.07318143546581268,0.23936109244823456,0.5701063275337219,-0.018342431634664536,0.28028860688209534,0.49947357177734375,-0.0279863104224205,0.30520209670066833,0.44869935512542725,-0.04005136713385582,0.3268771171569824,0.4145964980125427,-0.05118904635310173,0.2655855715274811,0.6035234332084656,0.008803246542811394,0.32147741317749023,0.5509856939315796,0.0013611166505143046,0.3624260425567627,0.5316922664642334,-0.014913135208189487,0.39680272340774536,0.5206185579299927,-0.02763332799077034,0.2777724862098694,0.6416968107223511,0.02651725336909294,0.34077244997024536,0.6196779012680054,-0.005108150653541088,0.3295224905014038,0.6466590166091919,-0.03776449337601662,0.3084714412689209,0.6693882346153259,-0.05295870453119278,0.2856321930885315,0.6781410574913025,0.04013940691947937,0.3211362063884735,0.6662659645080566,-0.0033398799132555723,0.3163500428199768,0.6838583946228027,-0.034965988248586655,0.2992185056209564,0.6974033117294312,-0.050980839878320694,scissors
0.9218573570251465,0.777633011341095,4.6636631623186986e-07,0.9336259961128235,0.75649493932724,-0.08594360947608948,0.8973293304443359,0.7257519364356995,-0.12174638360738754,0.8415935635566711,0.7237623929977417,-0.14344128966331482,0.787672758102417,0.7253494262695312,-0.16303405165672302,0.859504222869873,0.6600250005722046,-0.07427553832530975,0.8204774856567383,0.6351075768470764,-0.10169576108455658,0.8004315495491028,0.6187318563461304,-0.12404792755842209,0.7844251394271851,0.5988667607307434,-0.14100968837738037,0.826291561126709,0.6782048344612122,-0.04841870069503784,0.7651413083076477,0.645461916923523,-0.07560571283102036,0.726082444190979,0.6266509294509888,-0.09989254176616669,0.6935404539108276,0.6065622568130493,-0.11788511276245117,0.804185688495636,0.7031433582305908,-0.03084510937333107,0.749356210231781,0.6714695692062378,-0.07265656441450119,0.7531346082687378,0.6884667873382568,-0.09866790473461151,0.7623825073242188,0.7015214562416077,-0.10965630412101746,0.7928356528282166,0.7283138632774353,-0.019324246793985367,0.7468714714050293,0.7102929353713989,-0.05851409584283829,0.7511111497879028,0.715628445148468,-0.08010124415159225,0.7646727561950684,0.7217543125152588,-0.0920037105679512,scissors
0.030066490173339844,0.4316049814224243,6.365058879964636e-07,0.1524907350540161,0.5354185700416565,-0.023855244740843773,0.27243858575820923,0.5214579105377197,0.01873107999563217,0.3246510624885559,0.4692993462085724,0.084272101521492,0.3426485061645508,0.4159596562385559,0.15674714744091034,0.3232841491699219,0.4060588479042053,0.01657419092953205,0.4172898530960083,0.4563519060611725,0.0781935602426529,0.46301209926605225,0.4887465238571167,0.11877427995204926,0.5026584267616272,0.512055516242981,0.14610469341278076,0.28452131152153015,0.3499988913536072,0.06773898005485535,0.3991855978965759,0.37857428193092346,0.15016064047813416,0.4576963186264038,0.3878542482852936,0.17863689363002777,0.5059188604354858,0.37722671031951904,0.1876094788312912,0.24223805963993073,0.32050156593322754,0.11750032752752304,0.3082464039325714,0.3946378529071808,0.16919095814228058,0.2406941056251526,0.4492131173610687,0.1293734759092331,0.20063616335391998,0.46651729941368103,0.09582933038473129,0.21457576751708984,0.3011881113052368,0.16905972361564636,0.2522624731063843,0.3751443028450012,0.1827392727136612,0.20658308267593384,0.41789862513542175,0.14097905158996582,0.16615784168243408,0.4230005443096161,0.10745660960674286,scissors
0.42580729722976685,0.6665961742401123,1.748073970020414e-07,0.4144879877567291,0.6405122876167297,-0.10019992291927338,0.42473697662353516,0.59613037109375,-0.16310957074165344,0.4281420111656189,0.5612590909004211,-0.21356184780597687,0.4419448971748352,0.5568535923957825,-0.25733938813209534,0.5397495627403259,0.5879765152931213,-0.1268787384033203,0.51146399974823,0.5513935089111328,-0.19322246313095093,0.4698463976383209,0.5568109750747681,-0.22013799846172333,0.4562712013721466,0.5595540404319763,-0.23098215460777283,0.5458664894104004,0.5874541997909546,-0.10542319715023041,0.5562520623207092,0.5224429368972778,-0.17584311962127686,0.5566765666007996,0.4819800853729248,-0.19379964470863342,0.5809463262557983,0.4414040446281433,-0.19711335003376007,0.5372033715248108,0.5927161574363708,-0.09345925599336624,0.5039685964584351,0.5456956624984741,-0.16245925426483154,0.4550246298313141,0.569037914276123,-0.1598253697156906,0.4503200054168701,0.5913717150688171,-0.1447085738182068,0.5265273451805115,0.5981625318527222,-0.08989135921001434,0.4809844493865967,0.5683121085166931,-0.13416479527950287,0.4451112151145935,0.5846226811408997,-0.1355505883693695,0.4442950487136841,0.6035406589508057,-0.12928344309329987,scissors
0.27739590406417847,0.6460708975791931,2.0692056068583042e-07,0.3213808536529541,0.5726706981658936,-0.02501165308058262,0.40278661251068115,0.5476878881454468,-0.022019853815436363,0.4716927409172058,0.5860746502876282,-0.01911594532430172,0.5053120851516724,0.6318014860153198,-0.015318362042307854,0.4424115717411041,0.5366203784942627,0.014927411451935768,0.5254888534545898,0.4923701584339142,0.004612842574715614,0.5762451887130737,0.46623677015304565,-0.00168359384406358,0.6183335781097412,0.4497385621070862,-0.006604500114917755,0.45106735825538635,0.5817598104476929,0.0159218180924654,0.5453449487686157,0.5539306998252869,0.0026555461809039116,0.6012491583824158,0.5358070135116577,-0.008239411748945713,0.644762396812439,0.5281229019165039,-0.012690259143710136,0.4407927691936493,0.6254869699478149,0.01071938220411539,0.5053435564041138,0.6255293488502502,-0.029385758563876152,0.45997998118400574,0.6165221333503723,-0.043453868478536606,0.42253801226615906,0.6177993416786194,-0.04012925550341606,0.4232209324836731,0.6649312376976013,0.004473240114748478,0.4491252303123474,0.6423517465591431,-0.04035594314336777,0.4067285358905792,0.6285842061042786,-0.053611189126968384,0.3727828860282898,0.6311910152435303,-0.05324869230389595,scissors
0.25910109281539917,0.9157416224479675,4.5303116280592803e-07,0.221334308385849,0.8264475464820862,-0.017780762165784836,0.23531731963157654,0.7247576713562012,-0.03263000026345253,0.2710406184196472,0.6572226285934448,-0.05746907740831375,0.3292360305786133,0.662466287612915,-0.0789603590965271,0.36664795875549316,0.6696443557739258,0.025690672919154167,0.41277626156806946,0.571763813495636,0.003506292123347521,0.44163233041763306,0.5131117105484009,-0.010632820427417755,0.4705081582069397,0.4695447087287903,-0.021233927458524704,0.4112027883529663,0.7038527727127075,0.0027016301173716784,0.4624357223510742,0.5881907343864441,-0.0295680183917284,0.4971959590911865,0.5175999999046326,-0.054322414100170135,0.5240006446838379,0.46715572476387024,-0.06613283604383469,0.4351295828819275,0.7515479922294617,-0.02749600075185299,0.43054136633872986,0.6671055555343628,-0.08159523457288742,0.3531302809715271,0.689859926700592,-0.09265435487031937,0.2995185852050781,0.7221656441688538,-0.08379339426755905,0.44151607155799866,0.7999359965324402,-0.06023262441158295,0.39687517285346985,0.7220212817192078,-0.10300537943840027,0.3282638192176819,0.7188206911087036,-0.10972003638744354,0.277115136384964,0.728358268737793,-0.10498085618019104,scissors
0.6387487649917603,0.49681442975997925,7.24422477560438e-08,0.6560585498809814,0.4745805263519287,-0.0326010063290596,0.6908164024353027,0.46224310994148254,-0.04472025856375694,0.7225838899612427,0.47904565930366516,-0.05360943451523781,0.7477174997329712,0.5013747811317444,-0.05971686914563179,0.7479261159896851,0.44179192185401917,-0.024653423577547073,0.7902546525001526,0.41101112961769104,-0.04283907264471054,0.8180477619171143,0.3933911621570587,-0.05538307502865791,0.8430160284042358,0.38032880425453186,-0.06354280561208725,0.7588956356048584,0.4679027497768402,-0.019886726513504982,0.8134853839874268,0.4546631872653961,-0.03476973623037338,0.8435905575752258,0.45239704847335815,-0.04230011999607086,0.8693118691444397,0.4512394070625305,-0.04659833386540413,0.7547937631607056,0.4931356906890869,-0.019331319257616997,0.7880604267120361,0.4998810291290283,-0.04362711310386658,0.757561981678009,0.5036628842353821,-0.04624344781041145,0.7365029454231262,0.502987802028656,-0.041978854686021805,0.7418060898780823,0.5168342590332031,-0.02176271565258503,0.7622278332710266,0.5220954418182373,-0.041302330791950226,0.7436534762382507,0.5226494073867798,-0.04137921705842018,0.7289065718650818,0.5207992196083069,-0.037402741611003876,scissors
0.3386703133583069,0.4123186469078064,-4.933601260859177e-08,0.35660675168037415,0.38533535599708557,-0.011845029890537262,0.3851766884326935,0.3661017119884491,-0.018157051876187325,0.41283613443374634,0.37321004271507263,-0.025190457701683044,0.4310823082923889,0.39035630226135254,-0.031351927667856216,0.4149002134799957,0.37237638235092163,-0.0064727915450930595,0.4468773603439331,0.3517749607563019,-0.01865847036242485,0.4640750288963318,0.33850887417793274,-0.027214573696255684,0.47987261414527893,0.32955169677734375,-0.032828640192747116,0.42121702432632446,0.3895164728164673,-0.008549598045647144,0.4647405743598938,0.37860405445098877,-0.020150722935795784,0.487301766872406,0.36893850564956665,-0.026462171226739883,0.5053183436393738,0.36289194226264954,-0.029817476868629456,0.41849300265312195,0.4076792895793915,-0.012587485834956169,0.45050570368766785,0.39940229058265686,-0.030071841552853584,0.4305221438407898,0.39081981778144836,-0.030741393566131592,0.41234853863716125,0.38808345794677734,-0.02658258192241192,0.4090191125869751,0.4260787069797516,-0.017734602093696594,0.42924192547798157,0.4133654832839966,-0.03133222833275795,0.4164539873600006,0.4040507674217224,-0.03001433052122593,0.40177515149116516,0.4008231461048126,-0.026014167815446854,scissors
0.0009898841381072998,0.4350754916667938,6.397813763214799e-07,0.06748887896537781,0.51729416847229,-0.07851592451334,0.20258256793022156,0.5432258248329163,-0.0889359563589096,0.31586575508117676,0.4723351001739502,-0.0908249095082283,0.385254442691803,0.4110119044780731,-0.08728371560573578,0.3327116370201111,0.589947521686554,-0.007194338832050562,0.46898284554481506,0.6397291421890259,-0.01891409046947956,0.5543131828308105,0.6718523502349854,-0.03187122195959091,0.6254240274429321,0.6984956860542297,-0.04406754672527313,0.3366846740245819,0.5144284963607788,0.005960472393780947,0.49332261085510254,0.5062389373779297,-0.01003293041139841,0.5872364044189453,0.5059032440185547,-0.03337966278195381,0.6724520325660706,0.5020724534988403,-0.046586040407419205,0.30491286516189575,0.4421790838241577,0.006331896875053644,0.3780778646469116,0.42571017146110535,-0.05906713381409645,0.2825701832771301,0.43783247470855713,-0.09892266243696213,0.22444811463356018,0.4495483934879303,-0.10368484258651733,0.25020426511764526,0.3841853737831116,0.0021668600384145975,0.31049904227256775,0.3794934153556824,-0.06622869521379471,0.2394426167011261,0.39842480421066284,-0.09067074209451675,0.18111829459667206,0.41546630859375,-0.09324411302804947,scissors
0.7182133197784424,0.651017427444458,2.466790647304151e-07,0.6760531067848206,0.6384946703910828,-0.01742829754948616,0.633087158203125,0.6522051095962524,-0.019941434264183044,0.6093003749847412,0.6845991015434265,-0.0214393250644207,0.6004445552825928,0.7107090353965759,-0.021425185725092888,0.6135028600692749,0.6472408175468445,-0.00020965478324797004,0.5668776631355286,0.6478225588798523,-0.00332827540114522,0.5403093099594116,0.6491689682006836,-0.007409449201077223,0.5179160833358765,0.6491464972496033,-0.011609203182160854,0.6196053624153137,0.6715615391731262,0.0020409435965120792,0.5770266056060791,0.6874960064888,-0.002470419043675065,0.5497792363166809,0.6981385946273804,-0.011478097178041935,0.5288811326026917,0.7057183980941772,-0.019085083156824112,0.6335508227348328,0.6901601552963257,0.0013742998708039522,0.6032277345657349,0.7075790762901306,-0.01014148723334074,0.6023820042610168,0.7051877975463867,-0.021772678941488266,0.6069163084030151,0.7027668952941895,-0.027379082515835762,0.6509807109832764,0.7032833695411682,-0.0008657989092171192,0.6240219473838806,0.7152929902076721,-0.010570136830210686,0.6160555481910706,0.7179303169250488,-0.017539694905281067,0.6143360137939453,0.7188208699226379,-0.021960288286209106,scissors
0.3520129323005676,0.6834505796432495,1.0059427495434647e-06,0.4615132212638855,0.655360221862793,0.013020653277635574,0.5155975222587585,0.5656806230545044,0.004058470483869314,0.5055457949638367,0.4795885682106018,-0.006249578669667244,0.4741635322570801,0.4234668016433716,-0.018919359892606735,0.5378507375717163,0.5006678104400635,-0.06282354146242142,0.6430276036262512,0.39153844118118286,-0.09547631442546844,0.7045167088508606,0.32807502150535583,-0.1183571144938469,0.7502928972244263,0.27875685691833496,-0.1331053376197815,0.4696037769317627,0.4610593318939209,-0.07057160884141922,0.546637773513794,0.3192278742790222,-0.08889169991016388,0.5913273096084595,0.24423596262931824,-0.09444446861743927,0.6173579096794128,0.18459314107894897,-0.10113119333982468,0.4023981988430023,0.4479599893093109,-0.07004997879266739,0.4678438901901245,0.3565552830696106,-0.06700674444437027,0.479442298412323,0.39961010217666626,-0.04197026044130325,0.4696498513221741,0.43723803758621216,-0.025298111140727997,0.3411695063114166,0.4566190242767334,-0.06924578547477722,0.4073079228401184,0.41483181715011597,-0.06237998232245445,0.41882258653640747,0.4490143954753876,-0.03813657909631729,0.4174911379814148,0.47932928800582886,-0.018179483711719513,scissors
0.21499308943748474,0.6822760701179504,4.760746463716714e-08,0.19170048832893372,0.6651466488838196,-0.021992549300193787,0.18746034801006317,0.63936448097229,-0.031023574993014336,0.21157538890838623,0.6249072551727295,-0.038207944482564926,0.23546361923217773,0.6190084218978882,-0.043905485421419144,0.1946544349193573,0.5900756120681763,-0.01819896325469017,0.18559816479682922,0.5525434613227844,-0.03011992946267128,0.1793804168701172,0.5302006602287292,-0.04081080108880997,0.1787298619747162,0.5110455751419067,-0.04944217950105667,0.21839763224124908,0.5894554853439331,-0.01615479402244091,0.22464719414710999,0.5489583611488342,-0.025656092911958694,0.23236903548240662,0.5273610353469849,-0.03527354076504707,0.23829028010368347,0.5099313259124756,-0.04315677285194397,0.23820951581001282,0.5986229181289673,-0.01648704707622528,0.252999484539032,0.5723058581352234,-0.03483873978257179,0.254814088344574,0.5964873433113098,-0.04350623860955238,0.25314223766326904,0.6182230114936829,-0.046134185045957565,0.25528252124786377,0.6134089231491089,-0.018313013017177582,0.2674195170402527,0.5978667736053467,-0.037529248744249344,0.2666320204734802,0.6122177243232727,-0.04283612221479416,0.26224827766418457,0.6275051832199097,-0.04349959269165993,scissors
0.7347192168235779,0.5422324538230896,5.702046905753377e-07,0.7092310190200806,0.5480322241783142,-0.07375223934650421,0.6683507561683655,0.5411554574966431,-0.09367964416742325,0.6176893711090088,0.5506755113601685,-0.09714502096176147,0.580020010471344,0.5536050796508789,-0.09654062986373901,0.6394916772842407,0.4600459933280945,-0.06741319596767426,0.5876264572143555,0.4161386489868164,-0.08937888592481613,0.5570214986801147,0.38656970858573914,-0.10216878354549408,0.5378796458244324,0.36003994941711426,-0.10762714594602585,0.6270061731338501,0.46964550018310547,-0.03192980960011482,0.5664327144622803,0.42997363209724426,-0.04465377330780029,0.5263968706130981,0.40635788440704346,-0.05341752991080284,0.4989514648914337,0.38287049531936646,-0.05698787420988083,0.6222032904624939,0.4874817728996277,-0.0033051150385290384,0.5717818140983582,0.5011319518089294,-0.028572997078299522,0.5833302140235901,0.5329223275184631,-0.047484613955020905,0.6031386256217957,0.5433636903762817,-0.05108567699790001,0.6224210858345032,0.5076174736022949,0.020182276144623756,0.5881050229072571,0.5342134237289429,-0.009029150009155273,0.598192572593689,0.5565823316574097,-0.028546610847115517,0.6159543991088867,0.5668089389801025,-0.035266533493995667,scissors
0.7578187584877014,0.794017493724823,8.600998739893839e-07,0.7687268257141113,0.7338036298751831,-0.05121953412890434,0.719423234462738,0.6697602868080139,-0.06442787498235703,0.6473351120948792,0.6618362665176392,-0.07253175228834152,0.5864068269729614,0.6719316840171814,-0.07744672894477844,0.6628900170326233,0.5998334884643555,-0.025918418541550636,0.6266316175460815,0.5167816877365112,-0.04598663002252579,0.6043978333473206,0.4613092541694641,-0.0627475306391716,0.5866243243217468,0.41408050060272217,-0.07578398287296295,0.6252381205558777,0.628792405128479,-0.02117789350450039,0.5588560104370117,0.5595387816429138,-0.042933132499456406,0.5160187482833862,0.5078895092010498,-0.0648726150393486,0.47913026809692383,0.4694406986236572,-0.0792655199766159,0.6066638231277466,0.6728386282920837,-0.023845378309488297,0.5490877628326416,0.6298898458480835,-0.07378124445676804,0.5850731730461121,0.6507670879364014,-0.10146308690309525,0.6148576140403748,0.672107994556427,-0.10632483661174774,0.6051821112632751,0.7234346866607666,-0.029728204011917114,0.5735520720481873,0.6890851259231567,-0.07966939359903336,0.6101029515266418,0.6960525512695312,-0.09996915608644485,0.6450199484825134,0.7128332853317261,-0.10522623360157013,scissors
0.5313957333564758,0.3729434907436371,2.2798589682793136e-08,0.5190115571022034,0.3926156163215637,-0.006795635912567377,0.5032199025154114,0.40436479449272156,-0.011126338504254818,0.4951535761356354,0.40814507007598877,-0.01535301934927702,0.4920135736465454,0.4108172655105591,-0.01929420232772827,0.4699220061302185,0.3793306350708008,-0.006403186358511448,0.44377633929252625,0.37930724024772644,-0.008736342191696167,0.42923063039779663,0.3783886134624481,-0.009660661220550537,0.418177992105484,0.37628963589668274,-0.010076106525957584,0.4746744632720947,0.36780115962028503,-0.005255328491330147,0.4577452540397644,0.37047746777534485,-0.006669777911156416,0.4530978202819824,0.3740518391132355,-0.007022536359727383,0.45039480924606323,0.37465089559555054,-0.006777833215892315,0.483157217502594,0.36015763878822327,-0.004621921572834253,0.4784289300441742,0.3705996572971344,-0.006875009275972843,0.48328670859336853,0.37844133377075195,-0.007539147045463324,0.4875504672527313,0.38196101784706116,-0.006949902977794409,0.49321192502975464,0.3556041121482849,-0.0046216160990297794,0.4901925027370453,0.3679089844226837,-0.0048781344667077065,0.4951929748058319,0.37498754262924194,-0.00323134521022439,0.500044584274292,0.37875446677207947,-0.0011707849334925413,scissors
0.6380866765975952,0.1513408124446869,1.7491036885530775e-07,0.6587193608283997,0.12043096125125885,-0.011430073529481888,0.6913295984268188,0.10281651467084885,-0.016860751435160637,0.7226895689964294,0.11593559384346008,-0.023348664864897728,0.7412593364715576,0.1367041915655136,-0.028440507128834724,0.7275632619857788,0.10569851845502853,-0.002417209092527628,0.7655417323112488,0.08260367810726166,-0.01514827087521553,0.7889222502708435,0.06862728297710419,-0.02375156059861183,0.808663010597229,0.0581192672252655,-0.028435103595256805,0.7302468419075012,0.12825429439544678,-0.005076678469777107,0.7762832641601562,0.126054584980011,-0.017157580703496933,0.8065134882926941,0.12300553172826767,-0.024578144773840904,0.8307471871376038,0.12298528850078583,-0.027364017441868782,0.7227070331573486,0.1489642858505249,-0.009986765682697296,0.7450551390647888,0.14442099630832672,-0.028477327898144722,0.7235702872276306,0.13576950132846832,-0.029237980023026466,0.7038384079933167,0.13376477360725403,-0.02293943054974079,0.70924311876297,0.1679663062095642,-0.015925593674182892,0.7290375828742981,0.16068480908870697,-0.028608327731490135,0.7148069739341736,0.15105417370796204,-0.024490391835570335,0.6984351873397827,0.14771950244903564,-0.01707933284342289,scissors
0.9170485138893127,0.6065226793289185,9.289976219406526e-07,0.949658989906311,0.5867545008659363,-0.0588754378259182,0.9340084791183472,0.5738828778266907,-0.09303530305624008,0.889284074306488,0.5955995321273804,-0.1222735345363617,0.8374435901641846,0.6062716841697693,-0.15080830454826355,0.8542782068252563,0.4792529344558716,-0.07091062515974045,0.8163108825683594,0.40449056029319763,-0.10830234736204147,0.7926027178764343,0.35970428586006165,-0.12949009239673615,0.7692943215370178,0.3199307322502136,-0.14266927540302277,0.8120923638343811,0.5064529180526733,-0.0652041956782341,0.7479953765869141,0.4666496813297272,-0.10987820476293564,0.7029324769973755,0.443835973739624,-0.13462738692760468,0.6640484929084778,0.42336398363113403,-0.14562296867370605,0.7956050038337708,0.5453616380691528,-0.06364168226718903,0.7518604397773743,0.5547772645950317,-0.12408873438835144,0.7951634526252747,0.5940189957618713,-0.13534687459468842,0.8296181559562683,0.6146286725997925,-0.1269138902425766,0.7980554699897766,0.5882863998413086,-0.06548001617193222,0.7873106598854065,0.6131517887115479,-0.11861825734376907,0.8287014961242676,0.6394879817962646,-0.12580059468746185,0.8657925724983215,0.6520106196403503,-0.11825434118509293,scissors
0.2504923343658447,0.6293611526489258,1.620317334527499e-06,0.3505522906780243,0.6994963884353638,-0.1044674813747406,0.4569099247455597,0.6455577611923218,-0.12092496454715729,0.4983794391155243,0.5622115731239319,-0.09334691613912582,0.5221406817436218,0.4878966212272644,-0.055412910878658295,0.45234227180480957,0.5215396881103516,-0.19742238521575928,0.6250177621841431,0.4967339336872101,-0.21827375888824463,0.7135124206542969,0.4785000681877136,-0.22643232345581055,0.7943587303161621,0.44855359196662903,-0.2290840446949005,0.4234386682510376,0.4702818691730499,-0.11865421384572983,0.5943556427955627,0.44272294640541077,-0.10733510553836823,0.685779869556427,0.42945587635040283,-0.09075041860342026,0.7505522966384888,0.4000451862812042,-0.0854819118976593,0.4000234603881836,0.44773435592651367,-0.03712988644838333,0.5019951462745667,0.49991220235824585,-0.017945000901818275,0.44547468423843384,0.5699235796928406,-0.008954408578574657,0.39616262912750244,0.6006085276603699,-0.004110103473067284,0.38438042998313904,0.4414655566215515,0.03758838772773743,0.45442265272140503,0.49403154850006104,0.04722530022263527,0.42429450154304504,0.5481618642807007,0.046356383711099625,0.38732674717903137,0.5734201073646545,0.04545760899782181,scissors
0.5751174688339233,0.47948020696640015,2.0998466254695813e-07,0.5063751339912415,0.6021777391433716,-0.028898343443870544,0.39122721552848816,0.6583136320114136,-0.016215350478887558,0.3050225079059601,0.6139677166938782,-0.005224050022661686,0.2789652943611145,0.5586291551589966,0.010232706554234028,0.33608922362327576,0.6921731233596802,0.026832295581698418,0.23527878522872925,0.7747914791107178,0.0036672980058938265,0.17464782297611237,0.8302115201950073,-0.017608853057026863,0.12043912708759308,0.8697664737701416,-0.033115461468696594,0.30172616243362427,0.6272626519203186,0.026003718376159668,0.1660381555557251,0.6867786049842834,0.0044005694799125195,0.0760250985622406,0.7285290360450745,-0.016935503110289574,0.004740804433822632,0.751569390296936,-0.028867904096841812,0.29840943217277527,0.5549560189247131,0.016247794032096863,0.18846553564071655,0.5728506445884705,-0.033991653472185135,0.25015535950660706,0.5839216113090515,-0.051720842719078064,0.31344038248062134,0.5800849795341492,-0.046269290149211884,0.310960978269577,0.4788583219051361,0.0037277957890182734,0.23942157626152039,0.49874863028526306,-0.048514194786548615,0.2775121033191681,0.5237657427787781,-0.06080933287739754,0.3283294141292572,0.5307511687278748,-0.056468989700078964,scissors
0.853294312953949,0.6662346720695496,7.071098480082583e-07,0.821269154548645,0.6152178049087524,-0.04097817838191986,0.7576603293418884,0.6137319803237915,-0.06097811460494995,0.7230069637298584,0.6781378984451294,-0.08091860264539719,0.7054495811462402,0.7363928556442261,-0.1001187339425087,0.6387723088264465,0.6337458491325378,-0.02959681674838066,0.5501654148101807,0.6155508160591125,-0.05357594043016434,0.49505382776260376,0.6039712429046631,-0.07142879068851471,0.44677749276161194,0.59522944688797,-0.08595907688140869,0.6383969783782959,0.6809029579162598,-0.03315852954983711,0.5479315519332886,0.7018569111824036,-0.06308255344629288,0.4898335933685303,0.7145000696182251,-0.0858893021941185,0.4392090141773224,0.7267673015594482,-0.10036290436983109,0.6637178063392639,0.7169986963272095,-0.04176780954003334,0.6094238758087158,0.7542365789413452,-0.08810292929410934,0.6566539406776428,0.7373666763305664,-0.10466066002845764,0.6954483985900879,0.7202485799789429,-0.10442055761814117,0.7059450149536133,0.744804859161377,-0.0535355769097805,0.6731892824172974,0.77350252866745,-0.09377457201480865,0.7013377547264099,0.7560302019119263,-0.10326581448316574,0.7289369702339172,0.7349516153335571,-0.10247530788183212,scissors
0.38324111700057983,0.6248918771743774,-2.570138519786269e-07,0.37451601028442383,0.5481306314468384,-0.007302376441657543,0.40594935417175293,0.483697772026062,-0.005889201071113348,0.4538920819759369,0.4683090150356293,-0.00933418981730938,0.4921184182167053,0.4764927327632904,-0.012597734108567238,0.4550141394138336,0.4631982445716858,0.007068919017910957,0.48176950216293335,0.3828112483024597,-0.010403904132544994,0.49458786845207214,0.33263352513313293,-0.025500629097223282,0.5117509365081787,0.29564574360847473,-0.036576446145772934,0.48415407538414,0.4854620695114136,-0.002974843140691519,0.5341268181800842,0.40488892793655396,-0.02215569280087948,0.5582014918327332,0.3462223410606384,-0.040924470871686935,0.5764150619506836,0.3041335344314575,-0.05305527150630951,0.5069601535797119,0.5181393623352051,-0.0153419254347682,0.5439586043357849,0.45567601919174194,-0.047637201845645905,0.49486151337623596,0.46398577094078064,-0.056614067405462265,0.4556226134300232,0.4843834936618805,-0.05382772162556648,0.5245853662490845,0.5586056709289551,-0.02822056971490383,0.5399506092071533,0.5017146468162537,-0.05497398227453232,0.502068817615509,0.496049165725708,-0.05505237355828285,0.46734434366226196,0.5072990655899048,-0.049001071602106094,scissors
0.39175063371658325,0.904952347278595,6.240273364710447e-07,0.45895877480506897,0.8531780242919922,-0.02847234159708023,0.4921574592590332,0.7611220479011536,-0.03581250086426735,0.4922407567501068,0.6835005879402161,-0.044475387781858444,0.4401475489139557,0.6502996683120728,-0.050971824675798416,0.4322739839553833,0.6633631587028503,-0.008372417651116848,0.4631827771663666,0.5694848299026489,-0.02323683351278305,0.4779778718948364,0.5148262977600098,-0.03436179831624031,0.4871610999107361,0.4689862132072449,-0.0442265048623085,0.3829610347747803,0.6618315577507019,-0.016526293009519577,0.3732799291610718,0.5420000553131104,-0.04110340774059296,0.3783257007598877,0.4709261655807495,-0.06298649311065674,0.3776356875896454,0.4161343574523926,-0.07634063810110092,0.34295737743377686,0.6847601532936096,-0.028882844373583794,0.3395113945007324,0.5971211194992065,-0.07776807993650436,0.39464306831359863,0.620235025882721,-0.10342060774564743,0.43060827255249023,0.6528189778327942,-0.10897510498762131,0.3136178255081177,0.7204691171646118,-0.04268946126103401,0.3519696295261383,0.6665568351745605,-0.09148227423429489,0.40808624029159546,0.6780716776847839,-0.11235318332910538,0.4481455981731415,0.7001837491989136,-0.11938279122114182,scissors
0.5438137054443359,0.6198277473449707,5.973016072857718e-07,0.6666221022605896,0.6282957792282104,0.008479577489197254,0.723630428314209,0.5611950159072876,0.018758635967969894,0.7219271063804626,0.48956191539764404,0.04909610375761986,0.7049447298049927,0.4297458231449127,0.08874034136533737,0.7410421967506409,0.4814625084400177,-0.10140088200569153,0.8230059742927551,0.41406017541885376,-0.1129373088479042,0.8805022835731506,0.3708294630050659,-0.13334451615810394,0.9315280914306641,0.3394297957420349,-0.15215778350830078,0.6807864308357239,0.45744991302490234,-0.06710031628608704,0.7467021942138672,0.3481977581977844,-0.07046009600162506,0.7982725501060486,0.2908126413822174,-0.08231732249259949,0.8401795625686646,0.2537084221839905,-0.10550017654895782,0.6303489208221436,0.449288934469223,-0.015441592782735825,0.6989585161209106,0.4197281002998352,0.04278785362839699,0.6963369250297546,0.4685283601284027,0.0754626989364624,0.6869068145751953,0.5015623569488525,0.07769100368022919,0.6004754900932312,0.44849979877471924,0.036008190363645554,0.6543079614639282,0.45384272933006287,0.0911017507314682,0.6537525057792664,0.49925586581230164,0.11463416367769241,0.641698956489563,0.5277772545814514,0.12011316418647766,scissors
0.3307446837425232,0.3110145330429077,2.392821443208959e-07,0.38808244466781616,0.36295339465141296,0.026347296312451363,0.44573599100112915,0.3764891028404236,0.055492352694272995,0.47161197662353516,0.3649180233478546,0.08552085608243942,0.4675055742263794,0.3411251902580261,0.11665351688861847,0.5000330805778503,0.2961885333061218,0.05071710795164108,0.5649517178535461,0.28280913829803467,0.08888673782348633,0.596886157989502,0.2728669345378876,0.11194858700037003,0.6207691431045532,0.26424676179885864,0.12700636684894562,0.4759942591190338,0.25869882106781006,0.060215603560209274,0.524486243724823,0.2443850338459015,0.1118398904800415,0.5480321645736694,0.2424221932888031,0.1367243528366089,0.5615557432174683,0.235597163438797,0.14965668320655823,0.4420102536678314,0.2372552752494812,0.07220686227083206,0.46410250663757324,0.2521112263202667,0.1209963783621788,0.4503287672996521,0.2781866192817688,0.12550903856754303,0.4318932294845581,0.2933197617530823,0.12256822735071182,0.41611945629119873,0.22034808993339539,0.08629557490348816,0.4295840561389923,0.23798249661922455,0.12109146267175674,0.42052415013313293,0.25538694858551025,0.1243080198764801,0.40616869926452637,0.2698129415512085,0.12336350232362747,scissors
0.8366383910179138,0.4848143756389618,5.530772568818065e-07,0.7851552367210388,0.44918712973594666,-0.03624732792377472,0.7289401888847351,0.4258228838443756,-0.029255185276269913,0.6804288029670715,0.4309956133365631,-0.014724932610988617,0.649090588092804,0.44686415791511536,0.002014437224715948,0.7234088182449341,0.36559468507766724,0.025502284988760948,0.6725732088088989,0.3332659900188446,0.04610808566212654,0.6420240998268127,0.30989140272140503,0.057264234870672226,0.624282717704773,0.29048752784729004,0.06410220265388489,0.7222086191177368,0.3838479220867157,0.046612080186605453,0.6727654933929443,0.35156092047691345,0.07818809896707535,0.6405776143074036,0.3254406452178955,0.08517098426818848,0.6231851577758789,0.30201226472854614,0.08756115287542343,0.7236029505729675,0.40790945291519165,0.05981811136007309,0.6659811735153198,0.39868444204330444,0.07094903290271759,0.6261904835700989,0.391170859336853,0.04999896138906479,0.598843514919281,0.3813784122467041,0.03644351661205292,0.7267768979072571,0.44084489345550537,0.06924720853567123,0.6823288202285767,0.4435182809829712,0.06693900376558304,0.667460560798645,0.4520546495914459,0.051053084433078766,0.6586311459541321,0.4632872939109802,0.0407090038061142,scissors
0.6052149534225464,0.6551644206047058,2.1313380216270161e-07,0.6600980162620544,0.6060266494750977,0.000899549457244575,0.717174768447876,0.6031882166862488,0.011365620419383049,0.7550064921379089,0.6325861215591431,0.01617530547082424,0.7693506479263306,0.664869487285614,0.021857794374227524,0.7357416152954102,0.6040451526641846,0.049517422914505005,0.7862425446510315,0.586452066898346,0.06088333949446678,0.8171743154525757,0.574798583984375,0.06842668354511261,0.8428892493247986,0.569017767906189,0.07431773841381073,0.7406494617462158,0.6335197687149048,0.04368826374411583,0.8030880093574524,0.6346592307090759,0.055693238973617554,0.8411821722984314,0.634244978427887,0.060197699815034866,0.8685288429260254,0.6402607560157776,0.06464339792728424,0.7321521043777466,0.6619710326194763,0.032450467348098755,0.768442690372467,0.6603025794029236,0.02578907273709774,0.7451601624488831,0.6479954719543457,0.017868466675281525,0.7212286591529846,0.6467276811599731,0.018143964931368828,0.7243362665176392,0.6888597011566162,0.02079055644571781,0.7522441744804382,0.6749409437179565,0.01635456085205078,0.7336827516555786,0.656844437122345,0.015041284263134003,0.7117049694061279,0.6500794887542725,0.016233358532190323,scissors
0.06930971145629883,0.4769347906112671,3.661329728288365e-08,0.04816533997654915,0.44704902172088623,-0.006231082137674093,0.044684309512376785,0.4133531153202057,-0.006976478733122349,0.06407840549945831,0.39069873094558716,-0.009600912220776081,0.08410143852233887,0.38705986738204956,-0.01189639512449503,0.06906071305274963,0.40334028005599976,0.008821741677820683,0.06765811890363693,0.37663012742996216,0.0029919918160885572,0.06464416533708572,0.36170318722724915,-0.003466328140348196,0.06343643367290497,0.34958457946777344,-0.00811492558568716,0.08699439465999603,0.4056447148323059,0.0060360548086464405,0.1032901406288147,0.3723727762699127,0.0009866273030638695,0.11124475300312042,0.35131752490997314,-0.005154566373676062,0.11676926910877228,0.3373636305332184,-0.009977542795240879,0.10179705172777176,0.4140658378601074,0.0006621343200094998,0.11317061632871628,0.3869543969631195,-0.010419138707220554,0.10286703705787659,0.3800784945487976,-0.01804676093161106,0.0909191370010376,0.3815881311893463,-0.020995711907744408,0.1154775470495224,0.42686721682548523,-0.005377316381782293,0.11972947418689728,0.40353208780288696,-0.01420519221574068,0.10979623347520828,0.39819055795669556,-0.01746189408004284,0.09725786745548248,0.4007689654827118,-0.01888676919043064,scissors
0.1678769439458847,0.6704316735267639,4.5765983713863534e-07,0.18716518580913544,0.6005439162254333,-0.02926904335618019,0.24962200224399567,0.5575692057609558,-0.02919369749724865,0.31052467226982117,0.5774145722389221,-0.027338555082678795,0.34675848484039307,0.5944589376449585,-0.022167939692735672,0.30792632699012756,0.5114659667015076,-0.004417244344949722,0.3700287342071533,0.4487680196762085,-0.026656849309802055,0.41050615906715393,0.4081430435180664,-0.04413494095206261,0.4462316632270813,0.37588736414909363,-0.05490592122077942,0.3267916142940521,0.5579932928085327,-0.0021917398553341627,0.4098057746887207,0.5314136743545532,-0.0251238364726305,0.4678158462047577,0.5126090049743652,-0.04207427799701691,0.5208307504653931,0.4966721832752228,-0.04924038425087929,0.3285362422466278,0.6044637560844421,-0.005220926832407713,0.3765965700149536,0.6021760106086731,-0.04855553060770035,0.31861454248428345,0.6092405319213867,-0.05503464117646217,0.27544406056404114,0.6167932748794556,-0.04355679079890251,0.31926229596138,0.6485751271247864,-0.01023013237863779,0.35008591413497925,0.6456811428070068,-0.05132662132382393,0.3106873631477356,0.6455405354499817,-0.05265927314758301,0.2757166922092438,0.6479226350784302,-0.04125407338142395,scissors
0.23415806889533997,0.9051812887191772,3.469622242846526e-07,0.19693322479724884,0.8395521640777588,-0.0029745453502982855,0.1986347734928131,0.7576280236244202,-0.011831842362880707,0.21881616115570068,0.6921349167823792,-0.032169926911592484,0.2686728239059448,0.6772395968437195,-0.04959409311413765,0.27071714401245117,0.7132953405380249,0.05373737961053848,0.29955098032951355,0.6524786949157715,0.053706325590610504,0.31252238154411316,0.614166259765625,0.05485490337014198,0.3260245621204376,0.5865904688835144,0.05450271815061569,0.30239737033843994,0.7245418429374695,0.03581875562667847,0.3398318588733673,0.6432075500488281,0.0334211029112339,0.35474351048469543,0.5940183997154236,0.03344149887561798,0.36632347106933594,0.5563935041427612,0.03583851829171181,0.3249809443950653,0.7455528378486633,0.010154098272323608,0.3442758023738861,0.6653991937637329,-0.01075156219303608,0.2965087890625,0.6814507246017456,-0.014514464884996414,0.26015129685401917,0.7076356410980225,-0.008168954402208328,0.3448209762573242,0.7679299116134644,-0.017218520864844322,0.34231457114219666,0.6911148428916931,-0.03490873798727989,0.30560773611068726,0.6884515881538391,-0.03989388048648834,0.2748965620994568,0.7044734358787537,-0.0392853207886219,scissors
0.8982467651367188,0.4678500294685364,2.6133736241718e-07,0.8572273850440979,0.4221858084201813,-0.012184095568954945,0.7893421053886414,0.39884838461875916,-0.015264928340911865,0.7275441884994507,0.39824000000953674,-0.02088281325995922,0.7000738978385925,0.42941030859947205,-0.025361772626638412,0.733778178691864,0.43484124541282654,0.0026900682132691145,0.6709632277488708,0.42151138186454773,-0.005071102641522884,0.6340832114219666,0.4124528169631958,-0.011325624771416187,0.6029089689254761,0.4068557918071747,-0.017426872625947,0.7292953729629517,0.46021994948387146,-0.0038452548906207085,0.6573270559310913,0.4583228528499603,-0.01434746477752924,0.6152639985084534,0.446438193321228,-0.02334301546216011,0.5855302214622498,0.4406241476535797,-0.030666016042232513,0.737400472164154,0.48480039834976196,-0.013125916942954063,0.6677563786506653,0.4875328540802002,-0.02889721840620041,0.675329864025116,0.45842882990837097,-0.03450291231274605,0.6993889212608337,0.44063958525657654,-0.03556592017412186,0.7500709891319275,0.5076587796211243,-0.024507155641913414,0.6926165223121643,0.5077372789382935,-0.03938791900873184,0.6879988312721252,0.4813932776451111,-0.04556722566485405,0.7031025886535645,0.45953676104545593,-0.04842911288142204,scissors
0.3301762044429779,0.21486128866672516,9.776071863143443e-08,0.2839029133319855,0.2239050269126892,0.0007680875132791698,0.2546892464160919,0.2007082998752594,-0.001175502547994256,0.2489163875579834,0.1716645359992981,-0.002358938567340374,0.25389301776885986,0.15196460485458374,-0.0036188752856105566,0.2372874915599823,0.17786966264247894,-0.01814618520438671,0.1889985203742981,0.1566031277179718,-0.028727885335683823,0.15862995386123657,0.14397785067558289,-0.03508869186043739,0.13729941844940186,0.1345045268535614,-0.038680218160152435,0.25495684146881104,0.1588478684425354,-0.02041780576109886,0.21158722043037415,0.1238478571176529,-0.025241760537028313,0.184517502784729,0.10334400087594986,-0.027634842321276665,0.16559581458568573,0.08544669300317764,-0.02970081940293312,0.27585411071777344,0.14776012301445007,-0.020854296162724495,0.2515193819999695,0.1328892856836319,-0.02156306803226471,0.25364628434181213,0.14642754197120667,-0.01629173569381237,0.2608261704444885,0.15892091393470764,-0.012097534723579884,0.29634156823158264,0.14301638305187225,-0.021473275497555733,0.27502891421318054,0.14744113385677338,-0.02109338529407978,0.2772741913795471,0.157633975148201,-0.014452263712882996,0.2845097780227661,0.16386446356773376,-0.008115896955132484,scissors
0.7748335599899292,0.6586692929267883,2.2490738160740875e-07,0.7453830242156982,0.604278028011322,0.0012287755962461233,0.7128534913063049,0.5709996223449707,-0.002920585684478283,0.6898019909858704,0.5512547492980957,-0.011193911544978619,0.6807501912117004,0.5653572678565979,-0.018298868089914322,0.6384626626968384,0.6020786166191101,-0.012068992480635643,0.5742754340171814,0.5758156180381775,-0.02396334894001484,0.5392993688583374,0.5598570108413696,-0.031168650835752487,0.5067615509033203,0.5487502217292786,-0.037447936832904816,0.6388270854949951,0.6269387006759644,-0.02837296389043331,0.5742851495742798,0.6122585535049438,-0.053947024047374725,0.5299538969993591,0.6021701693534851,-0.06917554885149002,0.49677085876464844,0.6004345417022705,-0.07778453826904297,0.6512560844421387,0.6511620283126831,-0.044050052762031555,0.637574315071106,0.6124778985977173,-0.07312918454408646,0.667005717754364,0.5853095650672913,-0.08098052442073822,0.6892099380493164,0.5710925459861755,-0.07990167289972305,0.6755821704864502,0.6633390188217163,-0.05934629216790199,0.6627688407897949,0.6197137832641602,-0.07898791879415512,0.6846601963043213,0.5882516503334045,-0.08093435317277908,0.7064582705497742,0.5710502862930298,-0.0790671557188034,scissors
0.8188453912734985,0.4695858955383301,9.484699603490299e-08,0.79474937915802,0.39063870906829834,0.06903363764286041,0.7645232081413269,0.34107956290245056,0.09033861011266708,0.7530863285064697,0.2856917679309845,0.09055700153112411,0.735383927822113,0.2460484802722931,0.08957906067371368,0.6671394109725952,0.37903568148612976,0.09405053406953812,0.6220536231994629,0.32713690400123596,0.1115097850561142,0.5943636894226074,0.3053092062473297,0.11387046426534653,0.5584701895713806,0.288917601108551,0.11118856817483902,0.6597697138786316,0.37828248739242554,0.05017012357711792,0.6117364764213562,0.291953444480896,0.06779582053422928,0.5901399254798889,0.24428066611289978,0.06428202986717224,0.5619469881057739,0.21477779746055603,0.05660407245159149,0.675979495048523,0.37194690108299255,0.008537475019693375,0.6558175086975098,0.26887810230255127,0.019705384969711304,0.7043470740318298,0.258243203163147,0.016462257131934166,0.7331885099411011,0.2735932469367981,0.010777832008898258,0.7063985466957092,0.34991908073425293,-0.028677357360720634,0.7111983895301819,0.27507081627845764,-0.016017068177461624,0.7447044849395752,0.2727992832660675,-0.009291485883295536,0.7652084231376648,0.29368749260902405,-0.008238248527050018,scissors
0.6401082277297974,0.4989129900932312,5.442092287921696e-07,0.6200045347213745,0.5299475789070129,-0.07761033624410629,0.6149584054946899,0.5937932729721069,-0.08700250834226608,0.6529771089553833,0.6486870050430298,-0.07847627252340317,0.6824243068695068,0.6928496360778809,-0.06528938561677933,0.554451584815979,0.6464517116546631,-0.04340972751379013,0.5250563621520996,0.7194924354553223,-0.05421513691544533,0.5043262243270874,0.765612781047821,-0.06337559968233109,0.48254385590553284,0.8046706318855286,-0.06953123211860657,0.5913259387016296,0.6571170091629028,-0.006849511992186308,0.5954529047012329,0.7358924150466919,-0.01501874253153801,0.5990185737609863,0.792538046836853,-0.030140765011310577,0.5967462062835693,0.8371834754943848,-0.039678845554590225,0.6278559565544128,0.6560825705528259,0.02092018723487854,0.6488291621208191,0.7000764012336731,-0.00901829730719328,0.6690053343772888,0.6740197539329529,-0.0375833660364151,0.6725013852119446,0.6561335921287537,-0.0460955835878849,0.6561116576194763,0.6470608115196228,0.04357349872589111,0.6732898354530334,0.6786357760429382,0.01009631808847189,0.6846243143081665,0.663402795791626,-0.012337103486061096,0.6881622076034546,0.6480236649513245,-0.020876819267868996,scissors
0.2827659547328949,0.7792983055114746,-7.660316470037287e-08,0.25987303256988525,0.6807050108909607,0.0023771345149725676,0.2988530993461609,0.6040645837783813,0.00885580014437437,0.3523004949092865,0.5600244998931885,0.004975787829607725,0.3967323899269104,0.5287434458732605,0.001799278543330729,0.36588606238365173,0.5922440886497498,0.049586161971092224,0.4015674293041229,0.5221120119094849,0.04276878386735916,0.4188750982284546,0.47707509994506836,0.037763047963380814,0.43898069858551025,0.4398985505104065,0.03421042859554291,0.39867955446243286,0.6090176105499268,0.03162195160984993,0.4484921395778656,0.5205352306365967,0.015162579715251923,0.46815136075019836,0.46041548252105713,0.003642444731667638,0.4826672077178955,0.41707903146743774,0.0008950122282840312,0.42346447706222534,0.6356235146522522,0.00820540077984333,0.42855679988861084,0.5443459749221802,-0.030310912057757378,0.3641721308231354,0.5597752332687378,-0.03881451115012169,0.31755760312080383,0.5932058095932007,-0.03065796010196209,0.4455849528312683,0.6677871346473694,-0.015616276301443577,0.42801469564437866,0.5878353118896484,-0.0461944118142128,0.37665945291519165,0.5891426205635071,-0.048889048397541046,0.33909040689468384,0.6126191020011902,-0.04266367480158806,scissors
0.5528745651245117,0.922137439250946,-7.19890238087828e-07,0.41749030351638794,0.8397870063781738,-0.04644865170121193,0.3704536557197571,0.7244077324867249,0.007650100160390139,0.3734443783760071,0.659756600856781,0.09464141726493835,0.3941180408000946,0.6335290670394897,0.19256584346294403,0.49035027623176575,0.5880391001701355,-0.002495936816558242,0.39521974325180054,0.46669697761535645,0.04964398592710495,0.3401747941970825,0.4046466648578644,0.07472598552703857,0.3222460150718689,0.3523596525192261,0.08894327282905579,0.5292948484420776,0.6175037026405334,0.06772589683532715,0.44755879044532776,0.5014973282814026,0.15343202650547028,0.40755724906921387,0.4354773163795471,0.17958557605743408,0.39138132333755493,0.38188081979751587,0.18314631283283234,0.5450164675712585,0.6516371965408325,0.1343325823545456,0.4438021183013916,0.6068340539932251,0.18299727141857147,0.4031510055065155,0.6770896315574646,0.1430666446685791,0.3998475670814514,0.7309809923171997,0.1105007454752922,0.5533653497695923,0.6752113103866577,0.19992923736572266,0.4482128918170929,0.6732198596000671,0.20201292634010315,0.41600003838539124,0.7223531007766724,0.1560939997434616,0.40060049295425415,0.7653295397758484,0.12384627014398575,scissors
0.5175420045852661,0.3178401291370392,3.295793931101798e-07,0.5503832697868347,0.3825886845588684,-0.02231302484869957,0.6076671481132507,0.40685832500457764,-0.03470902144908905,0.6539843678474426,0.3960649073123932,-0.02969278208911419,0.6887493133544922,0.3859018087387085,-0.01979290135204792,0.6241430640220642,0.37923043966293335,-0.11829717457294464,0.6866815090179443,0.4092913568019867,-0.14202448725700378,0.7255372405052185,0.42706629633903503,-0.1591959297657013,0.7605406045913696,0.44136568903923035,-0.17170657217502594,0.6317155361175537,0.34294393658638,-0.09143825620412827,0.7162018418312073,0.3548082709312439,-0.10852201282978058,0.7662181854248047,0.367801696062088,-0.11256296932697296,0.80518639087677,0.37500375509262085,-0.12118655443191528,0.6386780738830566,0.3170780539512634,-0.05512072890996933,0.6943173408508301,0.3475640118122101,-0.03396229445934296,0.6798964142799377,0.3684237599372864,-0.004539841320365667,0.667885422706604,0.3813095986843109,0.007483798544853926,0.6413806080818176,0.30333757400512695,-0.02148418501019478,0.6741547584533691,0.3355889916419983,0.004262631293386221,0.6617394089698792,0.354995995759964,0.024881858378648758,0.6480381488800049,0.36363789439201355,0.035612959414720535,scissors
0.18248410522937775,0.4487757384777069,3.697556394399726e-08,0.16580159962177277,0.3899708092212677,-0.0286423247307539,0.17873072624206543,0.32776159048080444,-0.03884878009557724,0.22454321384429932,0.2951206862926483,-0.04879365861415863,0.2654315233230591,0.29987427592277527,-0.05613674968481064,0.22501805424690247,0.3086881637573242,-0.0071039400063455105,0.2511662542819977,0.24231742322444916,-0.02279677987098694,0.26435327529907227,0.20453289151191711,-0.034672800451517105,0.2794647514820099,0.17511753737926483,-0.044237785041332245,0.254409521818161,0.3246557116508484,-0.004395654425024986,0.2950831949710846,0.26766204833984375,-0.02259228006005287,0.3133467137813568,0.23093360662460327,-0.03610178828239441,0.32755517959594727,0.20478267967700958,-0.04490405693650246,0.27286645770072937,0.3496989607810974,-0.0064369309693574905,0.3153761029243469,0.30501630902290344,-0.035559166222810745,0.29015111923217773,0.313234806060791,-0.04429105669260025,0.2643445134162903,0.3316423296928406,-0.04271978884935379,0.286327987909317,0.38285884261131287,-0.01111743412911892,0.31083765625953674,0.3503250479698181,-0.03786293789744377,0.2958909869194031,0.3473623991012573,-0.0462297759950161,0.27567556500434875,0.35770171880722046,-0.04689113050699234,scissors
0.4048827290534973,0.5454200506210327,2.4811487264742027e-07,0.3977010250091553,0.48257976770401,-0.036035191267728806,0.43683087825775146,0.41274046897888184,-0.04440481215715408,0.5078046321868896,0.3838229179382324,-0.05022193491458893,0.5598801970481873,0.3953450322151184,-0.05200672894716263,0.48894232511520386,0.37840428948402405,-0.011221465654671192,0.5325038433074951,0.30230265855789185,-0.025251910090446472,0.5564691424369812,0.2529066801071167,-0.037745438516139984,0.5773785710334778,0.2172568142414093,-0.04807642102241516,0.5191905498504639,0.4049537181854248,-0.003206949681043625,0.5837056636810303,0.3494006395339966,-0.018842723220586777,0.633012592792511,0.30879074335098267,-0.03813299536705017,0.664925217628479,0.2811075448989868,-0.0523742139339447,0.5323666930198669,0.4412514865398407,-0.00023663017782382667,0.5964255928993225,0.41456174850463867,-0.02742866985499859,0.5947360992431641,0.4206538796424866,-0.04895994812250137,0.5704449415206909,0.430472731590271,-0.05698075890541077,0.5428022146224976,0.48181524872779846,0.00026291279937140644,0.5881233215332031,0.46232613921165466,-0.02790827304124832,0.5892206430435181,0.4621867835521698,-0.044294774532318115,0.5681144595146179,0.4671069383621216,-0.05060087516903877,scissors
0.16052575409412384,0.7019325494766235,3.9678514696106504e-08,0.12894970178604126,0.6829273700714111,-0.009342190809547901,0.11133123934268951,0.6545367240905762,-0.010564733296632767,0.12152029573917389,0.625161349773407,-0.012516004033386707,0.14126448333263397,0.6148038506507874,-0.013997196219861507,0.12251308560371399,0.6414511799812317,0.003626793622970581,0.10739845037460327,0.6145155429840088,-0.0024002797435969114,0.09580431133508682,0.5962313413619995,-0.008152464404702187,0.0881284549832344,0.5803004503250122,-0.012463033199310303,0.14020705223083496,0.6353005766868591,0.0033485430758446455,0.13748839497566223,0.6003066897392273,-0.002464379882439971,0.132343590259552,0.5755535364151001,-0.008528773672878742,0.13004259765148163,0.5578969120979309,-0.012973993085324764,0.15819378197193146,0.6359992623329163,0.000710708845872432,0.16073912382125854,0.6085059642791748,-0.010678356513381004,0.15232352912425995,0.6062767505645752,-0.01837027445435524,0.14589577913284302,0.613131582736969,-0.02086292952299118,0.17710451781749725,0.6413114070892334,-0.0028010280802845955,0.17643535137176514,0.6199961304664612,-0.012248328886926174,0.16661229729652405,0.6199079751968384,-0.016134053468704224,0.15733221173286438,0.6297820806503296,-0.017408214509487152,scissors
0.7300331592559814,0.759759783744812,-2.441506978811958e-07,0.6345569491386414,0.775845468044281,0.044564370065927505,0.5878416299819946,0.734035313129425,0.07806248962879181,0.5644229054450989,0.6854726672172546,0.10894691944122314,0.5688247084617615,0.6496050357818604,0.1412649303674698,0.5416877269744873,0.695451021194458,0.05149463936686516,0.4603801369667053,0.6561843156814575,0.07572681456804276,0.4145585298538208,0.637754499912262,0.08856786787509918,0.38249725103378296,0.6201486587524414,0.09662196040153503,0.571644127368927,0.656818687915802,0.05163450911641121,0.49903836846351624,0.6051356196403503,0.08855211734771729,0.46508824825286865,0.5834445953369141,0.10592931509017944,0.4406328797340393,0.5649866461753845,0.1130409762263298,0.6087914705276489,0.630221426486969,0.05626469850540161,0.5672839879989624,0.5893614292144775,0.09722566604614258,0.5689043402671814,0.6124107837677002,0.1118377298116684,0.5809402465820312,0.6329545974731445,0.1156272366642952,0.6456629037857056,0.611113429069519,0.064124196767807,0.6153488159179688,0.6192790865898132,0.09969262778759003,0.6165504455566406,0.6466692686080933,0.11237688362598419,0.6299501657485962,0.6644269227981567,0.11884047091007233,scissors
0.8494136333465576,0.9698017239570618,2.8698735832222155e-07,0.7771141529083252,0.944582462310791,0.032088503241539,0.7347654700279236,0.9116768836975098,0.0082853389903903,0.7122704386711121,0.873198926448822,-0.02585841342806816,0.6789636611938477,0.869265079498291,-0.058574263006448746,0.6723505854606628,0.9801814556121826,-0.08010809868574142,0.5669220685958862,0.9708094000816345,-0.12855757772922516,0.5048257112503052,0.9703544974327087,-0.14874355494976044,0.45065224170684814,0.971428632736206,-0.16150535643100739,0.7002477049827576,0.975136399269104,-0.12627017498016357,0.5787786841392517,0.9533024430274963,-0.204581618309021,0.5074829459190369,0.9252586960792542,-0.2279212772846222,0.45481398701667786,0.9130551815032959,-0.23748421669006348,0.7419016361236572,0.9563089609146118,-0.16340681910514832,0.6658450365066528,0.8775695562362671,-0.22519032657146454,0.6867123246192932,0.8328087329864502,-0.20526139438152313,0.7140100002288818,0.8217147588729858,-0.17851556837558746,0.7883638143539429,0.9188007712364197,-0.19638320803642273,0.7396700978279114,0.8422889709472656,-0.22883298993110657,0.7490054368972778,0.8178886771202087,-0.2089366912841797,0.7629819512367249,0.8186436891555786,-0.18751540780067444,scissors
0.4240856170654297,0.835297703742981,-6.400618701718486e-08,0.4136713147163391,0.8013337850570679,-0.012761282734572887,0.4139540493488312,0.76494300365448,-0.019766079261898994,0.43610212206840515,0.7452428340911865,-0.027952104806900024,0.46136724948883057,0.7447246313095093,-0.03529971092939377,0.4406568706035614,0.7530544996261597,-0.004422480706125498,0.4476413130760193,0.7127054333686829,-0.01709625869989395,0.4497066140174866,0.6882245540618896,-0.025509895756840706,0.45425570011138916,0.6691364049911499,-0.03048734739422798,0.45739617943763733,0.7611700892448425,-0.0061723580583930016,0.4773620367050171,0.7184816002845764,-0.019955769181251526,0.48517659306526184,0.6921020746231079,-0.027568690478801727,0.49183937907218933,0.6734744310379028,-0.030855288729071617,0.47111210227012634,0.7752792835235596,-0.010212976485490799,0.47863414883613586,0.7470669746398926,-0.029918000102043152,0.4586547613143921,0.7598792910575867,-0.031299252063035965,0.44523507356643677,0.7746990919113159,-0.02606584131717682,0.48258522152900696,0.7933697700500488,-0.015373073518276215,0.4853024184703827,0.7676919102668762,-0.02843954600393772,0.47002655267715454,0.7740131616592407,-0.02588215284049511,0.45810410380363464,0.7853046655654907,-0.0204482339322567,scissors
0.485731303691864,0.6838576793670654,3.6453045026973996e-07,0.48755913972854614,0.6290802955627441,-0.06678365916013718,0.5023400187492371,0.557773768901825,-0.06477367877960205,0.533822774887085,0.5106465220451355,-0.04756585508584976,0.5520010590553284,0.47725221514701843,-0.023335903882980347,0.46009182929992676,0.4817902147769928,-0.02995051071047783,0.4791349470615387,0.3936636745929718,-0.04293385148048401,0.488851934671402,0.3412063717842102,-0.05112186446785927,0.4963442385196686,0.29649412631988525,-0.05508457124233246,0.4996587336063385,0.49371206760406494,-0.0009101147297769785,0.5370654463768005,0.4035343825817108,-0.012466653250157833,0.5642275214195251,0.3518317937850952,-0.025935089215636253,0.5829303860664368,0.3075612187385559,-0.032305240631103516,0.5312724113464355,0.5160963535308838,0.019339196383953094,0.5685869455337524,0.46956735849380493,-0.021302200853824615,0.5764185786247253,0.5190048813819885,-0.051217518746852875,0.5737661719322205,0.5528334975242615,-0.05750599876046181,0.5525881052017212,0.541263222694397,0.036013491451740265,0.5793108344078064,0.5155661106109619,-0.008724752813577652,0.5830137729644775,0.5445435047149658,-0.034400660544633865,0.5718638896942139,0.5681939721107483,-0.043225400149822235,scissors
0.7686534523963928,0.12518088519573212,4.8998703050529e-07,0.7330061197280884,0.12253901362419128,-0.05130814015865326,0.6944288611412048,0.15498721599578857,-0.05699494108557701,0.6788821220397949,0.2036958634853363,-0.05263175815343857,0.6629210710525513,0.2424437403678894,-0.04467179998755455,0.6450456380844116,0.1673894226551056,-0.010987765155732632,0.5959575772285461,0.19130435585975647,-0.012024469673633575,0.5639426708221436,0.20938311517238617,-0.01637761853635311,0.5372873544692993,0.22436441481113434,-0.02067839726805687,0.6656277775764465,0.19325940310955048,0.011037388816475868,0.6252613067626953,0.23676849901676178,0.009864182211458683,0.5976369380950928,0.2740657329559326,-0.0013321362202987075,0.5763111710548401,0.305399090051651,-0.009466543793678284,0.6918858885765076,0.21032269299030304,0.02587847039103508,0.667658269405365,0.23571071028709412,0.0031231441535055637,0.6910518407821655,0.22272883355617523,-0.020351894199848175,0.7087152600288391,0.21255093812942505,-0.02858034148812294,0.7169713377952576,0.21919503808021545,0.0375714972615242,0.7039827108383179,0.2411927580833435,0.010950956493616104,0.7142811417579651,0.23378852009773254,-0.008814256638288498,0.7247864007949829,0.22633789479732513,-0.018607476726174355,scissors
0.37078404426574707,0.29354751110076904,8.449110566743911e-08,0.435782253742218,0.31581708788871765,0.008179422467947006,0.4824123680591583,0.30357420444488525,0.019938286393880844,0.49307572841644287,0.2726594805717468,0.029475761577486992,0.4879753887653351,0.24360667169094086,0.038677021861076355,0.505289614200592,0.22372642159461975,0.026952378451824188,0.5474732518196106,0.18141674995422363,0.04144110530614853,0.5673943758010864,0.15436050295829773,0.04658897593617439,0.5826616287231445,0.1320945918560028,0.04860136657953262,0.4755204916000366,0.1951633095741272,0.02582925744354725,0.49022427201271057,0.16186319291591644,0.04412946105003357,0.49707740545272827,0.1418757140636444,0.04456210136413574,0.4998116195201874,0.12614694237709045,0.04167032986879349,0.44163239002227783,0.18628397583961487,0.025162290781736374,0.44650331139564514,0.1836574375629425,0.03881312534213066,0.441758394241333,0.20695969462394714,0.031016865745186806,0.43643856048583984,0.22348904609680176,0.023106755688786507,0.4108280539512634,0.1788724809885025,0.024909842759370804,0.41720712184906006,0.18088163435459137,0.033016689121723175,0.41408342123031616,0.19745421409606934,0.030918382108211517,0.41150742769241333,0.21452009677886963,0.028720436617732048,scissors
0.5917137861251831,0.36951518058776855,-1.1002558863992817e-07,0.5417028665542603,0.40647566318511963,0.013008968904614449,0.4942197799682617,0.4032822251319885,0.01694847270846367,0.4602738320827484,0.3845394253730774,0.01930626668035984,0.44621482491493225,0.3633618950843811,0.02173299342393875,0.46285679936408997,0.39662545919418335,-0.008609678596258163,0.4038081169128418,0.4138294458389282,-0.01956738904118538,0.3710891306400299,0.42535024881362915,-0.029265757650136948,0.34760716557502747,0.4324489235877991,-0.03514330834150314,0.46597737073898315,0.3664245307445526,-0.014061410911381245,0.39446067810058594,0.3570082187652588,-0.017561744898557663,0.3531368672847748,0.3508377969264984,-0.022534092888236046,0.32410359382629395,0.3451749384403229,-0.02906842716038227,0.4766889214515686,0.3405185043811798,-0.016370821744203568,0.42887017130851746,0.3249053657054901,-0.013054335489869118,0.4438788890838623,0.3346133530139923,-0.00625940877944231,0.46176087856292725,0.3422785699367523,-0.0031412409152835608,0.49068689346313477,0.3189229369163513,-0.01787440851330757,0.46040499210357666,0.32346537709236145,-0.010708997026085854,0.4684998393058777,0.3371749222278595,-0.0009529825183562934,0.47920987010002136,0.3459587097167969,0.005462910979986191,scissors
0.7807723879814148,0.34987446665763855,-5.300523397977486e-08,0.8147551417350769,0.3892377018928528,0.00797777809202671,0.8174993395805359,0.42299017310142517,0.01379847340285778,0.8037950396537781,0.44565582275390625,0.020572135224938393,0.7904346585273743,0.45489656925201416,0.02770940028131008,0.7970727682113647,0.44811004400253296,-0.004195501562207937,0.8125860691070557,0.4920338988304138,-0.0009088363731279969,0.8204488158226013,0.5144705772399902,0.0010020775953307748,0.8234296441078186,0.5314251184463501,0.0022183211985975504,0.7750034332275391,0.4454728066921234,-0.002848599338904023,0.7744758725166321,0.49448126554489136,0.0015180966584011912,0.7744878530502319,0.5218223333358765,0.003553282469511032,0.7725719213485718,0.5415511131286621,0.0033209824468940496,0.7596551775932312,0.4376407265663147,0.00139568408485502,0.7678186893463135,0.46757909655570984,0.0107988016679883,0.780776858329773,0.4607270061969757,0.016008637845516205,0.7875199913978577,0.45104867219924927,0.017777660861611366,0.748163640499115,0.4271791875362396,0.006342237815260887,0.7603620886802673,0.44668835401535034,0.017736267298460007,0.7706287503242493,0.44185417890548706,0.02525915578007698,0.776240885257721,0.43405893445014954,0.029577674344182014,scissors
0.34591639041900635,0.7791668772697449,2.3098745316474378e-07,0.3708742558956146,0.7464307546615601,-0.05484030023217201,0.3960987627506256,0.7046793699264526,-0.05073632672429085,0.4177588224411011,0.6796401143074036,-0.029529666528105736,0.4212396740913391,0.6610444188117981,0.00012702083040494472,0.35305255651474,0.6441865563392639,-0.03521962836384773,0.37693625688552856,0.5819076299667358,-0.03986517712473869,0.38368335366249084,0.5417311191558838,-0.039643511176109314,0.3853394389152527,0.5082741975784302,-0.036151107400655746,0.36001068353652954,0.6472803950309753,-0.0008951880154199898,0.38646459579467773,0.582119882106781,-0.0011196783743798733,0.4056602120399475,0.5442531704902649,-0.0010050879791378975,0.4171956479549408,0.512814462184906,0.0013925600796937943,0.3691205084323883,0.6571187973022461,0.027445996180176735,0.40993231534957886,0.6368290781974792,0.012098196893930435,0.40934351086616516,0.6730371713638306,-0.0030433342326432467,0.3991047441959381,0.689117431640625,-0.004801039583981037,0.3777729272842407,0.6672520637512207,0.05210508778691292,0.40422478318214417,0.6630776524543762,0.030365807935595512,0.4017511308193207,0.6882402896881104,0.011045724153518677,0.38634902238845825,0.7018827199935913,0.003400312038138509,scissors
0.31091541051864624,0.5312961935997009,1.87735892609453e-07,0.31206345558166504,0.6148701906204224,0.018524829298257828,0.2794871926307678,0.6635701060295105,0.011077508330345154,0.25968101620674133,0.6939070224761963,0.014095136895775795,0.24086600542068481,0.7178260684013367,0.01953318528831005,0.2603265345096588,0.6784889101982117,-0.11254564672708511,0.24220992624759674,0.7515183687210083,-0.12357275933027267,0.2550618648529053,0.7852445840835571,-0.12603123486042023,0.25774258375167847,0.8027405738830566,-0.13228370249271393,0.23878751695156097,0.6569193601608276,-0.10802382975816727,0.18639352917671204,0.7414089441299438,-0.13534486293792725,0.15565228462219238,0.7966850399971008,-0.15091906487941742,0.12941688299179077,0.8369502425193787,-0.1713358610868454,0.22442445158958435,0.6421038508415222,-0.08322010934352875,0.18407422304153442,0.7127047181129456,-0.0641050636768341,0.20683346688747406,0.7231498956680298,-0.02704107016324997,0.22454889118671417,0.7233810424804688,-0.014559867791831493,0.21574567258358002,0.6286353468894958,-0.055325355380773544,0.21053235232830048,0.6806367635726929,-0.012797539122402668,0.23708286881446838,0.6770800352096558,0.03207603469491005,0.25920993089675903,0.6639704704284668,0.05382882058620453,scissors
0.5954956412315369,0.6394915580749512,2.0734509575959237e-07,0.6519819498062134,0.5912690162658691,-0.007066776975989342,0.6980648636817932,0.5782188177108765,0.01356655452400446,0.7335707545280457,0.5967944264411926,0.034369807690382004,0.7560272812843323,0.6137157082557678,0.058615103363990784,0.70744788646698,0.5480861663818359,0.059890251606702805,0.7517164349555969,0.5209064483642578,0.0812373161315918,0.7795851826667786,0.5037368535995483,0.09194852411746979,0.8010292053222656,0.4907383918762207,0.09998537600040436,0.7160896062850952,0.5787455439567566,0.06669725477695465,0.7743228673934937,0.567305326461792,0.09514258056879044,0.8084383010864258,0.5654631853103638,0.10282757133245468,0.8320861458778381,0.5661056637763977,0.1076972559094429,0.7136809229850769,0.6104337573051453,0.06628291308879852,0.7616872191429138,0.6167795658111572,0.07277756929397583,0.7420253157615662,0.620551586151123,0.05790850520133972,0.724753201007843,0.6225294470787048,0.051252029836177826,0.712437629699707,0.6428801417350769,0.06506483256816864,0.7393833994865417,0.6407564878463745,0.06538628786802292,0.7271813750267029,0.6431127786636353,0.05579490587115288,0.7133290767669678,0.6435686945915222,0.05063200369477272,scissors
0.38412851095199585,0.6261582374572754,-3.525608178733819e-07,0.4287247359752655,0.5182687044143677,0.026045875623822212,0.47664302587509155,0.47234994173049927,0.012695183046162128,0.5098994970321655,0.43467578291893005,-0.009654664434492588,0.5425565242767334,0.4092218279838562,-0.0369190089404583,0.5900965332984924,0.5089602470397949,-0.03285582363605499,0.6418343782424927,0.4046384394168854,-0.06700002402067184,0.6733167171478271,0.3482333719730377,-0.09515270590782166,0.7071996927261353,0.3079913258552551,-0.11935160309076309,0.5674827098846436,0.5369505286216736,-0.06642905622720718,0.6030107140541077,0.40641945600509644,-0.11225277930498123,0.6157247424125671,0.330250084400177,-0.13716553151607513,0.6313430070877075,0.2850741446018219,-0.15758775174617767,0.5267969369888306,0.5475230813026428,-0.09426599740982056,0.5280262231826782,0.41581016778945923,-0.11885888129472733,0.47437575459480286,0.40784382820129395,-0.09567204117774963,0.4467092752456665,0.4349370002746582,-0.08110710233449936,0.4824250340461731,0.5490662455558777,-0.12150901556015015,0.4771033823490143,0.44468003511428833,-0.13130642473697662,0.4421963095664978,0.4382556080818176,-0.10943184047937393,0.42580026388168335,0.4627302289009094,-0.09400293231010437,scissors
0.46181434392929077,0.9633130431175232,9.280801691602392e-07,0.5063076019287109,0.8779780864715576,-0.04367167130112648,0.48006391525268555,0.7523941993713379,-0.03489017114043236,0.39293426275253296,0.6992806792259216,-0.01932145655155182,0.31837067008018494,0.7010584473609924,0.0021251740399748087,0.4700268507003784,0.7064633369445801,0.004505818244069815,0.46179842948913574,0.5854592323303223,0.004324424080550671,0.456194669008255,0.5132718086242676,0.011352266184985638,0.4570083022117615,0.46310657262802124,0.016813453286886215,0.40953329205513,0.7221800684928894,0.010716511867940426,0.37144798040390015,0.5876482725143433,0.01234810147434473,0.35599079728126526,0.5047833323478699,0.011828507296741009,0.3381495475769043,0.44681286811828613,0.014776689000427723,0.35985440015792847,0.7583865523338318,0.0071642156690359116,0.3160775899887085,0.6752078533172607,-0.042486853897571564,0.344145804643631,0.7127957344055176,-0.07932078093290329,0.35772430896759033,0.7454239726066589,-0.08633710443973541,0.32855427265167236,0.8080272674560547,0.0020520463585853577,0.3340005576610565,0.7852262258529663,-0.06293957680463791,0.3794318437576294,0.8317764401435852,-0.09927836805582047,0.40446463227272034,0.8774776458740234,-0.11320391297340393,scissors
0.2390662133693695,0.653728187084198,4.5821718686056556e-07,0.30114680528640747,0.6583316326141357,0.004296379163861275,0.3425760269165039,0.6272487640380859,-0.003058499889448285,0.34993648529052734,0.5838608145713806,-0.01223839446902275,0.3380305767059326,0.5494650602340698,-0.02277996577322483,0.3698931634426117,0.588778555393219,-0.03157464787364006,0.43141818046569824,0.5361339449882507,-0.04746653139591217,0.4692780375480652,0.5088472366333008,-0.05642444267868996,0.49810725450515747,0.4873996675014496,-0.06263233721256256,0.33851194381713867,0.5623692870140076,-0.03984371945261955,0.3910771608352661,0.49220526218414307,-0.05729018151760101,0.4220919609069824,0.45432981848716736,-0.06454839557409286,0.4418259859085083,0.4271560311317444,-0.06955985724925995,0.2997906804084778,0.5445206165313721,-0.04429379850625992,0.3334665894508362,0.5015650987625122,-0.05341134965419769,0.32452401518821716,0.5240656137466431,-0.04308990761637688,0.3144100308418274,0.5446072220802307,-0.03335479646921158,0.262073278427124,0.5396765470504761,-0.048391737043857574,0.28457826375961304,0.5212710499763489,-0.05055747926235199,0.28244370222091675,0.5412496328353882,-0.03881657496094704,0.27882134914398193,0.5580532550811768,-0.028117984533309937,scissors
0.7729867100715637,0.21513354778289795,1.515557102038656e-07,0.7789559960365295,0.1807987093925476,-0.01275127287954092,0.8045177459716797,0.1533776819705963,-0.018674708902835846,0.8371053338050842,0.1543678194284439,-0.024983493611216545,0.8603085875511169,0.16675135493278503,-0.030173346400260925,0.8411429524421692,0.14433328807353973,-0.006136959418654442,0.8723809719085693,0.11367620527744293,-0.019243596121668816,0.8915566205978394,0.09359098225831985,-0.028086543083190918,0.9072088003158569,0.07874131202697754,-0.033453311771154404,0.8508902788162231,0.165287047624588,-0.008566305041313171,0.8967959880828857,0.14461368322372437,-0.022102052345871925,0.9258840680122375,0.12965764105319977,-0.03136846050620079,0.9488632678985596,0.11865884065628052,-0.035436250269412994,0.8502898812294006,0.18835552036762238,-0.012711199931800365,0.876480221748352,0.17679458856582642,-0.033278271555900574,0.8516514897346497,0.177616149187088,-0.034880757331848145,0.8315756916999817,0.18131810426712036,-0.029071228578686714,0.8439273238182068,0.21287457644939423,-0.0175691656768322,0.8625838756561279,0.19971723854541779,-0.034286245703697205,0.844109296798706,0.19794496893882751,-0.031212937086820602,0.8266385793685913,0.2006339430809021,-0.02382928505539894,scissors
0.29893776774406433,0.3477676510810852,2.2737626181879023e-07,0.26484060287475586,0.3167833685874939,0.03843678534030914,0.24288731813430786,0.2783747613430023,0.04746174439787865,0.22926783561706543,0.23728081583976746,0.046158526092767715,0.21789902448654175,0.21245217323303223,0.046364158391952515,0.18304872512817383,0.2905263304710388,0.02456919103860855,0.13379251956939697,0.2502675950527191,0.020828543230891228,0.10508634150028229,0.2346491664648056,0.015444845892488956,0.07667914032936096,0.2239082157611847,0.010566646233201027,0.18730708956718445,0.2830890715122223,-0.001235921517945826,0.14924854040145874,0.21814075112342834,-0.005305218975991011,0.12626677751541138,0.17472268640995026,-0.0164254792034626,0.10711287707090378,0.1482679545879364,-0.02723257802426815,0.2034936249256134,0.2780646085739136,-0.022765764966607094,0.19611269235610962,0.20305082201957703,-0.022283898666501045,0.22455637156963348,0.20810790359973907,-0.017403684556484222,0.24164661765098572,0.224860280752182,-0.015671566128730774,0.22855432331562042,0.26288899779319763,-0.042077407240867615,0.25242793560028076,0.21472424268722534,-0.042167142033576965,0.28177618980407715,0.2161112278699875,-0.03780800476670265,0.2980270981788635,0.22571414709091187,-0.034577347338199615,scissors
0.9080343246459961,0.42829814553260803,1.9390142824704526e-07,0.8352698683738708,0.4077978730201721,0.011309548281133175,0.8121079802513123,0.3585401475429535,0.01008125301450491,0.823681652545929,0.3155447244644165,0.009668479673564434,0.8435862064361572,0.29093554615974426,0.010302471928298473,0.7817950248718262,0.341543972492218,-0.029879983514547348,0.7171462774276733,0.2943931519985199,-0.046182360500097275,0.6731542348861694,0.26620563864707947,-0.06013744696974754,0.6413618326187134,0.24565881490707397,-0.07050962746143341,0.8175588846206665,0.3280940055847168,-0.037984926253557205,0.7860211133956909,0.25456535816192627,-0.0452519953250885,0.7674237489700317,0.21376588940620422,-0.053265221416950226,0.7519777417182922,0.18438558280467987,-0.06271332502365112,0.8584081530570984,0.3225409686565399,-0.040938884019851685,0.8606566786766052,0.26271283626556396,-0.03767776861786842,0.8660458326339722,0.28320375084877014,-0.025973454117774963,0.8696627020835876,0.3050253391265869,-0.02014021761715412,0.8979071378707886,0.32249563932418823,-0.042936477810144424,0.8899729251861572,0.2919408679008484,-0.037144094705581665,0.8907923698425293,0.31144922971725464,-0.021002767607569695,0.8926623463630676,0.3304169774055481,-0.009116213768720627,scissors
0.6538975238800049,0.2321999967098236,3.003937649737054e-07,0.6240707635879517,0.22315190732479095,-0.0543888695538044,0.573413610458374,0.22846588492393494,-0.0628078281879425,0.5348277688026428,0.2603158950805664,-0.060846958309412,0.5011618137359619,0.2868229150772095,-0.05522069334983826,0.5229175686836243,0.19949845969676971,-0.025493435561656952,0.46439361572265625,0.19217967987060547,-0.03554447740316391,0.4271797835826874,0.18699732422828674,-0.04409848898649216,0.39426374435424805,0.180692657828331,-0.05042687803506851,0.524035632610321,0.227774977684021,-0.004791198763996363,0.4700167179107666,0.24347007274627686,-0.01642722636461258,0.43332958221435547,0.25737833976745605,-0.028987877070903778,0.4036356806755066,0.2672054171562195,-0.036022402346134186,0.5359130501747131,0.25406020879745483,0.008802995085716248,0.5105514526367188,0.27425891160964966,-0.020313454791903496,0.534864068031311,0.278778076171875,-0.04122554883360863,0.5487184524536133,0.27720022201538086,-0.04638084024190903,0.553631603717804,0.27196431159973145,0.01875215210020542,0.5351881980895996,0.28738945722579956,-0.011194398626685143,0.5481408834457397,0.29210272431373596,-0.02765594981610775,0.5577523112297058,0.2952289581298828,-0.033554092049598694,scissors
0.020994454622268677,0.49251821637153625,8.724409781279974e-07,0.08615770936012268,0.41972610354423523,-0.058699216693639755,0.173079714179039,0.41759151220321655,-0.07504580914974213,0.2142641544342041,0.495437890291214,-0.08870571106672287,0.25460049510002136,0.5473900437355042,-0.09615778923034668,0.32318055629730225,0.41365331411361694,-0.023553460836410522,0.4634660482406616,0.40088242292404175,-0.06093534827232361,0.5579737424850464,0.39678674936294556,-0.0913851335644722,0.6378822922706604,0.3980432152748108,-0.11274635046720505,0.30844807624816895,0.4897397756576538,-0.01860935613512993,0.4089866280555725,0.5104034543037415,-0.06449776142835617,0.4835360050201416,0.5352755188941956,-0.09496559947729111,0.55326247215271,0.5564914345741272,-0.11009608954191208,0.2713503837585449,0.5511021018028259,-0.023451978340744972,0.3133534789085388,0.5789095163345337,-0.0972495824098587,0.22599712014198303,0.5511231422424316,-0.10683330148458481,0.162353515625,0.5275958180427551,-0.0897020772099495,0.22737321257591248,0.6027852296829224,-0.03299321234226227,0.2723585367202759,0.6252316832542419,-0.10130514204502106,0.21980521082878113,0.6030067205429077,-0.10790202766656876,0.17418745160102844,0.5859400033950806,-0.09484095126390457,scissors
0.23370377719402313,0.5463148355484009,3.4941126614285167e-07,0.28619301319122314,0.49495914578437805,-0.033724959939718246,0.3600767254829407,0.49896275997161865,-0.03714493289589882,0.39554542303085327,0.5576584339141846,-0.03922088444232941,0.4136545956134796,0.6042807102203369,-0.03897674381732941,0.4392537474632263,0.5145866870880127,-0.0009086570353247225,0.5205756425857544,0.49546048045158386,-0.015123065561056137,0.5687087774276733,0.48530644178390503,-0.026344049721956253,0.6091059446334839,0.47782084345817566,-0.03358921408653259,0.43206271529197693,0.5630344748497009,0.0008490339969284832,0.5227099657058716,0.5832134485244751,-0.012759213335812092,0.5753968954086304,0.5978352427482605,-0.023882772773504257,0.6153610944747925,0.6117590665817261,-0.028587577864527702,0.40352725982666016,0.5952973961830139,-0.004172369372099638,0.4494471251964569,0.6100461483001709,-0.039085231721401215,0.41278842091560364,0.5911790728569031,-0.05148644000291824,0.38347500562667847,0.5794125199317932,-0.04858817905187607,0.3680800795555115,0.6193946599960327,-0.011925940401852131,0.3952676057815552,0.6256534457206726,-0.045832693576812744,0.36670035123825073,0.6070089340209961,-0.052189089357852936,0.34183359146118164,0.5968180298805237,-0.048903122544288635,scissors
0.563107967376709,0.2334109991788864,3.08007273019939e-08,0.5236020684242249,0.26172131299972534,0.0037684047129005194,0.4878488779067993,0.2532269358634949,0.0038171338383108377,0.46745842695236206,0.2291276752948761,0.0032183178700506687,0.46044090390205383,0.20687903463840485,0.0028393464162945747,0.4603405296802521,0.2523929476737976,-0.007450157776474953,0.4113847613334656,0.2616695165634155,-0.014105345122516155,0.3830013871192932,0.2695961594581604,-0.018184969201683998,0.36177101731300354,0.2738415598869324,-0.0200108140707016,0.46137964725494385,0.22770442068576813,-0.010779098607599735,0.409316748380661,0.2183208465576172,-0.010998603887856007,0.3802512288093567,0.21372774243354797,-0.011667704209685326,0.3590424060821533,0.20785491168498993,-0.01323680393397808,0.4714350700378418,0.20533105731010437,-0.012797794304788113,0.45131441950798035,0.18889282643795013,-0.011094610206782818,0.46173450350761414,0.1969897449016571,-0.007413928396999836,0.47289371490478516,0.20467251539230347,-0.004926505498588085,0.48484060168266296,0.18849126994609833,-0.014881744980812073,0.4754892587661743,0.18828369677066803,-0.009040453471243382,0.484172523021698,0.1957307755947113,-0.0014423492830246687,0.49297577142715454,0.2000693827867508,0.004142655525356531,scissors
0.29239487648010254,0.716123104095459,2.5176132112392224e-07,0.3342077136039734,0.6454768180847168,-0.0206172913312912,0.40085935592651367,0.6176716089248657,-0.013463431037962437,0.45370543003082275,0.6529488563537598,-0.006306877359747887,0.47668060660362244,0.6826971769332886,0.0041130720637738705,0.4578388035297394,0.5973700284957886,0.013604222796857357,0.530370831489563,0.5521984100341797,-0.0018940663430839777,0.5783731341362,0.5265463590621948,-0.017523426562547684,0.6210193634033203,0.5084781646728516,-0.02885117009282112,0.46466779708862305,0.6429495811462402,0.014494159258902073,0.5471972227096558,0.6198866367340088,-0.0007359720184467733,0.6019344925880432,0.6079760789871216,-0.01655535027384758,0.6496433615684509,0.6016130447387695,-0.025670263916254044,0.45686015486717224,0.6852777004241943,0.009756616316735744,0.5121461153030396,0.6837301850318909,-0.023711413145065308,0.4599548578262329,0.6800294518470764,-0.03140683099627495,0.4179081916809082,0.6811563372612,-0.02465999498963356,0.44201287627220154,0.7246720194816589,0.0029480347875505686,0.4774831235408783,0.7215952277183533,-0.031256020069122314,0.4428887963294983,0.7122941017150879,-0.03654296696186066,0.4106690287590027,0.7091756463050842,-0.031147614121437073,scissors
0.5323624014854431,0.321201890707016,2.064757254061078e-08,0.5620246529579163,0.2799236476421356,0.0047563230618834496,0.5843434929847717,0.2543364465236664,0.014233709312975407,0.5949190855026245,0.2301333248615265,0.02183644287288189,0.6027275919914246,0.20911334455013275,0.0278947614133358,0.6082154512405396,0.3099730610847473,0.053231582045555115,0.608537495136261,0.3028128147125244,0.08649025857448578,0.6017066836357117,0.2951253056526184,0.10112741589546204,0.5966893434524536,0.29233959317207336,0.10896644741296768,0.5899745225906372,0.3240726590156555,0.061290692538022995,0.5892607569694519,0.31222474575042725,0.10107120871543884,0.5848245024681091,0.3005106747150421,0.109034463763237,0.5769146680831909,0.2956015169620514,0.1103525385260582,0.5696503520011902,0.32968711853027344,0.06868404150009155,0.5693064332008362,0.31567227840423584,0.10145079344511032,0.5650203824043274,0.30286210775375366,0.10057470202445984,0.5591063499450684,0.2957194447517395,0.09583662450313568,0.5523272156715393,0.33039432764053345,0.07598745077848434,0.5536780953407288,0.3206323981285095,0.102578304708004,0.5503855347633362,0.3109554946422577,0.10931029170751572,0.5461093783378601,0.3040601313114166,0.1111900806427002,scissors
0.3031880259513855,0.5074850916862488,3.984335705808917e-08,0.2625986635684967,0.5242313146591187,0.006441595498472452,0.23351582884788513,0.5100894570350647,0.007656672969460487,0.22063736617565155,0.48758628964424133,0.008100955747067928,0.21765990555286407,0.46905428171157837,0.008497897535562515,0.21262046694755554,0.503363311290741,-0.005086854100227356,0.16962949931621552,0.5011082887649536,-0.01020781323313713,0.1433408558368683,0.502916693687439,-0.013939416967332363,0.12229964882135391,0.5031395554542542,-0.015812529250979424,0.21993161737918854,0.4845675826072693,-0.008448268286883831,0.17559227347373962,0.46928611397743225,-0.007313811685889959,0.14885571599006653,0.46153658628463745,-0.007922508753836155,0.1289483606815338,0.45365869998931885,-0.009791150689125061,0.2332059144973755,0.4692918658256531,-0.010093952529132366,0.21149304509162903,0.457213819026947,-0.006410708650946617,0.21810460090637207,0.4671488404273987,-0.002493298612535,0.22801536321640015,0.4766468107700348,-0.00034867209615185857,0.24720337986946106,0.4579121470451355,-0.011573785915970802,0.23460613191127777,0.4632631838321686,-0.005812003742903471,0.240535169839859,0.4730621874332428,0.0007380032911896706,0.24938851594924927,0.4780697226524353,0.005476371385157108,scissors
0.48433709144592285,0.3565688729286194,1.6134247005084035e-07,0.4763619601726532,0.3042116165161133,-0.026655850932002068,0.4380475580692291,0.2617051601409912,-0.026290230453014374,0.3860950171947479,0.2533753514289856,-0.021462611854076385,0.34659653902053833,0.2555309236049652,-0.014320285059511662,0.41836017370224,0.23037761449813843,-0.006362954154610634,0.3780262768268585,0.17365923523902893,-0.012309078127145767,0.35094958543777466,0.14076411724090576,-0.01908877119421959,0.32808780670166016,0.11235805600881577,-0.024489615112543106,0.39458078145980835,0.25357672572135925,-0.00017585046589374542,0.33864614367485046,0.21610157191753387,-0.0075665684416890144,0.2983757555484772,0.19300223886966705,-0.018610460683703423,0.2632373869419098,0.17479979991912842,-0.026281237602233887,0.38133513927459717,0.28195104002952576,0.001995187485590577,0.3454516530036926,0.2649914026260376,-0.017461195588111877,0.3723819851875305,0.2774708867073059,-0.03016342781484127,0.39244580268859863,0.2855290472507477,-0.03258903697133064,0.3759597837924957,0.3123091161251068,0.0022363050375133753,0.3415786027908325,0.29175707697868347,-0.014962544664740562,0.3585507571697235,0.2946655750274658,-0.02046772465109825,0.37753477692604065,0.3001619279384613,-0.020967770367860794,scissors
0.5117128491401672,0.8016054630279541,6.593652415176621e-07,0.48528042435646057,0.7105804085731506,-0.11029524356126785,0.5117873549461365,0.6038414835929871,-0.11744126677513123,0.6085154414176941,0.5540529489517212,-0.10698267817497253,0.6806327104568481,0.5224965810775757,-0.08783833682537079,0.47457706928253174,0.4583684802055359,-0.020999765023589134,0.4807094931602478,0.3187011480331421,-0.04380093887448311,0.49971169233322144,0.23716819286346436,-0.06757049262523651,0.5244835615158081,0.1716015636920929,-0.08591468632221222,0.5510498285293579,0.48570016026496887,0.01772860437631607,0.6034646034240723,0.3467026352882385,-0.006947040557861328,0.6591172218322754,0.2779667377471924,-0.04420042783021927,0.7077953219413757,0.2221069037914276,-0.06910087913274765,0.6039009094238281,0.5344780683517456,0.038983892649412155,0.6811498403549194,0.4654364585876465,-0.04052404314279556,0.6837634444236755,0.5412753224372864,-0.10639598965644836,0.6737281084060669,0.6003662943840027,-0.12904195487499237,0.6428085565567017,0.5878646373748779,0.05452500283718109,0.6976858377456665,0.5471318960189819,-0.03172741457819939,0.7020630836486816,0.5952181816101074,-0.0855388194322586,0.6863046288490295,0.6373236179351807,-0.10936538875102997,scissors
0.4988488554954529,0.3889625668525696,2.1247402059998421e-07,0.5246983766555786,0.4172481596469879,0.0059894416481256485,0.5297607779502869,0.4401020109653473,0.004566011484712362,0.5366898775100708,0.4597897529602051,-0.0018745906418189406,0.5357648730278015,0.4782314896583557,-0.008661007508635521,0.47683724761009216,0.45977622270584106,0.02089797332882881,0.4627855718135834,0.4757901132106781,0.024178313091397285,0.4505116939544678,0.48843997716903687,0.024316957220435143,0.4379747211933136,0.49631646275520325,0.02387169748544693,0.47123807668685913,0.46587154269218445,0.012309832498431206,0.4718819558620453,0.5033003091812134,0.01862362027168274,0.4704846143722534,0.5266027450561523,0.02043149247765541,0.46577689051628113,0.545008659362793,0.02045804262161255,0.47127631306648254,0.466645210981369,0.00207405723631382,0.4966281056404114,0.4952344000339508,0.003283785656094551,0.5132837891578674,0.48326390981674194,0.0028450842946767807,0.5221481919288635,0.4685094654560089,0.002593821845948696,0.47438642382621765,0.46531203389167786,-0.008819417096674442,0.49896490573883057,0.4831348955631256,-0.010114949196577072,0.5099895596504211,0.47914984822273254,-0.01111480314284563,0.5153717994689941,0.47273632884025574,-0.011750031262636185,scissors
0.7166790962219238,0.663562536239624,3.3007489719238947e-07,0.6801860928535461,0.673876166343689,-0.07332348078489304,0.6311385631561279,0.6800045371055603,-0.07907091081142426,0.5867432355880737,0.7054047584533691,-0.06412472575902939,0.5528146624565125,0.7168389558792114,-0.04136259853839874,0.5946124792098999,0.5967814326286316,-0.04715033620595932,0.5247743129730225,0.5857543349266052,-0.05840250477194786,0.4790796637535095,0.5745428204536438,-0.06624474376440048,0.44565343856811523,0.5576627254486084,-0.06873615831136703,0.5906118750572205,0.6162697076797485,-0.004143459256738424,0.5188441276550293,0.6146407723426819,-0.006300998851656914,0.47120076417922974,0.6185999512672424,-0.012505652382969856,0.4337264895439148,0.6117567420005798,-0.014645666815340519,0.5914943814277649,0.636304497718811,0.031001679599285126,0.5496119260787964,0.6689358353614807,0.01215098425745964,0.5776455998420715,0.6915623545646667,-0.00997250061482191,0.5993651747703552,0.6868364214897156,-0.015573151409626007,0.5936048030853271,0.6517921090126038,0.06109495460987091,0.57441645860672,0.6817573308944702,0.03345368430018425,0.5964536666870117,0.6980013847351074,0.011129064485430717,0.6168963313102722,0.6997699737548828,0.00333728501573205,scissors
0.5641820430755615,0.40199366211891174,9.800574574114762e-09,0.5473146438598633,0.42531800270080566,-0.003944882657378912,0.5233871936798096,0.43290168046951294,-0.005171444732695818,0.5066299438476562,0.4244208037853241,-0.006240503396838903,0.4981445372104645,0.4151466190814972,-0.006926252041012049,0.501240074634552,0.43277186155319214,-0.007445557974278927,0.47443610429763794,0.44960886240005493,-0.011574620380997658,0.4588826894760132,0.45947638154029846,-0.013849681243300438,0.44760164618492126,0.46578311920166016,-0.014580775983631611,0.49563872814178467,0.41575607657432556,-0.007144799921661615,0.4679572582244873,0.4192415475845337,-0.008718009106814861,0.45103058218955994,0.42167744040489197,-0.009319380857050419,0.4383459687232971,0.42303088307380676,-0.009275488555431366,0.49628782272338867,0.401302307844162,-0.006948962341994047,0.4952032268047333,0.405775785446167,-0.00890892930328846,0.5062869787216187,0.40665203332901,-0.010479291900992393,0.5154178738594055,0.40661904215812683,-0.010254126973450184,0.5008601546287537,0.3894542157649994,-0.007216993719339371,0.5030943751335144,0.39480891823768616,-0.006375820375978947,0.5111468434333801,0.39716026186943054,-0.004299661610275507,0.5183863639831543,0.39917904138565063,-0.0019717225804924965,scissors
0.3461691737174988,0.5282517671585083,1.1141554523419472e-06,0.3692455291748047,0.517131507396698,-0.07644462585449219,0.343850314617157,0.49992606043815613,-0.11983988434076309,0.2779446542263031,0.5027977824211121,-0.1518978625535965,0.21554026007652283,0.5009496212005615,-0.18242336809635162,0.2920670509338379,0.39654138684272766,-0.10067524760961533,0.256071537733078,0.3129349946975708,-0.1461687535047531,0.23024843633174896,0.2582303285598755,-0.17454609274864197,0.20807094871997833,0.21166498959064484,-0.19228234887123108,0.2468472272157669,0.41845735907554626,-0.08377176523208618,0.18100139498710632,0.3645457923412323,-0.13501852750778198,0.12901224195957184,0.3272733986377716,-0.16716806590557098,0.08901205658912659,0.2917388677597046,-0.1835976392030716,0.22303125262260437,0.45324698090553284,-0.06972433626651764,0.17592185735702515,0.44502148032188416,-0.1288888305425644,0.1920018047094345,0.4810890555381775,-0.14089316129684448,0.21226662397384644,0.5082222819328308,-0.13454951345920563,0.2179616391658783,0.49183738231658936,-0.06043316423892975,0.1879240870475769,0.502463698387146,-0.11294924467802048,0.20495490729808807,0.5293529629707336,-0.11925902962684631,0.22752590477466583,0.551469624042511,-0.11119893193244934,scissors
0.3604755401611328,0.40118879079818726,2.795332818550378e-07,0.36854130029678345,0.35214388370513916,-0.031233539804816246,0.4073300063610077,0.3142149746417999,-0.0507434643805027,0.4321659505367279,0.33784592151641846,-0.06962596625089645,0.4419344961643219,0.3804261386394501,-0.08669013530015945,0.5142745971679688,0.3299999237060547,-0.026358483359217644,0.579079270362854,0.3131192922592163,-0.05603335052728653,0.6062856316566467,0.29057377576828003,-0.07781437039375305,0.6187867522239685,0.2677347660064697,-0.09082037955522537,0.5179116725921631,0.3720036447048187,-0.028962010517716408,0.58902907371521,0.37868836522102356,-0.053486913442611694,0.633647620677948,0.3688238263130188,-0.07422968000173569,0.6669687628746033,0.35886913537979126,-0.08782819658517838,0.5017289519309998,0.40576133131980896,-0.03612452372908592,0.5455197095870972,0.4073030352592468,-0.06926058232784271,0.5231658816337585,0.38269805908203125,-0.08427595347166061,0.5014199018478394,0.36477401852607727,-0.08843827992677689,0.47404745221138,0.43444591760635376,-0.04564635455608368,0.4773896038532257,0.41104182600975037,-0.0777265653014183,0.4516834616661072,0.38975486159324646,-0.08783081918954849,0.42930978536605835,0.3783709406852722,-0.08963809162378311,scissors
0.06776034832000732,0.8786080479621887,1.5874886116762355e-07,0.03984670341014862,0.7633213400840759,-0.03300343081355095,0.06901365518569946,0.6447238326072693,-0.034989383071660995,0.15352946519851685,0.6136547327041626,-0.041766125708818436,0.22139400243759155,0.6311863660812378,-0.04506624862551689,0.15117473900318146,0.5574753284454346,0.016861405223608017,0.18644089996814728,0.4252901077270508,-0.008495772257447243,0.2082999050617218,0.34956884384155273,-0.029299437999725342,0.2349560260772705,0.28971144556999207,-0.04440215602517128,0.21198926866054535,0.5923853516578674,0.010211234912276268,0.2943531274795532,0.47264283895492554,-0.019319482147693634,0.34487614035606384,0.4050695300102234,-0.04063054919242859,0.38709256052970886,0.3566073775291443,-0.0507049560546875,0.24789436161518097,0.6468283534049988,-0.005172768607735634,0.31359249353408813,0.576261043548584,-0.0648762583732605,0.24440822005271912,0.6202936768531799,-0.07627001404762268,0.18888448178768158,0.6642290949821472,-0.06401523947715759,0.2684512436389923,0.7146219611167908,-0.023529548197984695,0.30570322275161743,0.6619874238967896,-0.07758233696222305,0.2526940405368805,0.6783747673034668,-0.0814836323261261,0.20587952435016632,0.7064106464385986,-0.07055382430553436,scissors
0.09331494569778442,0.3428932726383209,4.233905315231823e-07,0.2043803334236145,0.3835919499397278,0.08376126736402512,0.3092053532600403,0.3704961836338043,0.10661303997039795,0.38383638858795166,0.32387542724609375,0.11265633255243301,0.4176158308982849,0.27217212319374084,0.11682406812906265,0.38969871401786804,0.38275063037872314,0.03873514384031296,0.5206577777862549,0.36337754130363464,0.04327454790472984,0.5973902940750122,0.3640079200267792,0.047188375145196915,0.6534650325775146,0.3683333694934845,0.0462992787361145,0.3723592162132263,0.33727097511291504,-0.004561563488095999,0.5163527727127075,0.2650367021560669,-0.013147729448974133,0.5988307595252991,0.23047517240047455,-0.02171650156378746,0.6546448469161987,0.2116093933582306,-0.03129962831735611,0.3425615131855011,0.2778608798980713,-0.035228144377470016,0.42262277007102966,0.18723763525485992,-0.011987834237515926,0.3775533437728882,0.1907019317150116,0.023245086893439293,0.3439035713672638,0.21599775552749634,0.041684918105602264,0.30066561698913574,0.22101229429244995,-0.06133789196610451,0.3491550385951996,0.1544717699289322,-0.028447899967432022,0.3081668019294739,0.17189191281795502,0.0055290209129452705,0.27957046031951904,0.20207996666431427,0.02751854620873928,scissors
0.7281621694564819,0.4313257038593292,1.8940413326618e-07,0.7060966491699219,0.355145126581192,-0.009707598946988583,0.6426680684089661,0.3237125277519226,-0.011338165029883385,0.5793972015380859,0.34079402685165405,-0.0176373403519392,0.5299091935157776,0.3658958673477173,-0.023814603686332703,0.5412659049034119,0.30428946018218994,0.011396199464797974,0.4638587534427643,0.26462599635124207,0.007386349141597748,0.4189704656600952,0.23939140141010284,0.0024916755501180887,0.3768729567527771,0.22082920372486115,-0.0025364840403199196,0.5306968688964844,0.3461308479309082,0.0027286906260997057,0.44367870688438416,0.34123075008392334,-0.01182748656719923,0.3925173878669739,0.3386560082435608,-0.024290859699249268,0.34886783361434937,0.33810800313949585,-0.030444830656051636,0.5409262776374817,0.3886258602142334,-0.008210641331970692,0.5042245984077454,0.38541069626808167,-0.032990962266922,0.5511000752449036,0.3764249384403229,-0.042017385363578796,0.5859487652778625,0.36992591619491577,-0.04001447185873985,0.5625925064086914,0.4298129379749298,-0.01976572349667549,0.5394718647003174,0.41665589809417725,-0.03825640305876732,0.572672963142395,0.40738362073898315,-0.03789964318275452,0.6023659110069275,0.3991503119468689,-0.03214734047651291,scissors
0.25202855467796326,0.007372856140136719,5.15886995344772e-07,0.30047133564949036,0.009772613644599915,-0.06581557542085648,0.33257153630256653,0.04564789682626724,-0.09353352338075638,0.32328924536705017,0.10287746787071228,-0.11302658915519714,0.3003435432910919,0.15150341391563416,-0.1279950737953186,0.3908770680427551,0.11064745485782623,-0.05553640425205231,0.4506034255027771,0.16454312205314636,-0.093443863093853,0.4890177845954895,0.20074528455734253,-0.11603878438472748,0.5195706486701965,0.23242110013961792,-0.12899816036224365,0.34894099831581116,0.13183991611003876,-0.040795356035232544,0.38281577825546265,0.20479482412338257,-0.07977419346570969,0.4028783440589905,0.25650501251220703,-0.09903527796268463,0.4206055700778961,0.3005073666572571,-0.10655470937490463,0.3046361207962036,0.1338837742805481,-0.03363872319459915,0.2984648048877716,0.1638077199459076,-0.08871448040008545,0.28259962797164917,0.10881315916776657,-0.09575764834880829,0.272671639919281,0.07348182797431946,-0.08403438329696655,0.26471373438835144,0.12963028252124786,-0.031249824911355972,0.2637786865234375,0.14437773823738098,-0.07744673639535904,0.2538903057575226,0.10480416566133499,-0.0821947380900383,0.2483353614807129,0.07662517577409744,-0.07391603291034698,scissors
0.393160343170166,0.19073361158370972,1.3692546474430856e-07,0.4234822392463684,0.19785630702972412,-0.006120237521827221,0.44472506642341614,0.1841493546962738,-0.006207932252436876,0.4445987343788147,0.1619027853012085,-0.005738480947911739,0.43680423498153687,0.14591999351978302,-0.005535341799259186,0.4488959014415741,0.14251719415187836,-0.005615771282464266,0.46802839636802673,0.11940933763980865,-0.007657133508473635,0.4808363616466522,0.10371938347816467,-0.010480518452823162,0.4901568293571472,0.09196189790964127,-0.012985575012862682,0.43031537532806396,0.133188396692276,-0.0038837024476379156,0.437544047832489,0.1089731901884079,-0.005604469683021307,0.44239097833633423,0.09467492252588272,-0.008746309205889702,0.4446312487125397,0.084336057305336,-0.011179568246006966,0.4126235246658325,0.1342872977256775,-0.002129169413819909,0.41588714718818665,0.12906727194786072,-0.005410818848758936,0.41617923974990845,0.14414429664611816,-0.00821621809154749,0.4149998426437378,0.15611036121845245,-0.009169325232505798,0.3961063325405121,0.13916772603988647,-0.0007218206883408129,0.39878520369529724,0.13766172528266907,-0.004007790703326464,0.3997112810611725,0.14810892939567566,-0.004353376571089029,0.400564968585968,0.1577070653438568,-0.0035603707656264305,scissors
0.22224251925945282,0.3447120189666748,2.116613728730954e-07,0.2134207934141159,0.2865608036518097,-0.022966330870985985,0.25242072343826294,0.23147454857826233,-0.03487088903784752,0.3043217658996582,0.22383789718151093,-0.04909027740359306,0.3366130292415619,0.25377801060676575,-0.06139830872416496,0.33363932371139526,0.22149096429347992,-0.009469681419432163,0.3838058412075043,0.1664886474609375,-0.02954530343413353,0.4143301844596863,0.13115565478801727,-0.04323403537273407,0.4399772882461548,0.1055266410112381,-0.05310080572962761,0.35400107502937317,0.2511769235134125,-0.014822804369032383,0.42558664083480835,0.21373499929904938,-0.03698405995965004,0.4658370316028595,0.17851725220680237,-0.053104326128959656,0.4956809878349304,0.15481477975845337,-0.062110088765621185,0.35895460844039917,0.28286173939704895,-0.024073926731944084,0.40841758251190186,0.24724692106246948,-0.05634184181690216,0.3720909357070923,0.22904455661773682,-0.06501422822475433,0.3364872634410858,0.22813531756401062,-0.06176755949854851,0.35413408279418945,0.31426751613616943,-0.0354624018073082,0.38247838616371155,0.27413517236709595,-0.06155120208859444,0.3622734546661377,0.25330817699432373,-0.0661594346165657,0.3380923569202423,0.25008904933929443,-0.06358989328145981,scissors
0.589608371257782,0.6696178913116455,-1.239499027860802e-07,0.5144382119178772,0.6109313368797302,0.007513941265642643,0.5102115869522095,0.5452678203582764,0.016453541815280914,0.5430029630661011,0.495075523853302,0.027406714856624603,0.5770492553710938,0.47555530071258545,0.03952579200267792,0.5114609003067017,0.4781743586063385,-0.009948383085429668,0.47890710830688477,0.38725775480270386,-0.012302463874220848,0.45705899596214294,0.33726271986961365,-0.015060801059007645,0.44570496678352356,0.3012271821498871,-0.017285412177443504,0.56255704164505,0.47249889373779297,-0.007557148579508066,0.5576992630958557,0.3703562617301941,-0.00013391337415669113,0.5511717200279236,0.32002556324005127,0.0018274711910635233,0.5495147705078125,0.28242307901382446,-0.00045422714902088046,0.6089285016059875,0.4850914180278778,-0.0016834562411531806,0.6207393407821655,0.42961370944976807,0.008492222055792809,0.6031070351600647,0.45685166120529175,0.014521623961627483,0.5910217761993408,0.4842918813228607,0.01681937277317047,0.6466356515884399,0.5076575875282288,0.004889975301921368,0.6263130903244019,0.49052074551582336,0.016269493848085403,0.6130775809288025,0.5100952982902527,0.025301937013864517,0.6105459928512573,0.5305352210998535,0.03182808682322502,scissors
0.49124518036842346,0.8202123641967773,8.571303169446765e-07,0.48774322867393494,0.7357597947120667,-0.15620943903923035,0.5478676557540894,0.6592379212379456,-0.1981528103351593,0.6535876393318176,0.6402937769889832,-0.21666386723518372,0.7492693066596985,0.6422819495201111,-0.22738862037658691,0.5741302967071533,0.4827367067337036,-0.08112078905105591,0.6236239075660706,0.3412540853023529,-0.1209162026643753,0.6546114087104797,0.24873298406600952,-0.1531437486410141,0.6832093596458435,0.17940190434455872,-0.1778038591146469,0.6358358860015869,0.5327701568603516,-0.028183376416563988,0.7335682511329651,0.3938230872154236,-0.06741305440664291,0.808481752872467,0.3216521143913269,-0.11047367751598358,0.8728169202804565,0.25836408138275146,-0.14083696901798248,0.6750964522361755,0.5965480804443359,0.005299916956573725,0.7779855132102966,0.5287882685661316,-0.08321668952703476,0.7376837134361267,0.5764340162277222,-0.15561218559741974,0.6903908848762512,0.6098434925079346,-0.18562884628772736,0.7069987058639526,0.6538811922073364,0.029233597218990326,0.7615753412246704,0.6095359921455383,-0.06878851354122162,0.7360849380493164,0.6417263746261597,-0.13326285779476166,0.6952242851257324,0.6670442223548889,-0.16638749837875366,scissors
0.48302215337753296,0.8217663168907166,-1.3951066968331816e-08,0.4592060446739197,0.6849520802497864,-0.03916517645120621,0.49880653619766235,0.5813168883323669,-0.0208754763007164,0.5955883860588074,0.5568762421607971,-0.0039171515963971615,0.6712223887443542,0.5570981502532959,0.018179336562752724,0.5393304824829102,0.5119153261184692,0.060078974813222885,0.5706960558891296,0.38303011655807495,0.04880693927407265,0.5898184776306152,0.30679386854171753,0.033036209642887115,0.6161637306213379,0.24382588267326355,0.020627401769161224,0.59987473487854,0.546623170375824,0.06280441582202911,0.6599321961402893,0.410535991191864,0.043377894908189774,0.6993520259857178,0.3267832100391388,0.018021270632743835,0.7377590537071228,0.2577793300151825,0.004929205868393183,0.6430065035820007,0.5955731868743896,0.05179775133728981,0.705235481262207,0.5210054516792297,-0.01203637570142746,0.6343116760253906,0.580445408821106,-0.03811684623360634,0.5865455269813538,0.6253023743629456,-0.03291358798742294,0.6814833879470825,0.6516438126564026,0.037342820316553116,0.7176200747489929,0.5912885665893555,-0.030599525198340416,0.6682830452919006,0.6212678551673889,-0.05196529999375343,0.6290823221206665,0.6513623595237732,-0.05126509070396423,scissors
0.29080650210380554,0.10771254450082779,3.6607715969694254e-07,0.3093002140522003,0.10126890242099762,-0.0491921491920948,0.31678634881973267,0.11882678419351578,-0.07370482385158539,0.29503265023231506,0.15302906930446625,-0.09247606992721558,0.2789762020111084,0.18773718178272247,-0.10887737572193146,0.37383919954299927,0.18980608880519867,-0.05271444469690323,0.41620734333992004,0.233140230178833,-0.0790465697646141,0.4443149268627167,0.2627987265586853,-0.09822572767734528,0.4642656743526459,0.28909629583358765,-0.11289631575345993,0.3481094539165497,0.20841945707798004,-0.04308988153934479,0.3724110424518585,0.2631848156452179,-0.06793966144323349,0.3771350681781769,0.3015393018722534,-0.0864640474319458,0.3789995014667511,0.33221328258514404,-0.10005412250757217,0.31981244683265686,0.2102542668581009,-0.03764183819293976,0.3174809217453003,0.25117388367652893,-0.073623426258564,0.2940012812614441,0.2314361035823822,-0.08923812955617905,0.2794649600982666,0.2084529548883438,-0.09399702399969101,0.2920837998390198,0.203833669424057,-0.035308439284563065,0.2824232280254364,0.2220962643623352,-0.07301250845193863,0.26795172691345215,0.20630472898483276,-0.08724401146173477,0.2611601948738098,0.18698208034038544,-0.09162931889295578,scissors
0.7409813404083252,0.8490588665008545,8.074791821854888e-07,0.6530717015266418,0.8385507464408875,0.01991933211684227,0.5832816958427429,0.7941254377365112,0.03155314922332764,0.5275994539260864,0.7698931694030762,0.03167501464486122,0.48645010590553284,0.7481663227081299,0.03054387867450714,0.5914647579193115,0.705839216709137,0.0885808989405632,0.5590158700942993,0.6516829133033752,0.12376350164413452,0.5445593595504761,0.61590576171875,0.15100589394569397,0.5384135246276855,0.5849038362503052,0.16927509009838104,0.608455240726471,0.7013025879859924,0.07524136453866959,0.5664201378822327,0.6720558404922485,0.12117504328489304,0.5482845306396484,0.6417727470397949,0.15022346377372742,0.5366765260696411,0.6135772466659546,0.1729346364736557,0.6229958534240723,0.7119101881980896,0.055956240743398666,0.5423059463500977,0.7078344225883484,0.08343566954135895,0.4920580983161926,0.707038164138794,0.09197816252708435,0.4602887034416199,0.7038471102714539,0.10023756325244904,0.6297912001609802,0.7389527559280396,0.03567008301615715,0.5526094436645508,0.7411531805992126,0.052560340613126755,0.512804388999939,0.757125735282898,0.059694766998291016,0.49125027656555176,0.7743881940841675,0.06719494611024857,scissors
0.23172280192375183,0.6941359639167786,1.556471573849194e-07,0.22657033801078796,0.6944014430046082,-0.031035805121064186,0.24321630597114563,0.7020297646522522,-0.04593401402235031,0.2728263735771179,0.7152819633483887,-0.0544416643679142,0.3020837604999542,0.7228027582168579,-0.06054205819964409,0.277299702167511,0.6448461413383484,-0.04015655443072319,0.3021538257598877,0.6593870520591736,-0.05843949317932129,0.31745240092277527,0.6763712763786316,-0.06894893944263458,0.32864490151405334,0.6929821968078613,-0.07540668547153473,0.3000531494617462,0.6508316993713379,-0.03055434115231037,0.3165651559829712,0.6824337244033813,-0.05260799080133438,0.3103258013725281,0.7108660340309143,-0.06156393885612488,0.29874297976493835,0.7303004264831543,-0.06425302475690842,0.3125116527080536,0.6634208559989929,-0.022928500548005104,0.3238888382911682,0.6919074654579163,-0.045757196843624115,0.31185182929039,0.7175818681716919,-0.05157504975795746,0.2988032102584839,0.7342790961265564,-0.05074356123805046,0.31803345680236816,0.677993893623352,-0.017067622393369675,0.32432249188423157,0.6933587193489075,-0.03609292954206467,0.31594786047935486,0.7071824073791504,-0.0423973985016346,0.30707642436027527,0.7163666486740112,-0.042977474629879,scissors
0.3637518286705017,0.4265621304512024,3.450176393471338e-07,0.4474413990974426,0.4067891538143158,0.04699064791202545,0.4814049005508423,0.3578830063343048,0.04712531715631485,0.4745641052722931,0.3016612231731415,0.048701196908950806,0.4648827910423279,0.2532699704170227,0.05102729797363281,0.5078904032707214,0.3285665512084961,-0.06625565886497498,0.573371410369873,0.2784620523452759,-0.09062576293945312,0.6137333512306213,0.24741539359092712,-0.10850362479686737,0.6492098569869995,0.22193187475204468,-0.1222817599773407,0.4613334834575653,0.31622350215911865,-0.0776558518409729,0.5007714629173279,0.21264265477657318,-0.10424874722957611,0.5233416557312012,0.15389491617679596,-0.10771586000919342,0.5395235419273376,0.11223399639129639,-0.11482041329145432,0.41188615560531616,0.3015090227127075,-0.07314594835042953,0.44619253277778625,0.23078963160514832,-0.0486467182636261,0.44078660011291504,0.2512625455856323,0.006177503149956465,0.4365794062614441,0.27563339471817017,0.03570880740880966,0.3705834150314331,0.2937667965888977,-0.06588869541883469,0.3957040011882782,0.2527466416358948,-0.030716216191649437,0.3950502872467041,0.27599427103996277,0.013538499362766743,0.39492765069007874,0.2967299222946167,0.04259965196251869,scissors
0.32903915643692017,0.7125887870788574,1.5764544514240697e-07,0.3195849359035492,0.7455020546913147,0.00048638792941346765,0.2919912040233612,0.7612025737762451,-0.002639702521264553,0.2664414346218109,0.759641170501709,-0.00652147876098752,0.24993766844272614,0.7541579008102417,-0.009499969892203808,0.2801527678966522,0.77773517370224,-0.01263371855020523,0.24634677171707153,0.8100078105926514,-0.024718793109059334,0.22960321605205536,0.8308248519897461,-0.032294902950525284,0.21723705530166626,0.8483347296714783,-0.036774083971977234,0.27303314208984375,0.7591250538825989,-0.018373416736721992,0.22983913123607635,0.7781119346618652,-0.027784809470176697,0.20563603937625885,0.7908807992935181,-0.033412229269742966,0.18503206968307495,0.8035079836845398,-0.037312645465135574,0.2711063027381897,0.7382317185401917,-0.023282913491129875,0.2322925478219986,0.7372081875801086,-0.03436984866857529,0.24545201659202576,0.7328668832778931,-0.031329236924648285,0.2587905526161194,0.731437087059021,-0.0259846244007349,0.2722413241863251,0.7177414298057556,-0.02779734507203102,0.2471097707748413,0.7177519798278809,-0.035634979605674744,0.25800690054893494,0.7156699299812317,-0.029697982594370842,0.2693113386631012,0.7152594923973083,-0.022675693035125732,scissors
0.4893224239349365,0.9589582085609436,1.0909266165981535e-06,0.5326080322265625,0.9256799817085266,-0.05138982832431793,0.5078762173652649,0.8756780624389648,-0.09161536395549774,0.42568743228912354,0.85074782371521,-0.1286981850862503,0.36361661553382874,0.8370146155357361,-0.16711381077766418,0.4951403737068176,0.7785645723342896,-0.095164954662323,0.48332759737968445,0.6759660840034485,-0.14852675795555115,0.478291392326355,0.6089632511138916,-0.18238654732704163,0.4687287509441376,0.5530176162719727,-0.204702690243721,0.4393511414527893,0.7904180288314819,-0.09906363487243652,0.3713366687297821,0.6931968927383423,-0.16158472001552582,0.32906413078308105,0.6271458864212036,-0.19499610364437103,0.2963588833808899,0.5746692419052124,-0.21207647025585175,0.39278772473335266,0.8269799947738647,-0.10389485210180283,0.3384040296077728,0.8120061159133911,-0.16504427790641785,0.370574414730072,0.865966260433197,-0.16291184723377228,0.4014787971973419,0.895415186882019,-0.1466471403837204,0.36347997188568115,0.8734428286552429,-0.11247748136520386,0.32035648822784424,0.8714276552200317,-0.15285849571228027,0.3509223461151123,0.9055681824684143,-0.141198068857193,0.38151779770851135,0.9263162612915039,-0.12302418798208237,scissors
0.6151413917541504,0.6521199345588684,1.828084492672133e-07,0.6676802635192871,0.601019024848938,-0.01205415278673172,0.7287187576293945,0.5996021628379822,-0.004448895808309317,0.7647331953048706,0.6404920220375061,0.0006656990153715014,0.7752603888511658,0.6765903234481812,0.006566582713276148,0.7475964426994324,0.598800778388977,0.0317661426961422,0.8074823617935181,0.5805679559707642,0.03399712219834328,0.8438378572463989,0.5689660906791687,0.033892709761857986,0.8748542070388794,0.5616035461425781,0.032957691699266434,0.7501837611198425,0.6353416442871094,0.0309143103659153,0.8126847147941589,0.6397170424461365,0.030335482209920883,0.8536790013313293,0.6398400068283081,0.02411121316254139,0.8840698599815369,0.6421399116516113,0.020250463858246803,0.7391573786735535,0.6674535870552063,0.024505633860826492,0.7826243042945862,0.6781908273696899,0.0031529576517641544,0.7644906640052795,0.6623044013977051,-0.011691278778016567,0.742408037185669,0.6526337265968323,-0.014439614489674568,0.7263174653053284,0.6954833269119263,0.01733480393886566,0.7526872754096985,0.686119556427002,-0.0028631400782614946,0.7392644286155701,0.6612223982810974,-0.011759882792830467,0.7210577726364136,0.644400954246521,-0.014247292652726173,scissors
0.6576418280601501,0.5941533446311951,3.063572151518201e-08,0.6036475896835327,0.5272740721702576,-0.01660052314400673,0.6053972840309143,0.47560766339302063,-0.014307544566690922,0.6118401288986206,0.4628525972366333,-0.007387534715235233,0.6144827604293823,0.4682442545890808,-0.0005858117365278304,0.7224718928337097,0.4492643177509308,0.0028634171467274427,0.7339354753494263,0.3782147467136383,0.015191158279776573,0.7401508688926697,0.33468830585479736,0.02014646679162979,0.7528260350227356,0.30951303243637085,0.021436575800180435,0.7409194707870483,0.46705910563468933,0.015456821769475937,0.7335826754570007,0.4011218547821045,0.02987000346183777,0.7182160019874573,0.37490034103393555,0.03315715119242668,0.7227213978767395,0.36777201294898987,0.034259479492902756,0.7424057126045227,0.47861847281455994,0.026418760418891907,0.7343240976333618,0.40114259719848633,0.03472837805747986,0.734784722328186,0.35052138566970825,0.03191636875271797,0.7493122816085815,0.3223244547843933,0.029302280396223068,0.7336245179176331,0.48360586166381836,0.036098722368478775,0.7307996153831482,0.40879762172698975,0.03912340849637985,0.733557403087616,0.3653090000152588,0.03937006741762161,0.741506040096283,0.3404926657676697,0.0404217392206192,scissors
0.6788780689239502,0.4610801041126251,3.478970995729469e-07,0.6570278406143188,0.4471995532512665,-0.01953851990401745,0.6211406588554382,0.44937342405319214,-0.026311524212360382,0.5972815752029419,0.47205033898353577,-0.032152801752090454,0.5797335505485535,0.49402928352355957,-0.03659719228744507,0.5793320536613464,0.441841185092926,-0.011687506921589375,0.53802090883255,0.4260250926017761,-0.024667346850037575,0.511883556842804,0.4150225520133972,-0.03319895640015602,0.4907529056072235,0.40684548020362854,-0.038077544420957565,0.5791562795639038,0.4639080762863159,-0.010831263847649097,0.5330712795257568,0.4700862765312195,-0.025593210011720657,0.5033233165740967,0.4729766547679901,-0.03559054434299469,0.4797821640968323,0.4759247899055481,-0.03993392363190651,0.5903400778770447,0.48266854882240295,-0.012650089338421822,0.573655366897583,0.4953276813030243,-0.03559458628296852,0.5938308238983154,0.48825398087501526,-0.04305436089634895,0.6081845760345459,0.4818362295627594,-0.04055425897240639,0.6078731417655945,0.4962869882583618,-0.01576484739780426,0.5948916673660278,0.5036964416503906,-0.03323914855718613,0.608679473400116,0.49702709913253784,-0.03532124310731888,0.6205205321311951,0.490367591381073,-0.03205149993300438,scissors
0.23369534313678741,1.017764687538147,-9.754594998412358e-08,0.22899533808231354,0.995607852935791,-0.0142058739438653,0.23569297790527344,0.9678691625595093,-0.020178519189357758,0.25887995958328247,0.9517852663993835,-0.026056461036205292,0.28360965847969055,0.9493972063064575,-0.03163423016667366,0.2522277235984802,0.9425866603851318,-0.007152197882533073,0.24917343258857727,0.9091945886611938,-0.017319517210125923,0.2468584179878235,0.8874688744544983,-0.026220332831144333,0.25009942054748535,0.8700215816497803,-0.03253576159477234,0.26992538571357727,0.9508117437362671,-0.007713386323302984,0.28530794382095337,0.9096521735191345,-0.01770654506981373,0.2956652343273163,0.8825057744979858,-0.02559531480073929,0.30468398332595825,0.861186146736145,-0.03079279512166977,0.2826794683933258,0.9661127924919128,-0.010227703489363194,0.2980280816555023,0.9479137063026428,-0.028728289529681206,0.28269103169441223,0.9649862051010132,-0.03275660052895546,0.26971179246902466,0.9790706038475037,-0.030589381232857704,0.2915624976158142,0.9845559000968933,-0.013464881107211113,0.3050425052642822,0.9675029516220093,-0.02865225076675415,0.2924632728099823,0.9776425361633301,-0.02755001187324524,0.2792367935180664,0.988015353679657,-0.023484952747821808,scissors
0.19978941977024078,0.019594982266426086,5.119296133671014e-07,0.16101118922233582,0.08288411796092987,-0.016270535066723824,0.16846230626106262,0.1559285670518875,-0.04855715110898018,0.203980952501297,0.2037585973739624,-0.07309867441654205,0.23549431562423706,0.2292765974998474,-0.1004457175731659,0.16916033625602722,0.12617890536785126,-0.12597665190696716,0.18595407903194427,0.22427412867546082,-0.16622978448867798,0.19258397817611694,0.2796292304992676,-0.18514445424079895,0.1973777711391449,0.32383349537849426,-0.19536274671554565,0.21742033958435059,0.09857599437236786,-0.1261603683233261,0.25667643547058105,0.20235812664031982,-0.1634259968996048,0.2679867446422577,0.2683087885379791,-0.1657819300889969,0.27801501750946045,0.312604159116745,-0.16777320206165314,0.2606419026851654,0.08023729920387268,-0.11915421485900879,0.2922959327697754,0.19024358689785004,-0.1348230093717575,0.2719035744667053,0.21092276275157928,-0.11022724956274033,0.25295984745025635,0.20492587983608246,-0.09202001988887787,0.2959972023963928,0.06882168352603912,-0.11270404607057571,0.31465038657188416,0.15921223163604736,-0.11922156065702438,0.29780644178390503,0.17870013415813446,-0.1019701212644577,0.2780460715293884,0.17289553582668304,-0.08762041479349136,scissors
0.2640646696090698,0.5185766220092773,-1.3230015838416875e-07,0.25859206914901733,0.4470573365688324,-0.01140331756323576,0.2923319339752197,0.39141327142715454,-0.011189577169716358,0.3454488515853882,0.3839435577392578,-0.01444705855101347,0.38247042894363403,0.3967294991016388,-0.017002686858177185,0.32676947116851807,0.37133464217185974,0.002289030235260725,0.35440173745155334,0.29548180103302,-0.01343679241836071,0.36911678314208984,0.24933534860610962,-0.024781007319688797,0.3858698308467865,0.2154538631439209,-0.03275619447231293,0.355581670999527,0.39277252554893494,-0.003345470642670989,0.4073284864425659,0.3243720531463623,-0.021713219583034515,0.43434470891952515,0.27476122975349426,-0.035486478358507156,0.4542226791381836,0.23950409889221191,-0.04345471411943436,0.3760804235935211,0.4232076108455658,-0.011690706945955753,0.4179207384586334,0.37071657180786133,-0.041753530502319336,0.377444326877594,0.37538599967956543,-0.04832090437412262,0.34256234765052795,0.39190709590911865,-0.043957822024822235,0.39242270588874817,0.4595876932144165,-0.02102348394691944,0.41198477149009705,0.41105589270591736,-0.04686183109879494,0.38488098978996277,0.4017098844051361,-0.04889758303761482,0.3578985333442688,0.4080921411514282,-0.04443136975169182,scissors
0.7058457732200623,0.552596390247345,1.46040562754024e-07,0.6712148189544678,0.5565982460975647,0.012185459025204182,0.6392145752906799,0.5492841601371765,0.010209349915385246,0.6171903014183044,0.5352281332015991,0.003251292509958148,0.6025254726409912,0.5230979919433594,-0.0025121679063886404,0.6149539947509766,0.5644882917404175,0.002484438940882683,0.5713594555854797,0.5533995628356934,-0.009048998355865479,0.549907922744751,0.5537688732147217,-0.015460158698260784,0.5306438207626343,0.558688759803772,-0.017809981480240822,0.6170575022697449,0.5583596229553223,-0.010006298311054707,0.5744523406028748,0.5301042795181274,-0.021194951608777046,0.5494829416275024,0.5174214839935303,-0.026784004643559456,0.5255499482154846,0.5112966895103455,-0.029162269085645676,0.6239568591117859,0.5493343472480774,-0.021603723987936974,0.6091578006744385,0.5042367577552795,-0.0313810296356678,0.6316297650337219,0.5040764212608337,-0.02765907719731331,0.6439160108566284,0.5116681456565857,-0.021510416641831398,0.6337452530860901,0.5356362462043762,-0.03253718093037605,0.6295580267906189,0.4989066421985626,-0.034606706351041794,0.647859513759613,0.5009561777114868,-0.02748693898320198,0.6578623056411743,0.5107346773147583,-0.020353276282548904,scissors
0.547592043876648,0.5863388776779175,3.320932862038717e-08,0.47441431879997253,0.5397018790245056,-0.011068567633628845,0.4381735622882843,0.4568977952003479,-0.016956960782408714,0.42290198802948,0.39290791749954224,-0.027929244562983513,0.42847418785095215,0.34156444668769836,-0.0347808301448822,0.47936543822288513,0.388147234916687,0.018539410084486008,0.46272334456443787,0.3019413352012634,0.011068586260080338,0.4458359181880951,0.25345197319984436,0.007404896896332502,0.4321560263633728,0.211729034781456,0.0029152336064726114,0.5149024724960327,0.38686737418174744,0.008844779804348946,0.5010675191879272,0.31593069434165955,-0.009629159234464169,0.4845121502876282,0.2884448170661926,-0.02131607010960579,0.47016772627830505,0.26889634132385254,-0.025822823867201805,0.5476499795913696,0.3983916640281677,-0.005761260632425547,0.5115667581558228,0.32528021931648254,-0.03396405652165413,0.4637458920478821,0.3306237757205963,-0.0438532829284668,0.42890217900276184,0.3466564416885376,-0.042535532265901566,0.5777677297592163,0.4183838367462158,-0.021542390808463097,0.5382822155952454,0.35532891750335693,-0.04355532303452492,0.5006390810012817,0.3312501013278961,-0.052399855107069016,0.471954882144928,0.3207795321941376,-0.05439307540655136,scissors
0.05852937698364258,0.24055203795433044,9.747031981532928e-07,0.14131569862365723,0.248371884226799,-0.10498503595590591,0.18714112043380737,0.3090800344944,-0.14677678048610687,0.14405858516693115,0.3877926468849182,-0.1747799813747406,0.08671638369560242,0.4429294764995575,-0.19483530521392822,0.23780116438865662,0.4457812011241913,-0.08531472086906433,0.3125413656234741,0.5481462478637695,-0.1447051614522934,0.36287063360214233,0.6129006147384644,-0.18218696117401123,0.40133821964263916,0.6682424545288086,-0.20491066575050354,0.1722848117351532,0.46274521946907043,-0.06148146465420723,0.18608921766281128,0.5789563655853271,-0.12382885813713074,0.18910156190395355,0.6624418497085571,-0.15756002068519592,0.19248127937316895,0.7328965663909912,-0.17229054868221283,0.11182086914777756,0.4524298310279846,-0.05005737766623497,0.08676207065582275,0.4880557954311371,-0.13513219356536865,0.07911871373653412,0.4036591053009033,-0.14946788549423218,0.07490638643503189,0.3472961485385895,-0.13435478508472443,0.05771183967590332,0.43319883942604065,-0.046893198043107986,0.05061762034893036,0.45226120948791504,-0.12349869310855865,0.04953145235776901,0.38600724935531616,-0.13464640080928802,0.05126550793647766,0.33480802178382874,-0.12377474457025528,scissors
0.32432666420936584,0.46102309226989746,-3.9980014321372437e-07,0.3908817768096924,0.41242146492004395,0.02837619185447693,0.44021815061569214,0.3636902868747711,0.025297941640019417,0.4631190896034241,0.30241382122039795,0.01309784036129713,0.4560595154762268,0.26025334000587463,-0.004351713228970766,0.5206668376922607,0.3825935423374176,-0.006998209748417139,0.5731022357940674,0.28464293479919434,-0.026739567518234253,0.5960228443145752,0.23132525384426117,-0.04436466842889786,0.6201699376106262,0.19114848971366882,-0.05830641835927963,0.49251049757003784,0.3815253973007202,-0.033935241401195526,0.5421395897865295,0.2681882977485657,-0.05120604485273361,0.566697359085083,0.20601539313793182,-0.06436149775981903,0.5901088118553162,0.1635088175535202,-0.07848997414112091,0.4547356367111206,0.36990880966186523,-0.05663100630044937,0.46130287647247314,0.26082783937454224,-0.06191173940896988,0.42445051670074463,0.2656867206096649,-0.051049310714006424,0.4088210165500641,0.29130280017852783,-0.0468113012611866,0.4158729612827301,0.3526771366596222,-0.07837173342704773,0.4195076823234558,0.26995813846588135,-0.07714161276817322,0.39569711685180664,0.28019240498542786,-0.06285965442657471,0.38643962144851685,0.30834534764289856,-0.0542718842625618,scissors
0.5502614974975586,0.36521920561790466,2.892547854571603e-07,0.5688658952713013,0.35022246837615967,-0.027127690613269806,0.601256251335144,0.33620044589042664,-0.029451198875904083,0.6376334428787231,0.3336387574672699,-0.026319216936826706,0.6633395552635193,0.3315279185771942,-0.020326483994722366,0.60650235414505,0.2802741825580597,-0.011730651371181011,0.6340627670288086,0.24134479463100433,-0.015838494524359703,0.6512135863304138,0.2144075334072113,-0.02044946700334549,0.6658003330230713,0.1947575956583023,-0.02391776069998741,0.6165415048599243,0.29115742444992065,0.00011257146979914978,0.6514270305633545,0.2623462975025177,-0.006722324062138796,0.6798525452613831,0.2472667545080185,-0.01728464663028717,0.7017284035682678,0.2369435727596283,-0.023835867643356323,0.6210638284683228,0.3076346218585968,0.009314032271504402,0.65421062707901,0.304159015417099,-0.006915541831403971,0.6586320400238037,0.32211950421333313,-0.02312343753874302,0.6572380065917969,0.3368564546108246,-0.02964085154235363,0.6235853433609009,0.32413890957832336,0.01760643720626831,0.6469826698303223,0.3267703950405121,0.0017489871243014932,0.6530978679656982,0.3394865393638611,-0.00840037316083908,0.6545310616493225,0.3492415249347687,-0.012137613259255886,scissors
0.4030790627002716,0.40788593888282776,3.9989323852296366e-08,0.4187926650047302,0.35163459181785583,-0.024501660838723183,0.4736049175262451,0.3178102970123291,-0.03500564396381378,0.5202904939651489,0.3349275588989258,-0.04662312567234039,0.5473827123641968,0.3689916431903839,-0.05688229203224182,0.5532959699630737,0.32581984996795654,-0.00832612719386816,0.6127851009368896,0.2882073223590851,-0.027867449447512627,0.6491900086402893,0.2654770016670227,-0.04333352670073509,0.6792082786560059,0.24883025884628296,-0.05519665777683258,0.563234269618988,0.36267808079719543,-0.0120442695915699,0.6351093649864197,0.34948837757110596,-0.0351463258266449,0.6751770973205566,0.327020525932312,-0.05323740467429161,0.7016111612319946,0.30915597081184387,-0.06389204412698746,0.5564808249473572,0.39575427770614624,-0.019917592406272888,0.6208205223083496,0.3872077167034149,-0.054831039160490036,0.5963326692581177,0.3608163595199585,-0.06827563792467117,0.5651321411132812,0.34745413064956665,-0.0691310241818428,0.5391430258750916,0.42424461245536804,-0.02957596629858017,0.570371150970459,0.39499151706695557,-0.06321825087070465,0.5593980550765991,0.372498482465744,-0.0747779905796051,0.5409880876541138,0.364563912153244,-0.07662684470415115,scissors
0.895917534828186,0.21586056053638458,1.2176179779999075e-06,0.7433278560638428,0.13722985982894897,0.03824373707175255,0.5999947190284729,0.1651572287082672,0.01271068211644888,0.5311155915260315,0.2619137763977051,-0.01622014492750168,0.5051305890083313,0.35268861055374146,-0.04894200339913368,0.5413461923599243,0.19169074296951294,-0.1301678717136383,0.32734113931655884,0.22498075664043427,-0.19240044057369232,0.19246309995651245,0.24116076529026031,-0.23594436049461365,0.087331622838974,0.254589706659317,-0.26873424649238586,0.5949814915657043,0.29045888781547546,-0.16021087765693665,0.3610749840736389,0.39226478338241577,-0.22329464554786682,0.22896671295166016,0.43928399682044983,-0.24845758080482483,0.13839024305343628,0.4724687337875366,-0.2712922990322113,0.6588831543922424,0.3794563412666321,-0.17062035202980042,0.466637521982193,0.44826528429985046,-0.17215067148208618,0.5007753372192383,0.4033403992652893,-0.10678014159202576,0.5488778352737427,0.3627319931983948,-0.064856618642807,0.7297939658164978,0.44204849004745483,-0.17976070940494537,0.5861026644706726,0.4660021662712097,-0.1617867797613144,0.6110849380493164,0.42116373777389526,-0.10185058414936066,0.6462225914001465,0.3791182041168213,-0.05691046267747879,scissors
0.493202269077301,0.8799989223480225,1.899080928069452e-07,0.5092391967773438,0.8152578473091125,-0.019538413733243942,0.5554693341255188,0.7706422209739685,-0.02354637160897255,0.6168209910392761,0.7675596475601196,-0.030561987310647964,0.6523100137710571,0.7955354452133179,-0.0354757197201252,0.5992931723594666,0.7642281651496887,0.013112527318298817,0.6503125429153442,0.7142664790153503,-0.0014876616187393665,0.682053804397583,0.6847919225692749,-0.011604392901062965,0.7106709480285645,0.6636731624603271,-0.017657652497291565,0.6172665357589722,0.7945924997329712,0.0109195401892066,0.6874019503593445,0.7641406655311584,-0.0062090735882520676,0.7289299964904785,0.7429076433181763,-0.01837690733373165,0.7608305215835571,0.7301638126373291,-0.02374412678182125,0.6211142539978027,0.8265394568443298,0.003334102453663945,0.6635590195655823,0.8077413439750671,-0.02676817774772644,0.6247764229774475,0.8031849265098572,-0.03349129855632782,0.5910008549690247,0.8077207207679749,-0.027174118906259537,0.6189916133880615,0.8590490818023682,-0.006264187395572662,0.6465531587600708,0.8355369567871094,-0.027212092652916908,0.6215386390686035,0.8243032693862915,-0.028492849320173264,0.5945945382118225,0.8237698674201965,-0.02340713143348694,scissors
0.8265774846076965,0.7101922035217285,5.778837248726632e-07,0.7381134033203125,0.6656535267829895,-0.06842922419309616,0.6167190074920654,0.6547206044197083,-0.05176084488630295,0.5277727842330933,0.7197387218475342,-0.021667608991265297,0.4716779291629791,0.7678945064544678,0.014442931860685349,0.5284309387207031,0.6000978946685791,0.030337823554873466,0.41515347361564636,0.557548999786377,0.050362247973680496,0.3439066708087921,0.5260134339332581,0.06386825442314148,0.2943647503852844,0.4964062571525574,0.07230856269598007,0.5399504899978638,0.6520568132400513,0.058462563902139664,0.4067195653915405,0.6678048372268677,0.07946386188268661,0.3187543749809265,0.6781460046768188,0.07624495774507523,0.24922510981559753,0.6887277960777283,0.07519268989562988,0.5677351355552673,0.7041520476341248,0.07246442884206772,0.4901239573955536,0.755588948726654,0.03905388340353966,0.5584210157394409,0.7613128423690796,-0.00734555721282959,0.6037693023681641,0.75171959400177,-0.02178659848868847,0.6075286865234375,0.7435000538825989,0.08278784155845642,0.5522966980934143,0.7885705828666687,0.03171362727880478,0.6041781902313232,0.7851536870002747,-0.006675892975181341,0.6501784324645996,0.777199387550354,-0.022199586033821106,scissors
0.3199658691883087,0.6316299438476562,3.0612827117693087e-07,0.3574325144290924,0.5739662647247314,-0.05012522265315056,0.417479008436203,0.5557979941368103,-0.06428726762533188,0.4656194746494293,0.5932155251502991,-0.0754038542509079,0.49977925419807434,0.6335398554801941,-0.08369797468185425,0.5116667747497559,0.5527288913726807,-0.007936928421258926,0.5893027782440186,0.5222366452217102,-0.020747948437929153,0.6399558782577515,0.5057923793792725,-0.034126244485378265,0.6795212626457214,0.495430052280426,-0.04615374654531479,0.5182999968528748,0.5969853401184082,-0.00027369489544071257,0.6050812602043152,0.586233377456665,-0.012312798760831356,0.6624808311462402,0.5837022066116333,-0.028447074815630913,0.7016791701316833,0.5817506909370422,-0.04108218848705292,0.5042040348052979,0.6358124613761902,-0.001625944278202951,0.5766566395759583,0.6437854766845703,-0.03590669482946396,0.5691177845001221,0.64185631275177,-0.06334645301103592,0.548363447189331,0.6371776461601257,-0.07609249651432037,0.4837954342365265,0.6731269359588623,-0.0070400116965174675,0.5305030941963196,0.6759579181671143,-0.04943167790770531,0.5196301937103271,0.6710729002952576,-0.07381781190633774,0.4964093863964081,0.6665220260620117,-0.08590152859687805,scissors
0.334210067987442,0.2103927582502365,2.506228895526874e-07,0.29161369800567627,0.22537702322006226,-0.02129245735704899,0.25935983657836914,0.2604714035987854,-0.023876860737800598,0.25211217999458313,0.30159953236579895,-0.025463789701461792,0.25424131751060486,0.33440685272216797,-0.025832103565335274,0.23691096901893616,0.28209012746810913,0.0034843103494495153,0.19598574936389923,0.3081238269805908,0.0005567871266975999,0.17292800545692444,0.3245839476585388,-0.005593275185674429,0.15255165100097656,0.3377731442451477,-0.012115444988012314,0.25692886114120483,0.29784029722213745,0.006799583323299885,0.227974995970726,0.3419710695743561,0.0016266589518636465,0.20791497826576233,0.3708512783050537,-0.013116729445755482,0.19188368320465088,0.39278167486190796,-0.026106910780072212,0.2819584310054779,0.303686261177063,0.006587538868188858,0.26175326108932495,0.3370518684387207,-0.009062089025974274,0.25762420892715454,0.33142730593681335,-0.030547989532351494,0.26258713006973267,0.32280316948890686,-0.043522488325834274,0.30754193663597107,0.3021816611289978,0.004930564202368259,0.29519015550613403,0.3230128586292267,-0.012169124558568,0.29289934039115906,0.3209042549133301,-0.02804512158036232,0.29562821984291077,0.3156655728816986,-0.039112187922000885,scissors
0.2511347830295563,0.7614315152168274,-5.683208215145896e-08,0.23442521691322327,0.7282053828239441,-0.009365450590848923,0.2305392324924469,0.6938158273696899,-0.016298683360219002,0.23681282997131348,0.6675789952278137,-0.02552236244082451,0.2546839714050293,0.6562798619270325,-0.03397555276751518,0.26155906915664673,0.6714834570884705,-0.0012209328124299645,0.2605783939361572,0.6346189379692078,-0.012940715998411179,0.25742635130882263,0.6122506856918335,-0.020790664479136467,0.2578059434890747,0.5929442048072815,-0.02559112198650837,0.2757292091846466,0.6736984252929688,-0.00538525590673089,0.2808971107006073,0.628517210483551,-0.019140377640724182,0.2798367738723755,0.6014295816421509,-0.027704767882823944,0.2802762985229492,0.5792934894561768,-0.03177884593605995,0.289659708738327,0.6818705797195435,-0.011671081185340881,0.2750672399997711,0.6475240588188171,-0.032057277858257294,0.25372225046157837,0.6596555709838867,-0.036668818444013596,0.24125976860523224,0.6741241812705994,-0.033950138837099075,0.30110976099967957,0.6929930448532104,-0.018767721951007843,0.2822968363761902,0.6642566323280334,-0.03255428001284599,0.26445460319519043,0.6697283983230591,-0.03304380550980568,0.2534269690513611,0.6804927587509155,-0.030185140669345856,scissors
0.46330007910728455,0.49520620703697205,3.5356458738533547e-07,0.4871722459793091,0.4693357050418854,-0.07024971395730972,0.5223410129547119,0.4256158173084259,-0.08094176650047302,0.5739370584487915,0.3918417990207672,-0.0745600163936615,0.6162537932395935,0.3664124608039856,-0.06227271631360054,0.48674169182777405,0.337281733751297,-0.04403628036379814,0.4889345169067383,0.26226308941841125,-0.04991501569747925,0.4865679442882538,0.21134452521800995,-0.06028717756271362,0.4893432855606079,0.17046238481998444,-0.06902878731489182,0.5076504349708557,0.3430340588092804,-0.007769724354147911,0.5274161100387573,0.26117846369743347,-0.00659845769405365,0.5573717951774597,0.21590784192085266,-0.020375994965434074,0.5831252336502075,0.18153877556324005,-0.03447520360350609,0.5259286165237427,0.36280685663223267,0.02239973656833172,0.5709956288337708,0.32423344254493713,0.008131306618452072,0.5988251566886902,0.35210907459259033,-0.021692374721169472,0.6107060313224792,0.3749537169933319,-0.040703024715185165,0.5385352373123169,0.38406214118003845,0.0483606681227684,0.5782244801521301,0.3663090169429779,0.02936379797756672,0.6020752191543579,0.3810122609138489,0.008056486025452614,0.6126868724822998,0.39195379614830017,-0.0062375133857131,scissors
0.34887534379959106,0.6007785201072693,2.2472717375876528e-07,0.3146947920322418,0.6018285751342773,-0.051698554307222366,0.26795336604118347,0.6169369220733643,-0.05520588904619217,0.24296312034130096,0.653150737285614,-0.04783205687999725,0.22483183443546295,0.6800348162651062,-0.037156280130147934,0.21894210577011108,0.5916860103607178,-0.020721295848488808,0.16884899139404297,0.5872943997383118,-0.026873508468270302,0.13596032559871674,0.5817174315452576,-0.033086005598306656,0.10820190608501434,0.574101448059082,-0.037560202181339264,0.22600650787353516,0.6136338710784912,0.0016743295127525926,0.1784593015909195,0.6345127820968628,-0.005006522871553898,0.14555850625038147,0.6500685214996338,-0.016880299896001816,0.1189265176653862,0.6602523922920227,-0.0241942647844553,0.2402905523777008,0.6335961222648621,0.017201697453856468,0.21953201293945312,0.6595163345336914,-0.009024872444570065,0.2465970516204834,0.6623326539993286,-0.034460846334695816,0.26398879289627075,0.6587973237037659,-0.04272032156586647,0.25793197751045227,0.6453288197517395,0.029612364247441292,0.24065452814102173,0.6653900146484375,-0.0006131712580099702,0.25373294949531555,0.6707481145858765,-0.022021843120455742,0.26636192202568054,0.6742926836013794,-0.03147541731595993,scissors
0.6952447891235352,0.5744641423225403,1.1124136278795049e-07,0.6554434895515442,0.5875614285469055,-0.0047264015302062035,0.6235398650169373,0.5703179836273193,-0.005112630780786276,0.6143242120742798,0.5447994470596313,-0.0042123072780668736,0.6197042465209961,0.5287298560142517,-0.003020570846274495,0.6169760227203369,0.5376325845718384,-0.011769091710448265,0.577486515045166,0.5179982781410217,-0.01731278747320175,0.5549861192703247,0.5055443644523621,-0.02059723436832428,0.5393924713134766,0.49441713094711304,-0.022505762055516243,0.6331188082695007,0.5215358734130859,-0.01021720003336668,0.5930890440940857,0.5004332065582275,-0.014232578687369823,0.5704323053359985,0.48596569895744324,-0.01690302975475788,0.5564100742340088,0.4718676507472992,-0.018357988446950912,0.6499090790748596,0.5137507319450378,-0.00810183398425579,0.6231648325920105,0.5160101056098938,-0.011644857935607433,0.6253411769866943,0.5292907953262329,-0.010250519029796124,0.6346837878227234,0.5389883518218994,-0.007366275880485773,0.6645126342773438,0.5108188390731812,-0.0065100840292871,0.6409968137741089,0.5179110169410706,-0.009729973040521145,0.6427703499794006,0.5290921330451965,-0.007283725775778294,0.6512686014175415,0.5360863208770752,-0.003568672575056553,scissors
0.5010002255439758,0.63091641664505,-4.029129740956705e-07,0.5292940139770508,0.6396347284317017,0.09055479615926743,0.5581919550895691,0.6071423888206482,0.15156997740268707,0.5624672174453735,0.5739092826843262,0.19442662596702576,0.5614668726921082,0.5497229695320129,0.23251046240329742,0.6261170506477356,0.5774133801460266,0.16872715950012207,0.6134507060050964,0.5373130440711975,0.23344765603542328,0.5957074761390686,0.516028642654419,0.2746414244174957,0.585112452507019,0.5132370591163635,0.3009975254535675,0.6273221373558044,0.5300891995429993,0.13887779414653778,0.622032642364502,0.4904688894748688,0.21169398725032806,0.6021839380264282,0.4811914563179016,0.25368592143058777,0.5965124368667603,0.4889265298843384,0.28261759877204895,0.6127326488494873,0.48455193638801575,0.10858470946550369,0.6308676600456238,0.43273013830184937,0.16036862134933472,0.6491839289665222,0.39958304166793823,0.18405817449092865,0.6720848679542542,0.37976768612861633,0.1973515748977661,0.5823836326599121,0.4455719590187073,0.0839524194598198,0.591543972492218,0.3840339779853821,0.11019211262464523,0.6034559011459351,0.3448556363582611,0.125340536236763,0.6164826154708862,0.31226831674575806,0.1381237804889679,scissors
0.24976173043251038,0.1476830542087555,8.506611948178033e-08,0.3372756838798523,0.12290233373641968,0.015253450721502304,0.40390169620513916,0.1585623025894165,0.006774827837944031,0.44534629583358765,0.2047463059425354,0.005691296420991421,0.4691274166107178,0.24542276561260223,0.00798267312347889,0.41187870502471924,0.17829295992851257,-0.10545886307954788,0.495293527841568,0.20252054929733276,-0.12433720380067825,0.5355104804039001,0.20162507891654968,-0.1263127326965332,0.5581654906272888,0.20665551722049713,-0.12889724969863892,0.38379743695259094,0.22090955078601837,-0.10319139808416367,0.4880906939506531,0.2767247259616852,-0.14213432371616364,0.5567963123321533,0.31200405955314636,-0.15282678604125977,0.5991092920303345,0.3342706561088562,-0.16183339059352875,0.3605756163597107,0.2540194094181061,-0.08340263366699219,0.453780859708786,0.30905014276504517,-0.07748155295848846,0.46902167797088623,0.2829105854034424,-0.030080879107117653,0.46428197622299194,0.25414466857910156,-0.0005524167791008949,0.34169912338256836,0.2784919738769531,-0.06174140051007271,0.4168228507041931,0.2937375605106354,-0.03695763275027275,0.4270401895046234,0.27168118953704834,0.0047378456220030785,0.42063644528388977,0.252672016620636,0.03391415998339653,scissors
0.22777515649795532,0.5562580823898315,2.4152614130912298e-08,0.2575880289077759,0.5457481145858765,-0.015502200461924076,0.29091888666152954,0.5509424805641174,-0.020787334069609642,0.31104907393455505,0.5752977132797241,-0.025799497961997986,0.3234924376010895,0.597387969493866,-0.029563799500465393,0.3260834813117981,0.5780574083328247,-0.006544980686157942,0.36794155836105347,0.5852518677711487,-0.016076795756816864,0.39367443323135376,0.5896236300468445,-0.02350444160401821,0.4137101173400879,0.5953360199928284,-0.028771067038178444,0.3167288899421692,0.5972092747688293,-0.006361291743814945,0.3573978543281555,0.6203380823135376,-0.015232821926474571,0.38193270564079285,0.6342133283615112,-0.02240178734064102,0.39866888523101807,0.6437458395957947,-0.027189472690224648,0.2998659610748291,0.6091737151145935,-0.00861759576946497,0.32558584213256836,0.633571982383728,-0.02381337620317936,0.32196947932243347,0.6281328797340393,-0.030323080718517303,0.3148854970932007,0.6180496215820312,-0.031235866248607635,0.2794817090034485,0.61737060546875,-0.01214293297380209,0.29923534393310547,0.6344117522239685,-0.02586469240486622,0.3005054295063019,0.6298511028289795,-0.029275719076395035,0.29673585295677185,0.6206438541412354,-0.029059860855340958,scissors
0.07561109960079193,0.5309309959411621,4.0286693092639325e-07,0.11602902412414551,0.47011351585388184,-0.05909276008605957,0.19285759329795837,0.4622568190097809,-0.0708436369895935,0.245194673538208,0.5137650370597839,-0.07776439189910889,0.2654252052307129,0.561530351638794,-0.0803268626332283,0.2827424705028534,0.4555737376213074,-0.010176798328757286,0.36797666549682617,0.42705798149108887,-0.02811412699520588,0.4224048852920532,0.40775758028030396,-0.04304058849811554,0.46315306425094604,0.3946990966796875,-0.05348476395010948,0.28579774498939514,0.5058111548423767,0.003396878484636545,0.38376715779304504,0.5058553814888,-0.015220129862427711,0.44646376371383667,0.5093837976455688,-0.03255109488964081,0.4940030574798584,0.5168231129646301,-0.04232441633939743,0.26725515723228455,0.5465995073318481,0.0065958453342318535,0.3291882872581482,0.5677082538604736,-0.03675341606140137,0.29643094539642334,0.5588803291320801,-0.06222608685493469,0.25645899772644043,0.5495918393135071,-0.06618808954954147,0.24582980573177338,0.582399845123291,0.005248149856925011,0.29641246795654297,0.5913079977035522,-0.037594884634017944,0.28638404607772827,0.5858550071716309,-0.058222606778144836,0.2642468214035034,0.5806801915168762,-0.06437411159276962,scissors
0.6088300943374634,0.6781162619590759,6.11896666669054e-07,0.5906815528869629,0.6255614161491394,-0.03946555033326149,0.5323032736778259,0.6055522561073303,-0.056131795048713684,0.47778674960136414,0.6517150402069092,-0.07186619192361832,0.4367421567440033,0.6935787200927734,-0.0864088162779808,0.43371954560279846,0.5862570405006409,-0.024271732196211815,0.3637692630290985,0.5417605638504028,-0.04513594135642052,0.3222789764404297,0.512893795967102,-0.06219208613038063,0.2865029573440552,0.48712900280952454,-0.07600468397140503,0.4184010326862335,0.6275568604469299,-0.02378210239112377,0.33098024129867554,0.618124783039093,-0.04837273061275482,0.27516597509384155,0.6130321621894836,-0.07092224061489105,0.22911874949932098,0.6070935726165771,-0.08618564903736115,0.428484708070755,0.6669571995735168,-0.02842474915087223,0.37083980441093445,0.6811503767967224,-0.0668024867773056,0.4071730971336365,0.681450366973877,-0.08605750650167465,0.44006699323654175,0.6773884892463684,-0.089866042137146,0.4556194841861725,0.7017527222633362,-0.035958487540483475,0.4191024899482727,0.714504599571228,-0.06745971739292145,0.4400700330734253,0.7087684869766235,-0.07799775153398514,0.4657364785671234,0.6981825828552246,-0.0801582857966423,scissors
0.49823057651519775,0.18113890290260315,5.19075626925769e-08,0.4573000371456146,0.18033339083194733,0.0033707458060234785,0.43648988008499146,0.15764857828617096,0.0019482080824673176,0.43393969535827637,0.13397976756095886,0.0004740952863357961,0.43839767575263977,0.11922288686037064,-0.0012492414098232985,0.42299118638038635,0.14167320728302002,-0.013224383816123009,0.38615867495536804,0.11847368627786636,-0.022246522828936577,0.36253488063812256,0.10555753111839294,-0.02787378802895546,0.34555938839912415,0.0956931933760643,-0.030704258009791374,0.43903300166130066,0.12751014530658722,-0.01644195429980755,0.40572360157966614,0.09462308883666992,-0.019308697432279587,0.3855710029602051,0.07497391104698181,-0.02013048343360424,0.37152063846588135,0.05830972641706467,-0.02115805260837078,0.4580179750919342,0.11847826093435287,-0.0180171187967062,0.43953177332878113,0.10084617137908936,-0.01743321679532528,0.4405626654624939,0.11186090111732483,-0.012360982596874237,0.4449060559272766,0.12353583425283432,-0.008516662754118443,0.47604408860206604,0.11459183692932129,-0.019639218226075172,0.46017107367515564,0.11166832596063614,-0.017171913757920265,0.4622870683670044,0.11969096958637238,-0.010267487727105618,0.4684154987335205,0.1261111944913864,-0.004243203438818455,scissors
0.6169255971908569,0.6559380292892456,-5.263929665488831e-07,0.6646872162818909,0.6489373445510864,0.12118543684482574,0.6868314743041992,0.6041809916496277,0.18989251554012299,0.6879080533981323,0.5632259845733643,0.2357446253299713,0.6793089509010315,0.5313032865524292,0.2728957235813141,0.7407845854759216,0.5521215796470642,0.18254679441452026,0.7083328366279602,0.5171871781349182,0.25361496210098267,0.6832966208457947,0.5129767656326294,0.2926922142505646,0.6727311611175537,0.5153887271881104,0.31590020656585693,0.7219005823135376,0.5093008875846863,0.14236924052238464,0.6853542327880859,0.47063878178596497,0.22914697229862213,0.65781170129776,0.47243526577949524,0.26506441831588745,0.6499882936477661,0.4803720712661743,0.2828616499900818,0.6889103651046753,0.48056939244270325,0.10678498446941376,0.6616820693016052,0.4265477657318115,0.1751011312007904,0.6562908291816711,0.39631152153015137,0.17992711067199707,0.6681898832321167,0.3773615062236786,0.17143642902374268,0.646827220916748,0.4607623815536499,0.08067958056926727,0.616377592086792,0.4155423641204834,0.1256931871175766,0.5957603454589844,0.38148120045661926,0.13583770394325256,0.5848335027694702,0.3531269431114197,0.1372193545103073,scissors
0.2079554796218872,0.36517202854156494,-3.125007594917406e-07,0.2180667221546173,0.3153897225856781,-0.004194336477667093,0.24371302127838135,0.28814226388931274,-0.0016755113610997796,0.28007394075393677,0.2866170406341553,-0.0026419335044920444,0.3087792992591858,0.2987918257713318,-0.004245066083967686,0.26938295364379883,0.30662012100219727,0.025247376412153244,0.28719669580459595,0.278385728597641,0.022509919479489326,0.2973702847957611,0.2528413236141205,0.016567125916481018,0.30858296155929565,0.2333289384841919,0.012034538201987743,0.2844426929950714,0.3184114694595337,0.02127988450229168,0.3132914900779724,0.28475940227508545,0.016010457649827003,0.32380735874176025,0.2512257695198059,0.005403363611549139,0.3346027433872223,0.22709617018699646,-0.0012915629195049405,0.29483985900878906,0.33712270855903625,0.01462667528539896,0.3143344521522522,0.3088993430137634,-0.001711778691969812,0.2851022779941559,0.3106115162372589,-0.009826726280152798,0.2633375823497772,0.3225861191749573,-0.010048008523881435,0.3032955527305603,0.35923662781715393,0.007903974503278732,0.321932315826416,0.3249780237674713,-0.004762818571180105,0.29987868666648865,0.31544527411460876,-0.0043492731638252735,0.2772713303565979,0.3185616135597229,-0.0007410102407447994,scissors
0.18327350914478302,0.3835315704345703,7.824840508874331e-07,0.2338409125804901,0.4513166546821594,-0.11389748007059097,0.34311866760253906,0.49402403831481934,-0.12864987552165985,0.4559282958507538,0.4631419777870178,-0.12290748953819275,0.5415549278259277,0.44328176975250244,-0.11124337464570999,0.4065778851509094,0.6121301054954529,-0.060258638113737106,0.524721622467041,0.7030429244041443,-0.0903082937002182,0.6030855774879456,0.7617895603179932,-0.11228051781654358,0.6641405820846558,0.8164542317390442,-0.12670493125915527,0.4393162131309509,0.544664204120636,-0.020543862134218216,0.5866286754608154,0.5800769925117493,-0.05710840970277786,0.6881262063980103,0.5991429090499878,-0.09267768263816833,0.7622931003570557,0.6201124787330627,-0.11117120087146759,0.44271060824394226,0.469590961933136,0.00525424862280488,0.522409975528717,0.4543580412864685,-0.07340970635414124,0.47066956758499146,0.4031238555908203,-0.12280354648828506,0.427157461643219,0.37644651532173157,-0.13065704703330994,0.4226122498512268,0.4007415771484375,0.02441219426691532,0.49512526392936707,0.38805681467056274,-0.055256571620702744,0.4753996729850769,0.35019171237945557,-0.09204525500535965,0.4487127959728241,0.3194914162158966,-0.10097793489694595,scissors
0.02891400456428528,0.46110349893569946,9.625214261177462e-07,0.10399360954761505,0.3946678340435028,-0.10593099892139435,0.19966113567352295,0.38880425691604614,-0.14889083802700043,0.25800180435180664,0.4595799148082733,-0.18498317897319794,0.29444876313209534,0.5365654230117798,-0.21548224985599518,0.3495810925960541,0.41937100887298584,-0.05210388824343681,0.49071961641311646,0.40967172384262085,-0.10093121975660324,0.5821481943130493,0.40875113010406494,-0.13758525252342224,0.6577974557876587,0.41453588008880615,-0.16311237215995789,0.33175230026245117,0.49461549520492554,-0.03569299727678299,0.46654754877090454,0.5287790298461914,-0.08889185637235641,0.5535659790039062,0.5641034245491028,-0.1317576766014099,0.6263459324836731,0.5939885973930359,-0.15762129426002502,0.28908100724220276,0.5513033270835876,-0.03474028408527374,0.3623504638671875,0.5960406064987183,-0.12759070098400116,0.284291535615921,0.5747748017311096,-0.16897878050804138,0.216300368309021,0.5495691895484924,-0.17308002710342407,0.23872794210910797,0.5990480184555054,-0.04153936356306076,0.2830631136894226,0.6290650963783264,-0.12726210057735443,0.22833260893821716,0.6053220629692078,-0.15775765478610992,0.1741931438446045,0.5779638886451721,-0.16350263357162476,scissors
0.05313970148563385,0.41906267404556274,5.859016027898178e-07,0.0935068130493164,0.3554133176803589,-0.03732682019472122,0.15698936581611633,0.3170982003211975,-0.034055013209581375,0.22241388261318207,0.32899028062820435,-0.02542116492986679,0.2587324380874634,0.3588021695613861,-0.013257886283099651,0.16762299835681915,0.27552416920661926,0.024090230464935303,0.22136664390563965,0.2206180840730667,0.03466559201478958,0.2565256953239441,0.18954302370548248,0.04155750200152397,0.2826257348060608,0.16836166381835938,0.047638989984989166,0.1851697564125061,0.3145028054714203,0.04439037665724754,0.2549210488796234,0.2875114381313324,0.06451822072267532,0.29965391755104065,0.27414560317993164,0.07340344041585922,0.3329738974571228,0.26550668478012085,0.08237581700086594,0.18532158434391022,0.354889839887619,0.056124042719602585,0.23230645060539246,0.344261109828949,0.05514721944928169,0.23594848811626434,0.34937235713005066,0.04067594185471535,0.23542353510856628,0.35951879620552063,0.03777547553181648,0.18205517530441284,0.39414674043655396,0.0648922324180603,0.22068339586257935,0.38296762108802795,0.05728922411799431,0.23357948660850525,0.38418135046958923,0.04568910598754883,0.24152891337871552,0.38874194025993347,0.042187683284282684,scissors
0.33968907594680786,0.7790707945823669,6.274419774854323e-07,0.3842180371284485,0.7587815523147583,-0.0923631489276886,0.442226767539978,0.7751956582069397,-0.10642123222351074,0.47423064708709717,0.8321636915206909,-0.10418246686458588,0.5000612139701843,0.8809216022491455,-0.09587665647268295,0.5407747030258179,0.7338935136795044,-0.032732605934143066,0.6232987642288208,0.7244561314582825,-0.048416316509246826,0.6799388527870178,0.7211758494377136,-0.06360375881195068,0.7217440605163574,0.7185487151145935,-0.07478117197751999,0.5303279161453247,0.7761232256889343,0.004701799247413874,0.6234196424484253,0.7939605116844177,-0.010438282042741776,0.6805737018585205,0.8177971243858337,-0.03273354843258858,0.7267482280731201,0.8365438580513,-0.047666046768426895,0.5064749717712402,0.8109724521636963,0.02904972806572914,0.5628785490989685,0.8523160219192505,-0.020384764298796654,0.5269777178764343,0.8601911067962646,-0.06804299354553223,0.496015340089798,0.8568642139434814,-0.08768364042043686,0.48433881998062134,0.8400699496269226,0.04813700541853905,0.5148196220397949,0.8656010031700134,-0.01295665092766285,0.48750773072242737,0.8712279200553894,-0.05816609412431717,0.4613264501094818,0.8652676939964294,-0.08129016309976578,scissors
0.2901533246040344,0.5876287221908569,5.001795955195121e-08,0.25613725185394287,0.6122004985809326,0.00775790074840188,0.22185179591178894,0.6074918508529663,0.008238235488533974,0.20110967755317688,0.5891773700714111,0.007529178634285927,0.18990032374858856,0.5719460248947144,0.007170337252318859,0.20358121395111084,0.6146987676620483,-0.0070503996685147285,0.15671688318252563,0.627918541431427,-0.01187817845493555,0.1328555792570114,0.6385935544967651,-0.01403738558292389,0.11369287967681885,0.6468881964683533,-0.014665244147181511,0.20340433716773987,0.5940248966217041,-0.011986982077360153,0.15340135991573334,0.5934639573097229,-0.01147015392780304,0.1247611790895462,0.5938883423805237,-0.011889691464602947,0.10255168378353119,0.5923154950141907,-0.013724840246140957,0.20997576415538788,0.5748192667961121,-0.01485217921435833,0.1854705661535263,0.5677303671836853,-0.01041183527559042,0.1976993829011917,0.5746374130249023,-0.0047479658387601376,0.21034131944179535,0.5801125764846802,-0.001950315898284316,0.21913063526153564,0.5590826869010925,-0.017535677179694176,0.21004703640937805,0.5651406049728394,-0.0099587207660079,0.21968555450439453,0.5708099007606506,-0.0018984549678862095,0.2290656566619873,0.5726265907287598,0.0033106612972915173,scissors
0.2431597262620926,0.2769238352775574,8.860739058036415e-07,0.3007632791996002,0.3118499219417572,-0.08446981012821198,0.36998671293258667,0.30389654636383057,-0.10863545536994934,0.4228591024875641,0.29217132925987244,-0.10219030827283859,0.45031872391700745,0.2582825720310211,-0.08565980195999146,0.35235291719436646,0.1858142465353012,-0.14039666950702667,0.4329273998737335,0.15641340613365173,-0.16081154346466064,0.48900073766708374,0.14697939157485962,-0.17444685101509094,0.5348900556564331,0.14303967356681824,-0.18348094820976257,0.34641939401626587,0.17197008430957794,-0.08013176172971725,0.42352938652038574,0.11334294825792313,-0.09398894011974335,0.4818972051143646,0.09639276564121246,-0.09997248649597168,0.5313426852226257,0.08385050296783447,-0.10912398248910904,0.3453744649887085,0.17073863744735718,-0.017937086522579193,0.41773298382759094,0.16715474426746368,-0.016638940200209618,0.4358488619327545,0.21739986538887024,-0.016778461635112762,0.4398103952407837,0.24990400671958923,-0.020249832421541214,0.35053807497024536,0.17384670674800873,0.03825017437338829,0.40055984258651733,0.18756259977817535,0.03457598015666008,0.4121079444885254,0.22017377614974976,0.02360655553638935,0.4120587706565857,0.23699229955673218,0.014436185359954834,scissors
0.2734605073928833,0.5665715336799622,4.178532435616944e-07,0.27860403060913086,0.5047711133956909,-0.06991180032491684,0.32022079825401306,0.456207811832428,-0.0783250480890274,0.3879144489765167,0.45140427350997925,-0.07513457536697388,0.44291824102401733,0.45742475986480713,-0.06746688485145569,0.34124550223350525,0.37026455998420715,-0.013206833973526955,0.3731203079223633,0.29613983631134033,-0.01820778101682663,0.39189907908439636,0.24713747203350067,-0.027076546102762222,0.4095210134983063,0.2133774310350418,-0.03582797944545746,0.3754587471485138,0.4013592302799225,0.012859365902841091,0.4302261173725128,0.32789337635040283,0.00873365718871355,0.4724831283092499,0.2882700562477112,-0.008450008928775787,0.5070814490318298,0.26030540466308594,-0.02237766422331333,0.39083388447761536,0.4399140179157257,0.028638694435358047,0.45114201307296753,0.4088870882987976,-0.006163179408758879,0.44311249256134033,0.43006178736686707,-0.046763304620981216,0.4252661466598511,0.4495479464530945,-0.06669535487890244,0.39991167187690735,0.4771944582462311,0.04057202488183975,0.43590065836906433,0.4518396258354187,-0.00540938600897789,0.42990219593048096,0.4667462110519409,-0.03951294720172882,0.4134988486766815,0.48114508390426636,-0.05769816040992737,scissors
0.435362309217453,0.7152467966079712,-2.1546272321870674e-08,0.3803194761276245,0.7053335905075073,-0.049701958894729614,0.32335376739501953,0.7188963294029236,-0.039142243564128876,0.29334038496017456,0.7617601156234741,-0.013984601013362408,0.2811240255832672,0.7957377433776855,0.017379503697156906,0.28717610239982605,0.6932952404022217,-0.00637233117595315,0.22262689471244812,0.7073941230773926,-0.005034330300986767,0.17792189121246338,0.7202568650245667,-0.008291020058095455,0.14168524742126465,0.7261772155761719,-0.01036309078335762,0.29975929856300354,0.7246118783950806,0.02107837051153183,0.24198795855045319,0.758621871471405,0.02529984898865223,0.20113609731197357,0.7893650531768799,0.015719620510935783,0.17162664234638214,0.8122701644897461,0.009036291390657425,0.3157009780406952,0.7492552399635315,0.041204676032066345,0.28371694684028625,0.7791240811347961,0.023528438061475754,0.31400561332702637,0.7703025937080383,-0.003280355129390955,0.33298659324645996,0.7546916007995605,-0.013215163722634315,0.32905280590057373,0.7657973766326904,0.05840331315994263,0.30456918478012085,0.789855420589447,0.034285567700862885,0.32057616114616394,0.783845841884613,0.013036246411502361,0.3349534273147583,0.7716407775878906,0.003317301394417882,scissors
0.4977876543998718,0.5038707852363586,4.937577955388406e-07,0.5194013118743896,0.4816425144672394,-0.06582267582416534,0.5460240840911865,0.4434831440448761,-0.07906264066696167,0.5825979113578796,0.4176234006881714,-0.07782216370105743,0.6168899536132812,0.40003862977027893,-0.07174712419509888,0.5384668111801147,0.3740597665309906,-0.041203323751688004,0.5688596367835999,0.3164120614528656,-0.0493989959359169,0.5861173868179321,0.2768978476524353,-0.05842113867402077,0.601767897605896,0.2479175478219986,-0.06482662260532379,0.5542212128639221,0.383024662733078,-0.008527029305696487,0.5848901271820068,0.31936803460121155,-0.016023235395550728,0.6156311631202698,0.28297698497772217,-0.03265328332781792,0.6396059393882751,0.2575884461402893,-0.04515232890844345,0.5660844445228577,0.40230780839920044,0.01843605563044548,0.6080904603004456,0.3759738802909851,-0.0030881348066031933,0.6262632012367249,0.4005429744720459,-0.034302130341529846,0.629234790802002,0.4241552948951721,-0.05085805058479309,0.5742242336273193,0.41963544487953186,0.041894350200891495,0.6059826016426086,0.40544959902763367,0.017499521374702454,0.6179584264755249,0.4206886887550354,-0.006652414333075285,0.6180647015571594,0.4371935725212097,-0.02055842988193035,scissors
0.2559182345867157,0.805943489074707,4.287261745616888e-08,0.28414982557296753,0.8288379311561584,-0.02979910373687744,0.31023940443992615,0.8164089322090149,-0.04632171243429184,0.3311343193054199,0.7919890880584717,-0.05514396354556084,0.34965580701828003,0.7691653370857239,-0.063094861805439,0.27282625436782837,0.7868332862854004,-0.06209122762084007,0.2810966670513153,0.7677170634269714,-0.08499100059270859,0.2888723313808441,0.755286455154419,-0.09887070208787918,0.2942618429660797,0.7397654056549072,-0.10688062012195587,0.27331748604774475,0.7671221494674683,-0.052694473415613174,0.2901704013347626,0.7327036261558533,-0.07425649464130402,0.3112156391143799,0.7308741211891174,-0.08509360253810883,0.32543033361434937,0.7341175675392151,-0.09234540909528732,0.2837625741958618,0.7530500888824463,-0.04312203451991081,0.3187845051288605,0.7300285696983337,-0.06637553870677948,0.34358152747154236,0.743976891040802,-0.07983144372701645,0.35616645216941833,0.7579004764556885,-0.08659611642360687,0.2999363839626312,0.7467056512832642,-0.033982161432504654,0.32819363474845886,0.736465573310852,-0.05177079141139984,0.3426395356655121,0.7496783137321472,-0.05997869372367859,0.35046255588531494,0.7612325549125671,-0.06451605260372162,scissors
0.4837862253189087,0.8124837875366211,9.384562531522533e-07,0.46734189987182617,0.7446654438972473,-0.1496509313583374,0.5187768340110779,0.6644471287727356,-0.19434905052185059,0.6223034858703613,0.6243892908096313,-0.21343788504600525,0.7173053026199341,0.5986551642417908,-0.22286684811115265,0.5377739667892456,0.4856725037097931,-0.11252996325492859,0.5782634019851685,0.339367151260376,-0.16309162974357605,0.6022431254386902,0.24365627765655518,-0.19715337455272675,0.6253578662872314,0.16452670097351074,-0.2204189896583557,0.601841390132904,0.5243335962295532,-0.06360448896884918,0.685279369354248,0.3837048411369324,-0.11947304010391235,0.7534067630767822,0.30497264862060547,-0.15983201563358307,0.8127496838569641,0.23351514339447021,-0.1834704875946045,0.6422106623649597,0.5850405693054199,-0.02955792471766472,0.726813793182373,0.5474019050598145,-0.12633496522903442,0.6795878410339355,0.6245435476303101,-0.16702435910701752,0.6394795179367065,0.6659829616546631,-0.1700577586889267,0.6694295406341553,0.6436262130737305,-0.004855078179389238,0.718808650970459,0.6350917816162109,-0.10270082205533981,0.6846332550048828,0.6960413455963135,-0.13848857581615448,0.648192286491394,0.7299553751945496,-0.14542633295059204,scissors
0.7742776870727539,0.3886202871799469,8.889821145885435e-08,0.7422865629196167,0.4179796278476715,-0.00033474169322289526,0.7319352030754089,0.44824957847595215,0.0012447746703401208,0.7351056337356567,0.4709952473640442,-0.0002947212487924844,0.7503629326820374,0.4764728248119354,-0.0016377222491428256,0.7522919178009033,0.4815298914909363,0.011691336520016193,0.7542005181312561,0.5218685865402222,0.007804113905876875,0.7516945600509644,0.5442943572998047,0.0033101430162787437,0.7474240660667419,0.5639495849609375,-0.0006799443508498371,0.7641364932060242,0.4771144390106201,0.005643496289849281,0.7666334509849548,0.5052758455276489,-0.005734848789870739,0.7568182945251465,0.5064988136291504,-0.014760495163500309,0.7492666244506836,0.5044590830802917,-0.019184602424502373,0.7754754424095154,0.47031912207603455,-0.0017749781254678965,0.7714789509773254,0.49284911155700684,-0.016476599499583244,0.7557104229927063,0.48135122656822205,-0.024607742205262184,0.7473466992378235,0.4666357934474945,-0.02602733112871647,0.7845120429992676,0.46349188685417175,-0.009232964366674423,0.7764060497283936,0.4845232665538788,-0.019019896164536476,0.76412433385849,0.48046430945396423,-0.02266697958111763,0.7560564875602722,0.47075310349464417,-0.02338545024394989,scissors
0.823194682598114,0.14493559300899506,-1.7200912338921626e-07,0.8586294651031494,0.19589677453041077,-0.03122144378721714,0.8579041361808777,0.26147961616516113,-0.047589369118213654,0.8342577815055847,0.3091341257095337,-0.052871182560920715,0.8127084374427795,0.33826756477355957,-0.05666040629148483,0.8074253797531128,0.23969410359859467,-0.08486980944871902,0.79395592212677,0.320705771446228,-0.09523221850395203,0.7966437935829163,0.359460711479187,-0.08954755961894989,0.7985133528709412,0.38498005270957947,-0.08446423709392548,0.7728971838951111,0.2295050024986267,-0.07044510543346405,0.7539991140365601,0.3247900605201721,-0.08656404167413712,0.7576463222503662,0.3739772140979767,-0.08352551609277725,0.7652049660682678,0.4053441882133484,-0.08067934960126877,0.7505887150764465,0.22738943994045258,-0.05258225277066231,0.7329062819480896,0.3130148649215698,-0.0671369880437851,0.7427839040756226,0.3546549081802368,-0.06577590107917786,0.7557998299598694,0.379051148891449,-0.063345767557621,0.7393333315849304,0.22891922295093536,-0.0350210964679718,0.7303786873817444,0.2952744960784912,-0.04764356091618538,0.7407562136650085,0.3246370851993561,-0.048182640224695206,0.7542083859443665,0.34008824825286865,-0.04695207253098488,scissors
0.18463148176670074,0.42146897315979004,2.6961939170178084e-07,0.19344738125801086,0.4027669131755829,-0.06140635535120964,0.2372586727142334,0.3868680000305176,-0.07666343450546265,0.304582804441452,0.382051557302475,-0.07969965785741806,0.35509851574897766,0.37229305505752563,-0.07799899578094482,0.2527112662792206,0.2824423909187317,-0.05240493267774582,0.2817757725715637,0.21303415298461914,-0.07390481978654861,0.29588836431503296,0.16471266746520996,-0.09148482978343964,0.31280517578125,0.12064927816390991,-0.10584855079650879,0.2838675081729889,0.2954854667186737,-0.033146340399980545,0.33938145637512207,0.2245582789182663,-0.05694011598825455,0.383361279964447,0.18637922406196594,-0.07836262881755829,0.4200299084186554,0.15001258254051208,-0.0935576781630516,0.29986536502838135,0.3241952955722809,-0.01869373768568039,0.36033645272254944,0.3058958053588867,-0.06263012439012527,0.34364596009254456,0.34883561730384827,-0.08473063260316849,0.3221060633659363,0.37261340022087097,-0.09005408734083176,0.3060011863708496,0.35637325048446655,-0.007124558091163635,0.3407902717590332,0.3567608892917633,-0.0559215247631073,0.3245120048522949,0.3853580057621002,-0.074308842420578,0.3026895523071289,0.39976513385772705,-0.07877218723297119,scissors
0.5133769512176514,0.15043404698371887,3.474360354971395e-08,0.5587870478630066,0.19387559592723846,-0.03704901784658432,0.5714288949966431,0.2567274868488312,-0.06104331091046333,0.5628793239593506,0.308991014957428,-0.0692734569311142,0.5511125922203064,0.3475271761417389,-0.07278650254011154,0.5197246670722961,0.24988007545471191,-0.1262073814868927,0.5310418009757996,0.3385933041572571,-0.1420499086380005,0.5522779226303101,0.3668368458747864,-0.13358330726623535,0.5692763924598694,0.3772141933441162,-0.12673507630825043,0.48466989398002625,0.24670498073101044,-0.1065002828836441,0.48660820722579956,0.3513886332511902,-0.14301025867462158,0.48984527587890625,0.4085729718208313,-0.15296155214309692,0.491120845079422,0.4463523030281067,-0.16066618263721466,0.4630173146724701,0.25141051411628723,-0.07789672911167145,0.47062942385673523,0.3395397663116455,-0.09405264258384705,0.4923330247402191,0.36596694588661194,-0.0840255543589592,0.5086084604263306,0.3768863379955292,-0.07816634327173233,0.4523809552192688,0.2576195001602173,-0.04988854005932808,0.4661947190761566,0.3273777663707733,-0.05475037917494774,0.48518675565719604,0.3396531045436859,-0.04582197591662407,0.5014035105705261,0.3408164978027344,-0.040484435856342316,scissors
0.3783382177352905,0.8850310444831848,5.204231001698645e-08,0.4568726122379303,0.8198511600494385,-0.04008670523762703,0.4912075102329254,0.7517349123954773,-0.005636096931993961,0.5175830721855164,0.7193302512168884,0.05119424685835838,0.5210539698600769,0.7048746347427368,0.11986649036407471,0.3903428316116333,0.6568217277526855,0.0031455596908926964,0.4142981171607971,0.5762524604797363,0.0348525196313858,0.42189234495162964,0.5224999189376831,0.04977472499012947,0.4228237569332123,0.48103153705596924,0.05783519521355629,0.3706986904144287,0.6884533762931824,0.0547928512096405,0.43359002470970154,0.6430970430374146,0.10048133134841919,0.46585923433303833,0.6628739833831787,0.11269210278987885,0.4772906005382538,0.681512176990509,0.11420685052871704,0.36843425035476685,0.7173193693161011,0.10241155326366425,0.4391957223415375,0.6825156211853027,0.12472324073314667,0.47393837571144104,0.724969744682312,0.09626311808824539,0.48284775018692017,0.752910852432251,0.07450912147760391,0.37358105182647705,0.7328464388847351,0.14900511503219604,0.4294532239437103,0.7193279266357422,0.1457749903202057,0.46120429039001465,0.7462831735610962,0.11110416054725647,0.4690250754356384,0.7687954902648926,0.08631515502929688,scissors
0.3142153322696686,0.5184207558631897,-2.914012497967633e-07,0.39553529024124146,0.4837433099746704,-0.029115283861756325,0.45187613368034363,0.46929481625556946,-0.06247785687446594,0.48577365279197693,0.4640600085258484,-0.09618190675973892,0.4834584891796112,0.46433544158935547,-0.1320040225982666,0.4967433214187622,0.5797770619392395,-0.05215959623456001,0.5619320273399353,0.5285732746124268,-0.089548259973526,0.6040306687355042,0.4980895519256592,-0.11547984927892685,0.6395460963249207,0.4820314645767212,-0.1325141042470932,0.46971505880355835,0.5994964838027954,-0.05915774405002594,0.5531930923461914,0.5442195534706116,-0.08921337872743607,0.5992941856384277,0.5127924084663391,-0.10443785041570663,0.6392651796340942,0.49710613489151,-0.11572527140378952,0.43758782744407654,0.5953506827354431,-0.06802558898925781,0.4876920282840729,0.5034065246582031,-0.09321992099285126,0.45570889115333557,0.4766855239868164,-0.08903196454048157,0.42847827076911926,0.4831559658050537,-0.08481348305940628,0.4108508825302124,0.5745823979377747,-0.08067338168621063,0.44856423139572144,0.49787336587905884,-0.09562952071428299,0.42827868461608887,0.4732125997543335,-0.08745197206735611,0.40743446350097656,0.473516583442688,-0.08048011362552643,scissors
0.22767609357833862,0.41239339113235474,1.0706218063205597e-06,0.3419302701950073,0.4325004816055298,-0.10516123473644257,0.4662466049194336,0.39048102498054504,-0.11150846630334854,0.5176423192024231,0.28309857845306396,-0.10189986228942871,0.5387905836105347,0.1922098994255066,-0.0826697126030922,0.5890021920204163,0.4056914150714874,0.003964894451200962,0.7228941321372986,0.4123803973197937,0.007521682418882847,0.8185855150222778,0.40937539935112,0.006194885354489088,0.8852221965789795,0.4137018024921417,0.004910760093480349,0.5541815161705017,0.338354229927063,0.03762860596179962,0.7003238797187805,0.2743755578994751,0.04607342928647995,0.7976413369178772,0.2295796275138855,0.03087756223976612,0.8726410865783691,0.19345946609973907,0.020365776494145393,0.5011259317398071,0.28652432560920715,0.05195455998182297,0.5767797231674194,0.2245670109987259,-6.837253749836236e-05,0.524587094783783,0.25361168384552,-0.059035226702690125,0.487354576587677,0.2745372951030731,-0.07813598215579987,0.44656020402908325,0.2491777241230011,0.058547940105199814,0.5110865831375122,0.2004515826702118,-0.0017836440820246935,0.4896906614303589,0.2243884950876236,-0.048139408230781555,0.4606829583644867,0.24600529670715332,-0.07004879415035248,scissors
0.8334431052207947,0.6467075347900391,-3.533835624125459e-08,0.7831537127494812,0.5895357728004456,0.06557728350162506,0.7563133835792542,0.5460660457611084,0.06960815191268921,0.7428987622261047,0.5062506198883057,0.0565507709980011,0.7349260449409485,0.4759880006313324,0.04448425769805908,0.6876223087310791,0.5665308237075806,0.011974062770605087,0.6099816560745239,0.5460253357887268,-0.009472363628447056,0.5617315173149109,0.5415143370628357,-0.023427972570061684,0.5202522277832031,0.5380637645721436,-0.03296319767832756,0.6997004151344299,0.5712136030197144,-0.034313805401325226,0.6231911182403564,0.5220115184783936,-0.06730260699987411,0.580103874206543,0.4839993417263031,-0.07959010452032089,0.5453588366508484,0.4661727249622345,-0.08626870065927505,0.7264821529388428,0.57003253698349,-0.0725860744714737,0.7108338475227356,0.48284804821014404,-0.08590982109308243,0.74842369556427,0.4653770625591278,-0.05843673273921013,0.7713450193405151,0.4727346897125244,-0.03550742566585541,0.7607917189598083,0.5572399497032166,-0.1065603718161583,0.7506043314933777,0.48370397090911865,-0.10153622180223465,0.7730003595352173,0.47700732946395874,-0.07200127094984055,0.7887502908706665,0.487772673368454,-0.0480162613093853,scissors
0.18284566700458527,0.4534904658794403,2.8949926900168066e-07,0.29112508893013,0.46506467461586,0.08055806159973145,0.3595549166202545,0.4188549816608429,0.10583560168743134,0.38681527972221375,0.36792007088661194,0.13284432888031006,0.41404038667678833,0.3298588991165161,0.1654723435640335,0.42654913663864136,0.41491854190826416,-0.02073843963444233,0.5256779193878174,0.3809051215648651,-0.005276410840451717,0.5847434401512146,0.3597431480884552,0.000505944131873548,0.6326248645782471,0.3435611128807068,0.0008161200094036758,0.3891391456127167,0.3697252869606018,-0.021573945879936218,0.4928344786167145,0.3219178318977356,0.003099677851423621,0.5508148670196533,0.2941301763057709,0.020902208983898163,0.5955904722213745,0.27237313985824585,0.020153528079390526,0.34421539306640625,0.3308126926422119,-0.0025484799407422543,0.3957880735397339,0.3266964554786682,0.08993277698755264,0.3705346882343292,0.36331164836883545,0.14747627079486847,0.3525635898113251,0.3870019316673279,0.1610570251941681,0.3103298544883728,0.3005296289920807,0.020338701084256172,0.3378490209579468,0.32091024518013,0.1080847829580307,0.3195149302482605,0.35296303033828735,0.1487392634153366,0.30427372455596924,0.3683828115463257,0.16213811933994293,scissors
0.5512008666992188,0.2898555397987366,3.910974299969894e-08,0.5461622476577759,0.42229413986206055,-0.03313134238123894,0.4799799621105194,0.5223100185394287,-0.017692383378744125,0.3831523060798645,0.5304692983627319,-0.0011441285023465753,0.3266853094100952,0.5002966523170471,0.01974502205848694,0.4624168276786804,0.5734460949897766,0.03199085593223572,0.4241901636123657,0.6852240562438965,0.024797100573778152,0.39899078011512756,0.7519643306732178,0.01418792363256216,0.3719388544559479,0.8056527376174927,0.005004908423870802,0.4052674472332001,0.5371798872947693,0.039595868438482285,0.32902663946151733,0.642511248588562,0.032968975603580475,0.27950114011764526,0.7070976495742798,0.021704671904444695,0.23844873905181885,0.7522755861282349,0.015049673616886139,0.37032508850097656,0.4821620583534241,0.03776591643691063,0.2927533984184265,0.5416575074195862,-0.00014771065616514534,0.33925190567970276,0.5267153978347778,-0.019242029637098312,0.3835974335670471,0.5026091933250427,-0.018205421045422554,0.34512630105018616,0.419918954372406,0.03294936940073967,0.30236557126045227,0.4645296633243561,-0.009931199252605438,0.3307466506958008,0.4684582054615021,-0.026531269773840904,0.36365586519241333,0.45819082856178284,-0.028351500630378723,scissors
0.5494313836097717,0.4085482656955719,6.98379153618589e-07,0.4908117949962616,0.41495904326438904,-0.06173169985413551,0.4504534602165222,0.47697848081588745,-0.07779961824417114,0.4665907323360443,0.5533755421638489,-0.0860719233751297,0.48425421118736267,0.610714852809906,-0.09084292501211166,0.3974224627017975,0.5473207831382751,-0.029295992106199265,0.33276355266571045,0.604702889919281,-0.046612631529569626,0.29116469621658325,0.6435633897781372,-0.06118142232298851,0.2560189366340637,0.6741808652877808,-0.07205478101968765,0.43706846237182617,0.571995198726654,-0.015176455490291119,0.4013828933238983,0.6532742977142334,-0.03065577708184719,0.3745691776275635,0.7080638408660889,-0.04747318848967552,0.35612282156944275,0.7539759874343872,-0.0583902932703495,0.4821970760822296,0.5760539770126343,-0.01016225665807724,0.46831437945365906,0.627510666847229,-0.05198359861969948,0.47532743215560913,0.5971596837043762,-0.08128318190574646,0.484502911567688,0.5748524069786072,-0.08928724378347397,0.5239511728286743,0.5660356283187866,-0.009493570774793625,0.5130215883255005,0.6028470396995544,-0.053812284022569656,0.5119792222976685,0.5741796493530273,-0.07695870846509933,0.5155632495880127,0.5443530678749084,-0.0853596031665802,scissors
0.4649335741996765,0.45206430554389954,1.6296712601615582e-07,0.48842674493789673,0.4202197194099426,-0.021492959931492805,0.5251332521438599,0.4021133780479431,-0.024169376119971275,0.5623178482055664,0.41793426871299744,-0.02495916374027729,0.5889751315116882,0.4358143210411072,-0.02400631457567215,0.5521977543830872,0.3847815990447998,-0.0006401096470654011,0.5915533900260925,0.35619649291038513,-0.007019189652055502,0.6156480312347412,0.33936023712158203,-0.012850300408899784,0.6348462700843811,0.3270722031593323,-0.016233941540122032,0.5602648854255676,0.40861228108406067,0.00533577986061573,0.6113497614860535,0.39678964018821716,0.0016261058626696467,0.6416120529174805,0.3909848928451538,-0.0024675026070326567,0.6637688279151917,0.38890185952186584,-0.004313424229621887,0.5566185712814331,0.43195873498916626,0.007470991928130388,0.5902786254882812,0.43329253792762756,-0.006689572241157293,0.5755715370178223,0.43336009979248047,-0.012822850607335567,0.5610792636871338,0.43474850058555603,-0.011662532575428486,0.5481452941894531,0.45331987738609314,0.00797322764992714,0.5752812623977661,0.4535822868347168,-0.004693855065852404,0.5671587586402893,0.4487594962120056,-0.006538913119584322,0.5558220148086548,0.4452826976776123,-0.004334478639066219,scissors
0.5097296833992004,0.11327438056468964,-2.694353895549284e-07,0.5635550618171692,0.1368502378463745,-0.026427607983350754,0.6045204401016235,0.18067866563796997,-0.04642562195658684,0.6314247846603394,0.2279375046491623,-0.05736925080418587,0.648552656173706,0.2638222277164459,-0.06790143996477127,0.5555528998374939,0.2200733870267868,-0.08093420416116714,0.6164525151252747,0.28151559829711914,-0.09831610321998596,0.6500076055526733,0.2961895763874054,-0.10220211744308472,0.6698037385940552,0.30680859088897705,-0.10412710905075073,0.5256687998771667,0.24269293248653412,-0.07069684565067291,0.5859712362289429,0.3278936743736267,-0.09225241094827652,0.6235208511352539,0.36425453424453735,-0.09500027447938919,0.6489761471748352,0.39319512248039246,-0.09741366654634476,0.5115643739700317,0.2553238868713379,-0.05648253485560417,0.5602076649665833,0.3306868076324463,-0.07338889688253403,0.5931834578514099,0.3639732599258423,-0.07330808788537979,0.616709291934967,0.3875988721847534,-0.07325143367052078,0.5095345377922058,0.25806623697280884,-0.042172133922576904,0.5442415475845337,0.3106662631034851,-0.04830503091216087,0.5711441040039062,0.322194367647171,-0.04138125106692314,0.5899367332458496,0.32506871223449707,-0.03716006875038147,scissors
0.4219033718109131,0.40952232480049133,3.977257563292369e-07,0.406512975692749,0.37294241786003113,-0.025559747591614723,0.3625754714012146,0.3510856330394745,-0.03417780250310898,0.3187849819660187,0.3676855266094208,-0.04140063002705574,0.285726934671402,0.3827933073043823,-0.0474652461707592,0.3198292851448059,0.3262929916381836,-0.016059760004281998,0.27637797594070435,0.28557905554771423,-0.02952565997838974,0.25057458877563477,0.2587653398513794,-0.03939634934067726,0.2295408546924591,0.23596003651618958,-0.04653904587030411,0.3093315362930298,0.3531104326248169,-0.015056729316711426,0.24869775772094727,0.33731508255004883,-0.029457464814186096,0.21191097795963287,0.325405478477478,-0.04072638973593712,0.18005412817001343,0.31518223881721497,-0.047045379877090454,0.31313228607177734,0.3825892508029938,-0.017770808190107346,0.28577813506126404,0.38359180092811584,-0.04265670105814934,0.3125174343585968,0.38441741466522217,-0.053573280572891235,0.3290388882160187,0.3830999433994293,-0.05363928899168968,0.32742324471473694,0.40944182872772217,-0.02237597480416298,0.30816903710365295,0.4105069637298584,-0.042131464928388596,0.32412979006767273,0.40894898772239685,-0.04648523032665253,0.3356281518936157,0.407835990190506,-0.04537525400519371,scissors
0.4325374662876129,0.5354797840118408,6.996918955337605e-07,0.5251734852790833,0.5304357409477234,-1.4072328667680267e-05,0.5653802156448364,0.4733816981315613,-0.0039553348906338215,0.5555012226104736,0.4152980446815491,0.01232318114489317,0.5352131724357605,0.3660728931427002,0.03584347665309906,0.5689613223075867,0.425235390663147,-0.13216061890125275,0.6296358108520508,0.37009310722351074,-0.16018283367156982,0.6726243495941162,0.33059263229370117,-0.1852051019668579,0.7126113176345825,0.30070722103118896,-0.2042332887649536,0.5173826217651367,0.4078105688095093,-0.10703233629465103,0.5601198077201843,0.31649139523506165,-0.13246658444404602,0.6002974510192871,0.259554922580719,-0.1456581950187683,0.6325504779815674,0.22271323204040527,-0.16386912763118744,0.4774189591407776,0.395512193441391,-0.06483233720064163,0.5382338762283325,0.3465721607208252,-0.03225849196314812,0.5470220446586609,0.373420774936676,0.011419134214520454,0.5436992049217224,0.39150553941726685,0.029018905013799667,0.4524949789047241,0.38854122161865234,-0.023136405274271965,0.5058186650276184,0.36961954832077026,0.01883157528936863,0.5176007747650146,0.3959195911884308,0.05523621663451195,0.5135236978530884,0.4120199680328369,0.07493217289447784,scissors
0.716706395149231,0.3017517924308777,3.1025390967442945e-07,0.6859606504440308,0.3250125050544739,-0.08811117708683014,0.6300678253173828,0.33814311027526855,-0.102041095495224,0.587950587272644,0.36306434869766235,-0.09324586391448975,0.548485279083252,0.37915873527526855,-0.07820719480514526,0.5786352753639221,0.2598554790019989,-0.07148198038339615,0.5077656507492065,0.2476365864276886,-0.08268983662128448,0.46414056420326233,0.23575057089328766,-0.09167375415563583,0.4251523017883301,0.21970856189727783,-0.09764093160629272,0.5781051516532898,0.279867947101593,-0.0249167513102293,0.5077275037765503,0.3019176721572876,-0.036596525460481644,0.4563889503479004,0.3241155743598938,-0.05438470095396042,0.42108750343322754,0.33804118633270264,-0.06653855741024017,0.5812788605690002,0.30101945996284485,0.014822080731391907,0.5348336696624756,0.3330562114715576,-0.015470094047486782,0.5564773678779602,0.3661273121833801,-0.04794503003358841,0.5793798565864563,0.38087549805641174,-0.06079981476068497,0.5864023566246033,0.3144594430923462,0.049333542585372925,0.5608961582183838,0.3493596315383911,0.013036631047725677,0.5752046704292297,0.3714961111545563,-0.01686428301036358,0.5934218764305115,0.3848874568939209,-0.031102024018764496,scissors
0.1527569591999054,0.5012818574905396,8.166473008941466e-08,0.13364222645759583,0.4774651825428009,-0.011988955549895763,0.12635678052902222,0.44763311743736267,-0.0184704028069973,0.14676159620285034,0.43950653076171875,-0.025221139192581177,0.16872651875019073,0.44656676054000854,-0.031159358099102974,0.15723612904548645,0.4154483675956726,-0.00649600476026535,0.15505458414554596,0.38323861360549927,-0.01622913032770157,0.15313029289245605,0.3623107969760895,-0.02491883747279644,0.1535441279411316,0.34527596831321716,-0.03175932168960571,0.178415909409523,0.42267125844955444,-0.007782625034451485,0.1898038536310196,0.39195725321769714,-0.01688864454627037,0.1953432410955429,0.3741140067577362,-0.023874012753367424,0.20007450878620148,0.35934945940971375,-0.028661303222179413,0.19317223131656647,0.43656450510025024,-0.010931607335805893,0.20430481433868408,0.42084047198295593,-0.02594265155494213,0.18849150836467743,0.4384947419166565,-0.02821616269648075,0.1757369041442871,0.4541389048099518,-0.025873729959130287,0.20433713495731354,0.45622825622558594,-0.015146976336836815,0.21064193546772003,0.44467946887016296,-0.028964463621377945,0.19659870862960815,0.45459893345832825,-0.02932404913008213,0.18503351509571075,0.465506374835968,-0.026425663381814957,scissors
0.319596529006958,0.4971524178981781,-1.7080104441902222e-07,0.3424105644226074,0.43584758043289185,-0.018479738384485245,0.4031839668750763,0.39772069454193115,-0.02256508357822895,0.4626656174659729,0.4116550385951996,-0.027511782944202423,0.49278724193573,0.44863003492355347,-0.03160479664802551,0.4473974406719208,0.41197699308395386,-0.004671037197113037,0.5017245411872864,0.365861713886261,-0.020603589713573456,0.5351592302322388,0.33633822202682495,-0.028890661895275116,0.5647433400154114,0.3143783211708069,-0.03393762186169624,0.46039578318595886,0.44469165802001953,-0.0070645930245518684,0.5280829071998596,0.4046880900859833,-0.028123829513788223,0.5669727325439453,0.3770212233066559,-0.039574041962623596,0.596427321434021,0.356908917427063,-0.04368853196501732,0.4605959951877594,0.48063984513282776,-0.012643452733755112,0.48189061880111694,0.44509413838386536,-0.048240289092063904,0.4384920597076416,0.4407899081707001,-0.05424970015883446,0.40359967947006226,0.4459071159362793,-0.04709937423467636,0.45428040623664856,0.5158563256263733,-0.019510312005877495,0.46307381987571716,0.4704191982746124,-0.047407228499650955,0.4283740222454071,0.4534280598163605,-0.049149610102176666,0.39840447902679443,0.45040684938430786,-0.0436236709356308,scissors
0.40556618571281433,0.877215564250946,4.4598229465009354e-07,0.47930198907852173,0.8226245641708374,0.01923336274921894,0.4942024052143097,0.7385131120681763,0.029268484562635422,0.4641612768173218,0.6752809286117554,0.03691400960087776,0.4332156479358673,0.6467792391777039,0.04457298293709755,0.49105823040008545,0.670932412147522,0.0009078936418518424,0.5302290916442871,0.5779806971549988,0.0006885016919113696,0.5510299801826477,0.5211800932884216,-0.0004447737883310765,0.5652520656585693,0.4807957112789154,-0.0006712379981763661,0.43085646629333496,0.6588916182518005,-0.00022138170606922358,0.4450571537017822,0.5543038845062256,0.011843874119222164,0.45345476269721985,0.4989330768585205,0.018875112757086754,0.45246022939682007,0.46053749322891235,0.020800985395908356,0.3814317584037781,0.6717801094055176,0.003151635406538844,0.395915150642395,0.6179353594779968,0.025659160688519478,0.41771119832992554,0.6464625597000122,0.037810273468494415,0.4221716523170471,0.6753391027450562,0.04354642704129219,0.34160807728767395,0.6975828409194946,0.007290388457477093,0.36630842089653015,0.6654967665672302,0.031924113631248474,0.38245633244514465,0.6843966841697693,0.04791228845715523,0.3903602957725525,0.7070443034172058,0.0584602914750576,scissors
0.7273551225662231,0.22173713147640228,1.9381290883302427e-07,0.7038186192512512,0.18084123730659485,-0.006109553389251232,0.6737006902694702,0.1617104709148407,-0.012631183490157127,0.6433271765708923,0.15392324328422546,-0.0213019959628582,0.6280938386917114,0.17392498254776,-0.030214719474315643,0.6185417771339417,0.18851438164710999,-0.012621344067156315,0.5671042203903198,0.1765926331281662,-0.023547722026705742,0.5377945899963379,0.170149564743042,-0.03288760036230087,0.5108902454376221,0.16454645991325378,-0.04132842272520065,0.622052788734436,0.20789532363414764,-0.020750220865011215,0.5694684982299805,0.2013225108385086,-0.0372244156897068,0.5370556116104126,0.19526900351047516,-0.04973341524600983,0.5074116587638855,0.19098515808582306,-0.05880409851670265,0.6336860060691833,0.22616291046142578,-0.02895427495241165,0.5981920957565308,0.2130042314529419,-0.04971180483698845,0.6189337372779846,0.19089531898498535,-0.0561818890273571,0.6415168046951294,0.178183913230896,-0.05694626271724701,0.6493573784828186,0.23944804072380066,-0.037628792226314545,0.6225141286849976,0.22282938659191132,-0.056629542261362076,0.6368486285209656,0.20195555686950684,-0.061244118958711624,0.6577853560447693,0.18785738945007324,-0.06201508641242981,scissors
0.8527735471725464,0.5561280846595764,7.467667728633387e-07,0.856981635093689,0.5170022249221802,-0.07596801966428757,0.8339238166809082,0.5026546716690063,-0.11267509311437607,0.8185351490974426,0.5328066945075989,-0.14118918776512146,0.7931439876556396,0.5678095817565918,-0.16775387525558472,0.7210943102836609,0.47742918133735657,-0.0787847712635994,0.6609673500061035,0.4383614659309387,-0.1106189414858818,0.6228436231613159,0.4101192355155945,-0.1304241120815277,0.5870167016983032,0.38773033022880554,-0.14319775998592377,0.7139252424240112,0.5163013935089111,-0.06202227249741554,0.6398239135742188,0.512852668762207,-0.1009606346487999,0.5913509130477905,0.508506178855896,-0.12272848188877106,0.5491350889205933,0.5032367706298828,-0.1319425255060196,0.7276571989059448,0.5519034266471863,-0.05166621878743172,0.727028489112854,0.5564277768135071,-0.10131195932626724,0.776573657989502,0.5499621629714966,-0.11862346529960632,0.8020129799842834,0.5381792783737183,-0.11675507575273514,0.7477209568023682,0.5788674354553223,-0.0471099317073822,0.7584561109542847,0.5819209218025208,-0.08336836099624634,0.792454183101654,0.5707685947418213,-0.09220297634601593,0.8132619857788086,0.5565288066864014,-0.0908256396651268,scissors
0.3158160150051117,0.525801420211792,4.896754148830951e-07,0.28372758626937866,0.5682511329650879,-0.04205171391367912,0.2908054292201996,0.6346023082733154,-0.05368087813258171,0.339006632566452,0.6754658222198486,-0.060774900019168854,0.38325345516204834,0.698188066482544,-0.06563214957714081,0.28914114832878113,0.7095716595649719,-0.022350367158651352,0.2768994867801666,0.7866358757019043,-0.0358128659427166,0.270551860332489,0.8351547718048096,-0.04725220426917076,0.26548802852630615,0.8737516403198242,-0.05555909872055054,0.32948124408721924,0.7058507800102234,-0.01335012074559927,0.35425758361816406,0.7820444107055664,-0.028076475486159325,0.3684975504875183,0.8321069478988647,-0.043342847377061844,0.38104957342147827,0.8705742359161377,-0.052961062639951706,0.36113137006759644,0.6848199367523193,-0.009459365159273148,0.383110910654068,0.7272286415100098,-0.039462339133024216,0.3653935194015503,0.7027966976165771,-0.057163532823324203,0.35299721360206604,0.6794431805610657,-0.060167938470840454,0.3817157447338104,0.6566604375839233,-0.008633431047201157,0.3908569812774658,0.6896143555641174,-0.036456286907196045,0.3750618100166321,0.6736576557159424,-0.046947844326496124,0.35994628071784973,0.6538044810295105,-0.04822065681219101,scissors
0.26418042182922363,0.2976146638393402,3.9589986045029946e-07,0.25040319561958313,0.25776994228363037,-0.027649693191051483,0.20637433230876923,0.2279198318719864,-0.03138481080532074,0.15751969814300537,0.23190954327583313,-0.03227202221751213,0.12102698534727097,0.23748749494552612,-0.030520634725689888,0.1782803237438202,0.198126420378685,-0.004532379563897848,0.14481797814369202,0.15281179547309875,-0.013010526075959206,0.12334254384040833,0.12480968236923218,-0.02035575360059738,0.10700853914022446,0.10154328495264053,-0.0262320376932621,0.16073311865329742,0.2235124409198761,-0.00027564921765588224,0.10321363806724548,0.19485902786254883,-0.008730242028832436,0.0681738331913948,0.17807509005069733,-0.01949242874979973,0.03940097987651825,0.1661064326763153,-0.026189053431153297,0.15779151022434235,0.2544959783554077,-0.0007069321582093835,0.12090533971786499,0.23969268798828125,-0.024772487580776215,0.14366672933101654,0.2473982274532318,-0.0386807955801487,0.16027866303920746,0.2547400891780853,-0.0402248278260231,0.1674005091190338,0.28647589683532715,-0.002993820933625102,0.14142289757728577,0.27415814995765686,-0.02657071314752102,0.15216991305351257,0.27728480100631714,-0.03592211380600929,0.16085730493068695,0.2844856381416321,-0.03755396232008934,scissors
0.45973458886146545,0.5795402526855469,6.0763518661133276e-09,0.41737130284309387,0.5545954704284668,0.09335161000490189,0.4031710624694824,0.5054893493652344,0.16049346327781677,0.39433300495147705,0.4820253849029541,0.20733578503131866,0.398547887802124,0.4656048119068146,0.25278007984161377,0.4870094656944275,0.45500314235687256,0.1960477977991104,0.4713723063468933,0.40572935342788696,0.2725931406021118,0.46124956011772156,0.37810176610946655,0.324198454618454,0.45947471261024475,0.3624040484428406,0.35705360770225525,0.48916855454444885,0.4347003400325775,0.16362185776233673,0.4731588065624237,0.37401142716407776,0.24201138317584991,0.4595787525177002,0.34764209389686584,0.28773564100265503,0.4606194794178009,0.3335047662258148,0.32069501280784607,0.4764564633369446,0.41368502378463745,0.1286238133907318,0.4519564211368561,0.347238689661026,0.18414515256881714,0.4342380464076996,0.2979127764701843,0.21258610486984253,0.42565014958381653,0.25779807567596436,0.23039790987968445,0.44865942001342773,0.3936760127544403,0.09773818403482437,0.4355275630950928,0.3356671929359436,0.12660330533981323,0.430092990398407,0.3045101761817932,0.14295105636119843,0.42922693490982056,0.27531373500823975,0.15673120319843292,scissors
0.21538211405277252,0.7591701149940491,1.166505469996082e-07,0.2030743658542633,0.718623697757721,-0.01679505966603756,0.21250170469284058,0.674126386642456,-0.024612192064523697,0.24454231560230255,0.6571590900421143,-0.033725302666425705,0.2735297977924347,0.6593564748764038,-0.04097254201769829,0.2565910816192627,0.6409839391708374,-0.00657533947378397,0.27475491166114807,0.5882536172866821,-0.02111050859093666,0.28692856431007385,0.5568926334381104,-0.029742084443569183,0.2994014620780945,0.5318775177001953,-0.03434959426522255,0.2780093550682068,0.6587108373641968,-0.008518477901816368,0.3063560724258423,0.617661714553833,-0.02524881809949875,0.32326430082321167,0.5917801856994629,-0.034102730453014374,0.33760035037994385,0.5723775625228882,-0.03685219958424568,0.29243677854537964,0.6819633841514587,-0.013523345813155174,0.29014983773231506,0.6676486730575562,-0.038016803562641144,0.26168522238731384,0.6821008324623108,-0.04112904518842697,0.2417801320552826,0.6961824893951416,-0.03471002355217934,0.3015376627445221,0.7073026299476624,-0.020240474492311478,0.298760324716568,0.6923085451126099,-0.03599691390991211,0.2730753421783447,0.6991021037101746,-0.033883582800626755,0.25368180871009827,0.7085734009742737,-0.027457842603325844,scissors
0.2924351394176483,0.5345464944839478,1.0568950159495216e-07,0.32178497314453125,0.47335147857666016,-0.01934216357767582,0.37948209047317505,0.44856056571006775,-0.022567860782146454,0.42998558282852173,0.4705597460269928,-0.0279049351811409,0.4607807397842407,0.49635863304138184,-0.03159652650356293,0.4362826347351074,0.43247705698013306,0.0019844055641442537,0.49619191884994507,0.3844408392906189,-0.017888356000185013,0.5349680185317993,0.35363346338272095,-0.03367246314883232,0.5684515237808228,0.3329470753669739,-0.04439574107527733,0.45027804374694824,0.47008565068244934,-0.0012475483817979693,0.5284737944602966,0.4413856565952301,-0.020751286298036575,0.5776987671852112,0.42060405015945435,-0.03472420200705528,0.615077018737793,0.4085109233856201,-0.04229160398244858,0.44665852189064026,0.5085885524749756,-0.008971123024821281,0.5058106184005737,0.4978195130825043,-0.04108598083257675,0.4669833481311798,0.48520880937576294,-0.045547399669885635,0.42941775918006897,0.48287948966026306,-0.03855573758482933,0.43386852741241455,0.5453561544418335,-0.01868048496544361,0.4715909957885742,0.5279417634010315,-0.046315331012010574,0.4486366808414459,0.5122100114822388,-0.04722093045711517,0.4218379557132721,0.5082910656929016,-0.04071906581521034,scissors
0.1510351151227951,0.6802618503570557,2.0981335779879373e-08,0.12336479127407074,0.6289286613464355,-0.008382013998925686,0.12312940508127213,0.5733015537261963,-0.012056083418428898,0.14559631049633026,0.5322203636169434,-0.02069120481610298,0.18013179302215576,0.5206159949302673,-0.028373708948493004,0.16607654094696045,0.5475424528121948,0.017988042905926704,0.17731671035289764,0.497234046459198,0.009573640301823616,0.18138964474201202,0.47020384669303894,0.002868079114705324,0.1902618408203125,0.44806116819381714,-0.002404388040304184,0.1910039484500885,0.5548263192176819,0.009923403151333332,0.2215023785829544,0.4940229058265686,-0.0015114593552425504,0.2313656359910965,0.46079063415527344,-0.010460213758051395,0.24255524575710297,0.43796470761299133,-0.01586296781897545,0.21165835857391357,0.5713682174682617,-0.0022161095403134823,0.23013187944889069,0.5210073590278625,-0.026292284950613976,0.19808164238929749,0.5287471413612366,-0.03466884791851044,0.17405878007411957,0.5463539958000183,-0.033947963267564774,0.23121154308319092,0.5923100709915161,-0.01511446200311184,0.23376424610614777,0.5497631430625916,-0.03336760401725769,0.20618413388729095,0.552537202835083,-0.036538705229759216,0.18450435996055603,0.5675698518753052,-0.0357598178088665,scissors
0.4913043677806854,0.7302113771438599,5.097089115224662e-07,0.5274509191513062,0.6799938678741455,-0.05800340324640274,0.5873318314552307,0.6659672856330872,-0.05635145306587219,0.6393841505050659,0.6946749687194824,-0.042480792850255966,0.6875320076942444,0.7185007929801941,-0.02210969105362892,0.6445363163948059,0.6131362915039062,-0.009051734581589699,0.7110661268234253,0.5744225978851318,-0.019151931628584862,0.7555855512619019,0.5491366386413574,-0.024721425026655197,0.7918165326118469,0.5285934209823608,-0.025176946073770523,0.652920663356781,0.6560883522033691,0.013366485945880413,0.7402471303939819,0.6402453184127808,0.008633178658783436,0.7891739010810852,0.6334046721458435,0.006601196713745594,0.8276978731155396,0.627689778804779,0.011254588142037392,0.6431148648262024,0.6944165825843811,0.02504764497280121,0.6739891767501831,0.7028729915618896,-0.010194397531449795,0.6257680058479309,0.7070876955986023,-0.02717335894703865,0.6045565009117126,0.7047881484031677,-0.022776801139116287,0.6289519667625427,0.7249221205711365,0.033001016825437546,0.6519227027893066,0.7278070449829102,-0.00206564599648118,0.6174155473709106,0.7269602417945862,-0.014585408382117748,0.5974397659301758,0.7194720506668091,-0.013441997580230236,scissors
0.4786778390407562,0.38061466813087463,2.575611404154188e-07,0.4670700430870056,0.32995012402534485,-0.010172637179493904,0.4177408814430237,0.29217085242271423,-0.012830449268221855,0.3701671063899994,0.2947104573249817,-0.018101388588547707,0.3386465609073639,0.3223360478878021,-0.022807138040661812,0.35116106271743774,0.2912815511226654,-0.0072954618372023106,0.29867929220199585,0.25141599774360657,-0.01735679991543293,0.26783743500709534,0.22620627284049988,-0.0240476131439209,0.23909109830856323,0.20606279373168945,-0.030916571617126465,0.34197312593460083,0.32066285610198975,-0.016929425299167633,0.2667180299758911,0.3020738959312439,-0.03588195517659187,0.22278034687042236,0.28376612067222595,-0.04978713020682335,0.18508701026439667,0.273446261882782,-0.05876101553440094,0.34790128469467163,0.35115450620651245,-0.028178006410598755,0.301844984292984,0.3267282545566559,-0.06222912296652794,0.34067997336387634,0.30979442596435547,-0.07540921866893768,0.37189981341362,0.30528080463409424,-0.07660028338432312,0.36456188559532166,0.37535080313682556,-0.03945974260568619,0.35150083899497986,0.341985821723938,-0.07108273357152939,0.38335326313972473,0.32266420125961304,-0.08120925724506378,0.40957126021385193,0.31419071555137634,-0.08370227366685867,scissors
0.6515653133392334,0.541309654712677,6.415183406716096e-08,0.6471294164657593,0.5041446685791016,-0.014361030422151089,0.654712975025177,0.4665718972682953,-0.02105850912630558,0.6850973963737488,0.45321449637413025,-0.02806263044476509,0.714097261428833,0.45774322748184204,-0.033723149448633194,0.6819755434989929,0.44079869985580444,-0.007815512828528881,0.690427839756012,0.3927399814128876,-0.021088534966111183,0.6956595778465271,0.3633793592453003,-0.03055576980113983,0.7029394507408142,0.3402690291404724,-0.03660612925887108,0.7016292214393616,0.4546888470649719,-0.009530148468911648,0.7308189272880554,0.41297003626823425,-0.022313442081212997,0.7492257952690125,0.38707828521728516,-0.03023616410791874,0.7643277645111084,0.3667081594467163,-0.0342007577419281,0.7128936648368835,0.4751933813095093,-0.013410522602498531,0.730130136013031,0.45689740777015686,-0.033634137362241745,0.7079477906227112,0.47243452072143555,-0.03471185266971588,0.691446840763092,0.4861631989479065,-0.028894584625959396,0.7189671397209167,0.4995288848876953,-0.01847686991095543,0.7297879457473755,0.4827931225299835,-0.034040722995996475,0.7137050032615662,0.4908238351345062,-0.03084825538098812,0.7004021406173706,0.5008160471916199,-0.02406001091003418,scissors
0.36769503355026245,0.6206802129745483,3.1108476150620845e-07,0.35429689288139343,0.6230858564376831,-0.10433801263570786,0.36253437399864197,0.5864496827125549,-0.1432255655527115,0.38828176259994507,0.5405862331390381,-0.16296109557151794,0.41230589151382446,0.490182489156723,-0.17768563330173492,0.2694217562675476,0.4989096522331238,-0.12199235707521439,0.210943341255188,0.4484238028526306,-0.17583410441875458,0.17278456687927246,0.41134127974510193,-0.21307340264320374,0.14161868393421173,0.3728848695755005,-0.23743067681789398,0.3029089570045471,0.4804120361804962,-0.09257932007312775,0.2655581533908844,0.38875675201416016,-0.14451268315315247,0.2515835165977478,0.3259972333908081,-0.17968475818634033,0.23453690111637115,0.26894915103912354,-0.20362459123134613,0.34437015652656555,0.4766675531864166,-0.07131335139274597,0.3734663128852844,0.43335163593292236,-0.1459338515996933,0.40111830830574036,0.4819203019142151,-0.18166793882846832,0.4068983197212219,0.5156594514846802,-0.1919928640127182,0.3842051029205322,0.47814202308654785,-0.05576428025960922,0.4068453907966614,0.45419323444366455,-0.12111984938383102,0.4255976676940918,0.4929560422897339,-0.14549630880355835,0.4242900013923645,0.5281456112861633,-0.15417669713497162,scissors
0.0942947268486023,0.6824508309364319,4.937591597808932e-07,0.20402561128139496,0.7206140756607056,-0.0006371290655806661,0.2968119978904724,0.6859553456306458,0.017337940633296967,0.3367469012737274,0.6278847455978394,0.048001714050769806,0.3526763617992401,0.580210268497467,0.08310528844594955,0.3475472629070282,0.5993443131446838,-0.03617151826620102,0.47096800804138184,0.5591695308685303,-0.01673092506825924,0.5365282893180847,0.5333747267723083,-0.004307884722948074,0.5855167508125305,0.510301411151886,0.00529509549960494,0.3090250790119171,0.544796884059906,-0.0032043259125202894,0.4187503755092621,0.4862562417984009,0.03464449569582939,0.47430649399757385,0.45755359530448914,0.05864124000072479,0.5088167786598206,0.42823290824890137,0.06984277069568634,0.2664526700973511,0.5185497999191284,0.03669263795018196,0.3319382071495056,0.5301352143287659,0.08652728796005249,0.32457435131073,0.5766698122024536,0.09868822991847992,0.3011886775493622,0.6024290323257446,0.10037219524383545,0.228257954120636,0.5022590160369873,0.07734836637973785,0.2841777503490448,0.525059163570404,0.12387371808290482,0.2762933671474457,0.5564934611320496,0.13867005705833435,0.24995990097522736,0.5843671560287476,0.14493700861930847,scissors
0.8184614777565002,0.21300740540027618,3.228961320544954e-09,0.7843565940856934,0.20249643921852112,0.00563836470246315,0.7727038264274597,0.1830548495054245,0.009259612299501896,0.7768874764442444,0.16555048525333405,0.011724620126187801,0.7861446738243103,0.15654385089874268,0.014088488183915615,0.7636573314666748,0.16472338140010834,0.005004232749342918,0.7419618368148804,0.14033138751983643,0.005461052060127258,0.7280986309051514,0.126779243350029,0.00512311514467001,0.7183457612991333,0.11627332121133804,0.005592403467744589,0.7799360156059265,0.1531023234128952,0.004023346584290266,0.7687699794769287,0.1268751174211502,0.010069228708744049,0.763149082660675,0.11312881112098694,0.010752401314675808,0.7590768337249756,0.10220465064048767,0.010432482697069645,0.7979657649993896,0.14771905541419983,0.0038780560716986656,0.7935400605201721,0.14630836248397827,0.011217820458114147,0.7951709032058716,0.15569502115249634,0.010605460964143276,0.7966537475585938,0.1637813150882721,0.009468494914472103,0.814533531665802,0.14629939198493958,0.003904228564351797,0.8097941279411316,0.14833272993564606,0.012445034459233284,0.8106316924095154,0.15649905800819397,0.015938621014356613,0.8120182752609253,0.1649181991815567,0.01826992817223072,scissors
0.4765755534172058,0.8094260692596436,3.611004473214052e-08,0.4662269651889801,0.7691450715065002,-0.016129177063703537,0.4628714919090271,0.7276633381843567,-0.02289365790784359,0.49056702852249146,0.7060266137123108,-0.030567888170480728,0.5218692421913147,0.7037621736526489,-0.036969926208257675,0.4853285253047943,0.6922037601470947,-0.0016814726404845715,0.4826260805130005,0.6414575576782227,-0.0143466517329216,0.4812676012516022,0.6105107665061951,-0.02411617338657379,0.483553022146225,0.5843259692192078,-0.03013419732451439,0.5077196359634399,0.7011374831199646,-0.003547471947968006,0.526420533657074,0.6486188173294067,-0.016259297728538513,0.5374534726142883,0.6191598176956177,-0.024495819583535194,0.5469672083854675,0.5950587391853333,-0.028384780511260033,0.5238755941390991,0.7191091179847717,-0.008548366837203503,0.537432849407196,0.6967006325721741,-0.03158355876803398,0.5182400941848755,0.7204570770263672,-0.03465326875448227,0.5038406252861023,0.7387003898620605,-0.02911980263888836,0.5360207557678223,0.7425235509872437,-0.014860551804304123,0.5452163815498352,0.7219669222831726,-0.030878087505698204,0.5307540893554688,0.7352938055992126,-0.027489859610795975,0.518637478351593,0.7491925358772278,-0.020524559542536736,scissors
0.22148814797401428,0.5665939450263977,-1.2572027685564535e-07,0.1998291015625,0.48536914587020874,0.023577414453029633,0.19898054003715515,0.4231208860874176,0.01979225128889084,0.18423782289028168,0.37238186597824097,0.007884266786277294,0.16099800169467926,0.3465104103088379,-0.006362725980579853,0.2735571265220642,0.3731994330883026,-0.013516705483198166,0.28252241015434265,0.2685471475124359,-0.03539220988750458,0.2833300530910492,0.2111636847257614,-0.049045149236917496,0.2813977897167206,0.16366814076900482,-0.06008255481719971,0.2765648365020752,0.38878223299980164,-0.03867025300860405,0.2540726065635681,0.27281540632247925,-0.07271389663219452,0.22000429034233093,0.20784306526184082,-0.09124889224767685,0.19251114130020142,0.17017853260040283,-0.10264991968870163,0.2562534511089325,0.4083157181739807,-0.05921061336994171,0.1849772334098816,0.31381675601005554,-0.07608458399772644,0.14180485904216766,0.3303701877593994,-0.06348971277475357,0.12756824493408203,0.35761556029319763,-0.05269020423293114,0.22431978583335876,0.42838054895401,-0.07923921942710876,0.15190988779067993,0.3672560155391693,-0.08525791019201279,0.12793388962745667,0.38183408975601196,-0.07400524616241455,0.12844762206077576,0.40627914667129517,-0.06428343802690506,scissors
0.6135063171386719,0.6747742295265198,1.207277136927587e-06,0.6387766599655151,0.6485386490821838,-0.07230086624622345,0.6024774312973022,0.6115720272064209,-0.1128338947892189,0.5261902213096619,0.6108180284500122,-0.14568783342838287,0.45711684226989746,0.6087899804115295,-0.17806732654571533,0.5342015624046326,0.5131609439849854,-0.08073689043521881,0.49541813135147095,0.4265507757663727,-0.12152573466300964,0.4736913740634918,0.3696928918361664,-0.1485758125782013,0.4511664807796478,0.321291446685791,-0.16671214997768402,0.4867813289165497,0.5388827919960022,-0.07165328413248062,0.4084034562110901,0.47457006573677063,-0.1200941801071167,0.36151060461997986,0.42794471979141235,-0.1530446708202362,0.3176737129688263,0.38820865750312805,-0.1693127155303955,0.4642689824104309,0.5803035497665405,-0.06712788343429565,0.4031471610069275,0.5706904530525208,-0.13452313840389252,0.44957172870635986,0.6116976141929626,-0.1511112004518509,0.48482608795166016,0.6351004242897034,-0.1438312530517578,0.4636426270008087,0.6293932795524597,-0.06632114946842194,0.4228200614452362,0.6277325749397278,-0.12340358644723892,0.46463096141815186,0.6522343158721924,-0.12830136716365814,0.50298672914505,0.6671038269996643,-0.11818384379148483,scissors
0.17955279350280762,0.9165726900100708,4.911266273666115e-07,0.18400683999061584,0.851402759552002,-0.021420085802674294,0.22145727276802063,0.8047200441360474,-0.029342450201511383,0.27611398696899414,0.7987342476844788,-0.042636025696992874,0.3154684007167816,0.8214407563209534,-0.05496491119265556,0.2703382968902588,0.7946242690086365,0.02370518445968628,0.31187090277671814,0.7424117922782898,0.011526462621986866,0.33936771750450134,0.7102243900299072,0.0034827108029276133,0.3633067011833191,0.6878489255905151,-0.0013097866903990507,0.28766322135925293,0.8243628144264221,0.017504926770925522,0.3483937978744507,0.7839951515197754,0.0025732212234288454,0.3871409595012665,0.7597859501838684,-0.009427151642739773,0.4170754551887512,0.7452120184898376,-0.013819883577525616,0.2922007739543915,0.8565176725387573,0.0033267447724938393,0.32339248061180115,0.8315385580062866,-0.031415149569511414,0.2839263379573822,0.8342512249946594,-0.04959558695554733,0.2516329288482666,0.8462098836898804,-0.05009135976433754,0.2964349091053009,0.8859909772872925,-0.012833071872591972,0.31336134672164917,0.8622640371322632,-0.041978057473897934,0.2846001088619232,0.8589555621147156,-0.05453222617506981,0.25802308320999146,0.8659566640853882,-0.057218171656131744,scissors
0.7015343904495239,0.17176660895347595,-5.560207938515305e-08,0.7094627618789673,0.2340865284204483,0.009689733386039734,0.6780726313591003,0.2758057117462158,0.01585385948419571,0.6418790221214294,0.2960335314273834,0.026737717911601067,0.6140666604042053,0.30313485860824585,0.03963222727179527,0.6498727798461914,0.28244921565055847,-0.03836559131741524,0.6164781451225281,0.3440854847431183,-0.04938817024230957,0.6023790240287781,0.38150662183761597,-0.05225366726517677,0.5866426825523376,0.4056060314178467,-0.052186235785484314,0.6280088424682617,0.2574121057987213,-0.03579365834593773,0.5760635733604431,0.3176271617412567,-0.04765578731894493,0.5477028489112854,0.3545389175415039,-0.043678853660821915,0.5244871377944946,0.3795894682407379,-0.03879907727241516,0.6119506359100342,0.23555034399032593,-0.027630500495433807,0.5585286021232605,0.2809845209121704,-0.029392872005701065,0.5621394515037537,0.30544859170913696,-0.010362350381910801,0.5732443332672119,0.31746360659599304,0.006731309927999973,0.6032312512397766,0.21814045310020447,-0.01779906079173088,0.5697383284568787,0.2580900192260742,-0.011096843518316746,0.5715289115905762,0.27931639552116394,0.006531931925565004,0.5812884569168091,0.28655773401260376,0.022693291306495667,scissors
0.511161208152771,0.31342580914497375,2.8794570994250535e-07,0.47665661573410034,0.29629966616630554,-0.009728879667818546,0.4393053948879242,0.3053704798221588,-0.01547472644597292,0.41235455870628357,0.3347196877002716,-0.02160225808620453,0.39492160081863403,0.35959920287132263,-0.02742774598300457,0.3959210515022278,0.30993103981018066,-0.011582973413169384,0.3419494330883026,0.3056798577308655,-0.021732429042458534,0.3095090687274933,0.30307337641716003,-0.028897235170006752,0.28404444456100464,0.30031564831733704,-0.03256991505622864,0.397652804851532,0.3377407491207123,-0.011796652339398861,0.34495973587036133,0.3577752411365509,-0.02083144523203373,0.31008604168891907,0.37045520544052124,-0.028021803125739098,0.284851998090744,0.38183555006980896,-0.03196657821536064,0.4109988808631897,0.358769953250885,-0.012452997267246246,0.38644078373908997,0.3783206045627594,-0.022458620369434357,0.3980877697467804,0.36815303564071655,-0.024171840399503708,0.41113725304603577,0.36075299978256226,-0.02125064842402935,0.4301092028617859,0.37479478120803833,-0.01396664697676897,0.4068041145801544,0.3860170841217041,-0.01727694272994995,0.4074915051460266,0.3815183937549591,-0.013163135387003422,0.4117186963558197,0.37519848346710205,-0.0077883340418338776,scissors
0.743338942527771,0.8756294250488281,1.2984570503249415e-06,0.7730364799499512,0.7964608669281006,-0.09760459512472153,0.728214681148529,0.6743277311325073,-0.119181327521801,0.6119614839553833,0.6150080561637878,-0.1302853673696518,0.524170994758606,0.5696258544921875,-0.13459353148937225,0.7355195879936218,0.5123559236526489,-0.025014707818627357,0.7440078258514404,0.36690792441368103,-0.05628807842731476,0.7592713236808777,0.2707728445529938,-0.08013413846492767,0.7718518972396851,0.1942882239818573,-0.09530755132436752,0.6651407480239868,0.5419514179229736,-0.005944389849901199,0.6014538407325745,0.3928754925727844,-0.044941045343875885,0.5635460019111633,0.2938051223754883,-0.08056148886680603,0.5263306498527527,0.21800047159194946,-0.09574231505393982,0.6117278337478638,0.6037582159042358,-0.002018444472923875,0.5595381855964661,0.5564240217208862,-0.09611223638057709,0.5999278426170349,0.6372491717338562,-0.14457029104232788,0.6297962665557861,0.688550591468811,-0.14407281577587128,0.5816797614097595,0.676642894744873,-0.003168043913319707,0.5477868318557739,0.6341720223426819,-0.09332275390625,0.5866373181343079,0.7018178105354309,-0.12229188531637192,0.6213576197624207,0.7565487623214722,-0.12001363188028336,scissors
0.7297922372817993,0.5397143959999084,7.622251274597147e-08,0.7587957978248596,0.5146561861038208,-0.013208900578320026,0.7958483695983887,0.5025396347045898,-0.01847391575574875,0.827485978603363,0.5180197954177856,-0.024747608229517937,0.844307005405426,0.5400187969207764,-0.02972431108355522,0.8211179971694946,0.5096259117126465,-0.0019850204698741436,0.8609073162078857,0.49495214223861694,-0.014706389978528023,0.8844364285469055,0.48490679264068604,-0.023493628948926926,0.9051347374916077,0.4789310097694397,-0.02851702831685543,0.8227236270904541,0.5306886434555054,-0.0035819774493575096,0.8726822137832642,0.533642590045929,-0.01661786623299122,0.901595950126648,0.5342202186584473,-0.024387959390878677,0.9246277809143066,0.5372637510299683,-0.027995828539133072,0.8149973750114441,0.5500631928443909,-0.007776744198054075,0.8440334796905518,0.5534778237342834,-0.027919951826334,0.8236358761787415,0.5403422713279724,-0.029717566445469856,0.8047846555709839,0.5320395827293396,-0.024423522874712944,0.8014198541641235,0.5678046941757202,-0.013165706768631935,0.8241084814071655,0.567898154258728,-0.0268438458442688,0.813241183757782,0.5566931962966919,-0.024285802617669106,0.7993130683898926,0.5486350059509277,-0.018579669296741486,scissors
0.3338530361652374,0.2596622407436371,1.992756466506762e-07,0.3528820872306824,0.22338756918907166,-0.0055805472657084465,0.38974565267562866,0.20744629204273224,-0.00693946098908782,0.4244218170642853,0.20511850714683533,-0.011776875704526901,0.4527954161167145,0.2048896849155426,-0.015472200699150562,0.4141659140586853,0.22987408936023712,0.02115066722035408,0.44515538215637207,0.22917750477790833,0.019329428672790527,0.4650586247444153,0.22655588388442993,0.018170693889260292,0.4810980260372162,0.22726638615131378,0.01711880974471569,0.4181155264377594,0.24531862139701843,0.017715629190206528,0.45576971769332886,0.24734331667423248,0.012190502136945724,0.4755798280239105,0.24329034984111786,0.007794143632054329,0.4892767369747162,0.24198050796985626,0.006609274074435234,0.4167116582393646,0.2593350410461426,0.010654712095856667,0.45371225476264954,0.24870599806308746,-0.003406892530620098,0.4497772753238678,0.22663336992263794,-0.01265497226268053,0.4374695122241974,0.2135608196258545,-0.014075439423322678,0.41368889808654785,0.273791640996933,0.0032863514497876167,0.4395711123943329,0.253033310174942,-0.0076930103823542595,0.44218242168426514,0.23368677496910095,-0.01482667401432991,0.4360749125480652,0.22169369459152222,-0.017614949494600296,scissors
0.4340915083885193,0.5912153124809265,1.1750597650461714e-07,0.47582271695137024,0.5721750855445862,-0.02018892765045166,0.5218449831008911,0.5746872425079346,-0.025303108617663383,0.5564547181129456,0.6003137230873108,-0.03068375587463379,0.5729585886001587,0.6279687881469727,-0.034268733114004135,0.5539551377296448,0.5928739905357361,0.0020415084436535835,0.6043912172317505,0.5963636040687561,-0.008935763500630856,0.6342673897743225,0.5986282825469971,-0.018617507070302963,0.6590842604637146,0.6038953065872192,-0.025316953659057617,0.5474103093147278,0.617178201675415,0.0037926670629531145,0.5980521440505981,0.6427536606788635,-0.0067530060186982155,0.6290527582168579,0.657739520072937,-0.017075330018997192,0.6518608331680298,0.6714643239974976,-0.024228902533650398,0.531846821308136,0.6345930099487305,0.0013825222849845886,0.5674797892570496,0.6577179431915283,-0.017846472561359406,0.5638558268547058,0.645117998123169,-0.0277244932949543,0.5520107746124268,0.6310120224952698,-0.02937443181872368,0.5128257274627686,0.6486651301383972,-0.002895754761993885,0.5414591431617737,0.6639474034309387,-0.01825595274567604,0.5452619791030884,0.655763566493988,-0.02375251241028309,0.5388574004173279,0.6447279453277588,-0.024867147207260132,scissors
0.5616945028305054,0.7396256923675537,4.767274219830142e-07,0.5597007274627686,0.7002386450767517,-0.01911735348403454,0.5141340494155884,0.6334438323974609,-0.02021200954914093,0.4417649805545807,0.6143770813941956,-0.022301407530903816,0.3895334005355835,0.6078791618347168,-0.025071820244193077,0.4787316620349884,0.554002583026886,0.004408110864460468,0.45488548278808594,0.48015010356903076,-0.0028302804566919804,0.44181206822395325,0.4287678599357605,-0.010221737436950207,0.4318424463272095,0.3876655101776123,-0.01659294404089451,0.4570208191871643,0.5722453594207764,0.0019336665282025933,0.3890950083732605,0.5134531259536743,-0.0040324232541024685,0.3481498956680298,0.4725427031517029,-0.014763513579964638,0.31181800365448,0.4380183815956116,-0.021659646183252335,0.4491845667362213,0.6045961380004883,-0.004097008612006903,0.3951963186264038,0.591714084148407,-0.028881898149847984,0.4283048212528229,0.6260846853256226,-0.04109318181872368,0.4560993015766144,0.649763286113739,-0.04052369296550751,0.4481268525123596,0.6457675695419312,-0.011413210071623325,0.3976154327392578,0.6380879282951355,-0.0358491875231266,0.4141313135623932,0.6562387943267822,-0.03991757705807686,0.43336397409439087,0.6688838005065918,-0.03678327426314354,scissors
0.8494813442230225,0.6689019799232483,4.091772609626787e-07,0.7905465364456177,0.6948323249816895,-0.09689763933420181,0.7247458696365356,0.6796407699584961,-0.11940238624811172,0.6657156348228455,0.6661521196365356,-0.11386413872241974,0.6257711052894592,0.6314907670021057,-0.09984995424747467,0.7377316951751709,0.5553544163703918,-0.10938964039087296,0.6711317300796509,0.4880460798740387,-0.14630278944969177,0.629144549369812,0.44249868392944336,-0.1755751222372055,0.6020320653915405,0.3949081301689148,-0.19068212807178497,0.7366994619369507,0.550959050655365,-0.05146633833646774,0.639826774597168,0.5093456506729126,-0.06408251076936722,0.5733179450035095,0.4925655126571655,-0.07431610673666,0.5324403047561646,0.4666692316532135,-0.08076922595500946,0.7358740568161011,0.5497605800628662,0.0003459748113527894,0.650804340839386,0.5423365235328674,-0.013459581881761551,0.6375784873962402,0.5854518413543701,-0.022708572447299957,0.6454846858978271,0.6027527451515198,-0.022742608562111855,0.7366005182266235,0.5533803105354309,0.04430016875267029,0.6781826019287109,0.5683745741844177,0.027047621086239815,0.6681382656097412,0.6049718260765076,0.018636224791407585,0.6765774488449097,0.6327441334724426,0.019987329840660095,scissors
0.9149320125579834,0.77332603931427,3.4368360957159894e-07,0.8116852641105652,0.7124931812286377,0.12620483338832855,0.7447993159294128,0.6827778220176697,0.14276832342147827,0.6986783742904663,0.6389082074165344,0.12713614106178284,0.6575985550880432,0.6000742316246033,0.1124270111322403,0.6551487445831299,0.774093508720398,0.06017351523041725,0.5548614263534546,0.7598516941070557,0.041871681809425354,0.487915575504303,0.7549168467521667,0.029390404000878334,0.4321126341819763,0.7597880959510803,0.019766004756093025,0.6785809397697449,0.7751317024230957,-0.02530933916568756,0.5510652661323547,0.7331472635269165,-0.06166626140475273,0.47609254717826843,0.6947997212409973,-0.0769883245229721,0.41668224334716797,0.6767393350601196,-0.08511538058519363,0.7102237343788147,0.7606139779090881,-0.0980406254529953,0.6051403284072876,0.6861217617988586,-0.10392971336841583,0.6349698901176453,0.6298959255218506,-0.062398433685302734,0.6637570261955261,0.6086779832839966,-0.03212398290634155,0.7402870059013367,0.7205526232719421,-0.16287410259246826,0.6760061979293823,0.6539022326469421,-0.13840758800506592,0.6999260783195496,0.623638391494751,-0.09024887531995773,0.7252371311187744,0.6182153820991516,-0.05584936589002609,scissors
0.19858644902706146,0.42818769812583923,1.8689760850065795e-07,0.195688396692276,0.35487672686576843,-0.04079898074269295,0.24827426671981812,0.2929931581020355,-0.057901956140995026,0.3166211247444153,0.2959459722042084,-0.0749201625585556,0.3607149124145508,0.3331887423992157,-0.08877240866422653,0.3559158444404602,0.2745276391506195,-0.0113345542922616,0.42454993724823,0.21029414236545563,-0.03494115173816681,0.4667689800262451,0.16759911179542542,-0.05458574742078781,0.5020873546600342,0.13810648024082184,-0.07005258649587631,0.38017868995666504,0.3138498365879059,-0.01184870209544897,0.46788331866264343,0.273481547832489,-0.038971759378910065,0.5199301242828369,0.23220407962799072,-0.062207501381635666,0.552225649356842,0.20349527895450592,-0.07655761390924454,0.38324040174484253,0.3567282557487488,-0.01918717846274376,0.45546755194664,0.3277601897716522,-0.06143888831138611,0.43028852343559265,0.3071819543838501,-0.08186321705579758,0.39287155866622925,0.30341681838035583,-0.0859379768371582,0.3746107220649719,0.4023403525352478,-0.029898233711719513,0.4226711094379425,0.37010902166366577,-0.0694960504770279,0.40174299478530884,0.352601021528244,-0.08310540020465851,0.3668724000453949,0.3531840741634369,-0.08545839786529541,scissors
0.9228014349937439,0.87799471616745,6.19813135926961e-07,0.9020028114318848,0.8056961297988892,-0.02765481360256672,0.8598721027374268,0.7744481563568115,-0.056032925844192505,0.8255245685577393,0.7690709829330444,-0.0921027660369873,0.8109942674636841,0.79769366979599,-0.12894479930400848,0.7646042704582214,0.7986727356910706,-0.009894835762679577,0.6980916261672974,0.7783524990081787,-0.03619011864066124,0.6530773639678955,0.7604068517684937,-0.05690082535147667,0.6172345876693726,0.7513031363487244,-0.07410189509391785,0.7712405920028687,0.8358781933784485,-0.029627682641148567,0.7033522129058838,0.8158925175666809,-0.06698646396398544,0.6679456830024719,0.7912493348121643,-0.09565550088882446,0.6283195614814758,0.7673909068107605,-0.11364705860614777,0.7880656719207764,0.8666470050811768,-0.055768709629774094,0.7267862558364868,0.8552858829498291,-0.10959005355834961,0.7663294672966003,0.8268643021583557,-0.1402052789926529,0.8059701919555664,0.8105717897415161,-0.151183620095253,0.8069694638252258,0.8877344727516174,-0.08439379185438156,0.7729939818382263,0.8705915808677673,-0.12952901422977448,0.7998683452606201,0.8432011604309082,-0.1528225988149643,0.8329171538352966,0.8250516653060913,-0.16576239466667175,scissors
0.36288779973983765,0.37750768661499023,5.068657173978863e-07,0.37589794397354126,0.32767453789711,-0.03396380692720413,0.41567134857177734,0.29925575852394104,-0.05376449599862099,0.43452712893486023,0.33463168144226074,-0.07106919586658478,0.43492692708969116,0.3791975975036621,-0.08742125332355499,0.5218256711959839,0.31930601596832275,-0.04324983432888985,0.592220664024353,0.29193946719169617,-0.07085856050252914,0.6375032663345337,0.27571046352386475,-0.09194973856210709,0.6782214641571045,0.2651253938674927,-0.10896646231412888,0.5228095650672913,0.36361318826675415,-0.045189402997493744,0.5968695878982544,0.37781959772109985,-0.06846370548009872,0.6431512832641602,0.38699617981910706,-0.08808216452598572,0.6834956407546997,0.39631903171539307,-0.10335703939199448,0.5026583671569824,0.39601629972457886,-0.04999126121401787,0.5441318154335022,0.4202921986579895,-0.08261297643184662,0.5154073238372803,0.39909470081329346,-0.09539898484945297,0.48683419823646545,0.38247233629226685,-0.09920607507228851,0.470245361328125,0.419819712638855,-0.05739828199148178,0.4707345962524414,0.412912517786026,-0.09279093891382217,0.4438764750957489,0.3915511667728424,-0.10398435592651367,0.4205487370491028,0.3776506781578064,-0.10670557618141174,scissors
0.8047913908958435,0.62071293592453,5.233590059106064e-07,0.7274238467216492,0.6014601588249207,0.03714783862233162,0.6801782846450806,0.6110048890113831,0.038110241293907166,0.6382443308830261,0.6096905469894409,0.024598928168416023,0.6102051734924316,0.6112089157104492,0.010548451915383339,0.6818256378173828,0.7090820670127869,0.0167996846139431,0.6074485182762146,0.721437931060791,0.0015150755643844604,0.5604135990142822,0.7299635410308838,-0.010161662474274635,0.5225005149841309,0.7422751188278198,-0.019937822595238686,0.6936671733856201,0.7101534605026245,-0.021284839138388634,0.6040405631065369,0.7214240431785583,-0.04983694478869438,0.5501915812492371,0.7240756154060364,-0.06635496020317078,0.5138965845108032,0.7344608902931213,-0.0765836164355278,0.7066729068756104,0.6933812499046326,-0.05625980719923973,0.6117234826087952,0.671743631362915,-0.07907232642173767,0.6087380647659302,0.6245642304420471,-0.07110569626092911,0.6235381364822388,0.603378415107727,-0.061713848263025284,0.7119535803794861,0.6618391871452332,-0.08927268534898758,0.6363701820373535,0.6339406967163086,-0.09834562242031097,0.6323230862617493,0.5999646782875061,-0.08498606830835342,0.6444597840309143,0.5821353793144226,-0.07387875020503998,scissors
0.49476802349090576,0.4147253632545471,4.821642960450845e-07,0.4613446891307831,0.36858516931533813,-0.021036334335803986,0.4026091694831848,0.3566867709159851,-0.02706839144229889,0.359686017036438,0.3858789801597595,-0.03359983116388321,0.34159979224205017,0.4251161813735962,-0.03920816630125046,0.3485448360443115,0.37521928548812866,-0.00950666330754757,0.28804993629455566,0.3521050214767456,-0.022036174312233925,0.24868202209472656,0.33777812123298645,-0.032097939401865005,0.21530355513095856,0.3265445828437805,-0.040537502616643906,0.3473820686340332,0.40964317321777344,-0.014911887235939503,0.27388691902160645,0.4107446074485779,-0.0320642925798893,0.22362282872200012,0.40435296297073364,-0.04876198619604111,0.18478739261627197,0.40300101041793823,-0.060250431299209595,0.36037567257881165,0.43934333324432373,-0.023568009957671165,0.3028866648674011,0.44360512495040894,-0.055215828120708466,0.3225645422935486,0.4157034158706665,-0.0725126788020134,0.34709087014198303,0.3998560905456543,-0.07656009495258331,0.38229456543922424,0.4599989652633667,-0.0334235280752182,0.34216946363449097,0.4486624598503113,-0.06059933453798294,0.35901233553886414,0.4230721890926361,-0.06990844756364822,0.38368338346481323,0.4092348515987396,-0.07221581786870956,scissors
0.4595852494239807,0.7218614220619202,6.216096721800568e-07,0.44913870096206665,0.6451817750930786,-0.06734336167573929,0.4765121340751648,0.5766423344612122,-0.10079359263181686,0.5320477485656738,0.5565038323402405,-0.13247592747211456,0.5852858424186707,0.5876058340072632,-0.1593065857887268,0.5790513157844543,0.52799391746521,-0.02408265508711338,0.6232881546020508,0.44480592012405396,-0.06585447490215302,0.6560784578323364,0.39253467321395874,-0.09483783692121506,0.6866872310638428,0.3546256422996521,-0.11375878006219864,0.6087026596069336,0.5705311894416809,-0.020470067858695984,0.6836113333702087,0.5068789124488831,-0.06674323976039886,0.7393889427185059,0.4654015898704529,-0.09689364582300186,0.785250723361969,0.4342814087867737,-0.11154712736606598,0.6165199279785156,0.6198312044143677,-0.028827790170907974,0.6445355415344238,0.5931925773620605,-0.09940138459205627,0.5811437964439392,0.6106762886047363,-0.11957946419715881,0.5358577370643616,0.628173828125,-0.1132642924785614,0.6183328032493591,0.6697906851768494,-0.04290854558348656,0.6218990087509155,0.644814670085907,-0.10210055857896805,0.5722969174385071,0.6514168977737427,-0.11674261093139648,0.5370081663131714,0.6603015661239624,-0.11459309607744217,scissors
0.7771998643875122,0.7952699661254883,8.037997645260475e-08,0.7286940217018127,0.8399959802627563,-0.0745013952255249,0.6708312034606934,0.8573387265205383,-0.07314122468233109,0.6263502240180969,0.8820863962173462,-0.04506402835249901,0.5899519324302673,0.8902628421783447,-0.00906034093350172,0.610751748085022,0.7686896324157715,-0.06317740678787231,0.5286403298377991,0.7824071049690247,-0.06730205565690994,0.47337204217910767,0.7924250960350037,-0.07612105458974838,0.4311091899871826,0.7890306711196899,-0.08061155676841736,0.6196831464767456,0.7712082862854004,-0.008862663991749287,0.5345948934555054,0.7813809514045715,0.006907876115292311,0.47877824306488037,0.7946532964706421,0.006447461433708668,0.44068557024002075,0.7968055605888367,0.0021062481682747602,0.6259180307388306,0.7795159220695496,0.0400804728269577,0.5708183646202087,0.8160781860351562,0.04180240258574486,0.5930302739143372,0.8514812588691711,0.024298157542943954,0.6192079782485962,0.8612970113754272,0.015465865842998028,0.6300508975982666,0.7881069779396057,0.0838942676782608,0.6028474569320679,0.826713502407074,0.07067109644412994,0.6164998412132263,0.851334273815155,0.05079566314816475,0.6356255412101746,0.8633648753166199,0.04101374000310898,scissors
0.6011235117912292,0.7844192981719971,-1.5970731226389034e-07,0.49457401037216187,0.76880943775177,-0.012073931284248829,0.41416260600090027,0.7018842697143555,-0.009455970488488674,0.41169264912605286,0.629744291305542,-0.014032716862857342,0.4414137899875641,0.582118809223175,-0.017089465633034706,0.3975521922111511,0.6347889304161072,0.021292537450790405,0.30723118782043457,0.5780925154685974,-0.0026618207339197397,0.25098317861557007,0.5436388254165649,-0.022833259776234627,0.21091485023498535,0.5106617212295532,-0.037603843957185745,0.4334734380245209,0.5986307859420776,0.00911424309015274,0.34835466742515564,0.5102476477622986,-0.018624069169163704,0.2897738814353943,0.45972156524658203,-0.04002340883016586,0.25382232666015625,0.4210035800933838,-0.05180009454488754,0.4837389290332794,0.5790197849273682,-0.008415617048740387,0.42842793464660645,0.4999874234199524,-0.05535442382097244,0.4221039414405823,0.566066563129425,-0.06343216449022293,0.43668097257614136,0.6254857778549194,-0.05466921627521515,0.545609176158905,0.5718987584114075,-0.02726614475250244,0.4929637908935547,0.5260598659515381,-0.06778286397457123,0.4735026955604553,0.5758093595504761,-0.0692189559340477,0.4782656729221344,0.6275662779808044,-0.06025827303528786,scissors
0.809792160987854,0.6096361875534058,3.019545999904949e-07,0.7337661385536194,0.5984652042388916,0.07123936712741852,0.6887466311454773,0.5827560424804688,0.05857767537236214,0.6607627868652344,0.5619910359382629,0.031983643770217896,0.6364187002182007,0.5393790602684021,0.0049577211029827595,0.6413711309432983,0.6221250891685486,-0.03490966930985451,0.5681295990943909,0.6112391352653503,-0.05904117971658707,0.5224354863166809,0.6107569932937622,-0.07456796616315842,0.48628321290016174,0.616820216178894,-0.08733119070529938,0.6706390976905823,0.6062924861907959,-0.07967298477888107,0.5890552997589111,0.5640869736671448,-0.10778269171714783,0.5497904419898987,0.5357087850570679,-0.1149320974946022,0.5102583765983582,0.5136094689369202,-0.12523137032985687,0.7006632685661316,0.5860394239425659,-0.1100996807217598,0.6512688398361206,0.5226712226867676,-0.08573231101036072,0.679513692855835,0.5242671966552734,-0.0314500518143177,0.7000025510787964,0.5365257859230042,-0.007586336694657803,0.7262749671936035,0.5546542406082153,-0.13795138895511627,0.6912181377410889,0.511835515499115,-0.10075400769710541,0.7119589447975159,0.5105035305023193,-0.0546787828207016,0.7297651767730713,0.5202566385269165,-0.029007768258452415,scissors
0.3499640226364136,0.576564610004425,4.7459883489864296e-07,0.3587879240512848,0.5097370147705078,-0.052060119807720184,0.3880472779273987,0.45486536622047424,-0.048204030841588974,0.4353446364402771,0.4353608787059784,-0.03491552174091339,0.4648294448852539,0.422705739736557,-0.015957854688167572,0.3563503921031952,0.39400944113731384,-0.0029921624809503555,0.40085849165916443,0.33425790071487427,-0.013932636938989162,0.42872875928878784,0.2990384101867676,-0.023243505507707596,0.4509026110172272,0.2671316862106323,-0.02654971182346344,0.38602912425994873,0.4112757444381714,0.016406886279582977,0.42607688903808594,0.3470654785633087,0.006825626362115145,0.4558429718017578,0.30929264426231384,-0.004016535822302103,0.4768894910812378,0.2764248847961426,-0.006437940057367086,0.40828728675842285,0.43535172939300537,0.026327745988965034,0.4397607743740082,0.4206238090991974,-0.007483727298676968,0.4227379262447357,0.45885026454925537,-0.02728632651269436,0.40624478459358215,0.4727441370487213,-0.025683961808681488,0.4232720136642456,0.4605504274368286,0.03256664425134659,0.44941094517707825,0.43690043687820435,0.004641821142286062,0.4374464750289917,0.4632793962955475,-0.00440603494644165,0.4184023141860962,0.482626736164093,-0.0018334840424358845,scissors
0.7376676201820374,0.07120390236377716,4.1674556428006326e-07,0.712385356426239,0.05698861926794052,-0.03141164407134056,0.6862731575965881,0.08160094916820526,-0.04782673716545105,0.6903616189956665,0.11894624680280685,-0.0623130202293396,0.7023189663887024,0.1538250595331192,-0.07691856473684311,0.6413924694061279,0.1353057324886322,-0.033420320600271225,0.5968848466873169,0.17487360537052155,-0.05382905155420303,0.5679568648338318,0.20007991790771484,-0.06894206255674362,0.5433239936828613,0.2225010246038437,-0.08030005544424057,0.6627126932144165,0.15995830297470093,-0.03309423848986626,0.6346386671066284,0.20659515261650085,-0.05927664041519165,0.6231541037559509,0.23699098825454712,-0.07601011544466019,0.6151371002197266,0.2612156271934509,-0.08468803763389587,0.6893125772476196,0.1688738316297531,-0.035631053149700165,0.6747013926506042,0.21717619895935059,-0.06998523324728012,0.692146897315979,0.19680678844451904,-0.07915830612182617,0.7061342000961304,0.1738218367099762,-0.07648401707410812,0.7197975516319275,0.16580699384212494,-0.04034034535288811,0.7128764390945435,0.20122520625591278,-0.07039313018321991,0.7186111211776733,0.18799179792404175,-0.07608728110790253,0.7242668271064758,0.16687022149562836,-0.07371736317873001,scissors
0.7542470097541809,0.8017154335975647,5.185451072975411e-07,0.7603400945663452,0.7158085107803345,0.0190570168197155,0.7351186275482178,0.6527242660522461,0.013609219342470169,0.7115947604179382,0.6067677736282349,-0.005473853554576635,0.6724429130554199,0.6117590069770813,-0.024915894493460655,0.6179609298706055,0.6419665217399597,0.01045034546405077,0.5600248575210571,0.5654438734054565,-0.010027163662016392,0.522645115852356,0.5200886726379395,-0.026716168969869614,0.48568612337112427,0.4844326972961426,-0.042703211307525635,0.5997340679168701,0.6730797290802002,-0.03117072954773903,0.5250442624092102,0.5969063639640808,-0.07312566041946411,0.4831136167049408,0.5390294194221497,-0.10263627022504807,0.4428033232688904,0.5012202262878418,-0.12178843468427658,0.5977721214294434,0.7103572487831116,-0.07232046872377396,0.5669641494750977,0.6274179816246033,-0.12226787954568863,0.6297016143798828,0.6141275763511658,-0.13041339814662933,0.6706039905548096,0.6187973618507385,-0.1268979161977768,0.6172105073928833,0.7410944104194641,-0.11230341345071793,0.6161777377128601,0.6613029837608337,-0.15270419418811798,0.6693040132522583,0.6475702524185181,-0.15534047782421112,0.7092423439025879,0.6543936133384705,-0.15184704959392548,scissors
0.31017670035362244,0.9099730849266052,8.615987781013246e-07,0.2993939518928528,0.8668861389160156,-0.08067744225263596,0.3219926059246063,0.8169586062431335,-0.10560876131057739,0.38347405195236206,0.7880553007125854,-0.1181781068444252,0.4369760751724243,0.774316668510437,-0.1243133544921875,0.3284319043159485,0.7006115317344666,-0.047798991203308105,0.3461144268512726,0.6124913692474365,-0.07965079694986343,0.356885701417923,0.55247962474823,-0.10228805989027023,0.3675622344017029,0.5049868822097778,-0.11661442369222641,0.3725019693374634,0.7213600277900696,-0.02394135668873787,0.4221743047237396,0.6405423283576965,-0.05699537321925163,0.46111881732940674,0.5896203517913818,-0.08007429540157318,0.4948124885559082,0.5435104966163635,-0.0908723920583725,0.40056318044662476,0.7583788633346558,-0.009681183844804764,0.44633379578590393,0.7324486374855042,-0.06574157625436783,0.41700688004493713,0.7807320356369019,-0.08166787028312683,0.39473336935043335,0.809860348701477,-0.07478964328765869,0.41626179218292236,0.796248733997345,-0.0009018353885039687,0.44468510150909424,0.7848636507987976,-0.05186495557427406,0.421868234872818,0.8177064061164856,-0.06192951649427414,0.4003369212150574,0.8380088210105896,-0.05597471818327904,scissors
0.7609258890151978,0.38026517629623413,2.011383202216166e-07,0.7604320645332336,0.4048043191432953,-0.028646238148212433,0.7710384726524353,0.43536534905433655,-0.03221389278769493,0.7974016666412354,0.4501487910747528,-0.030449962243437767,0.8193281888961792,0.4567285180091858,-0.027017338201403618,0.7577386498451233,0.4746191203594208,-0.012842943891882896,0.7572525143623352,0.5138612389564514,-0.01881481520831585,0.7509444952011108,0.5367202758789062,-0.022945819422602654,0.7432668209075928,0.5564732551574707,-0.02522205002605915,0.771071195602417,0.46893566846847534,-0.0017876466736197472,0.7947256565093994,0.49664026498794556,-0.009368617087602615,0.8111140727996826,0.5145595669746399,-0.01688467152416706,0.8215823173522949,0.5309204459190369,-0.019977418705821037,0.7830337882041931,0.4576709270477295,0.0055344984866678715,0.8056265711784363,0.46333277225494385,-0.012413963675498962,0.8074578642845154,0.44975119829177856,-0.026176150888204575,0.8043040037155151,0.4440324902534485,-0.02889169752597809,0.7893663644790649,0.4432760179042816,0.011223345063626766,0.8061664700508118,0.4469684958457947,-0.005303466692566872,0.8063538074493408,0.43598929047584534,-0.013605683110654354,0.8069041967391968,0.4271381199359894,-0.014871596358716488,scissors
0.6945652961730957,0.5796197652816772,4.58509418876929e-07,0.6713858246803284,0.541292130947113,-0.04116660729050636,0.6090545654296875,0.5270768404006958,-0.056032512336969376,0.5581278204917908,0.555150032043457,-0.06903209537267685,0.5161623954772949,0.5888864994049072,-0.08009827136993408,0.5130284428596497,0.5033938884735107,-0.01846952736377716,0.4389569163322449,0.4728996455669403,-0.0348903089761734,0.39327019453048706,0.4582851529121399,-0.04877419024705887,0.35255730152130127,0.4438720643520355,-0.060822613537311554,0.5015112161636353,0.5404020547866821,-0.015489213168621063,0.4218774139881134,0.5440165400505066,-0.03933790698647499,0.37214210629463196,0.5493294596672058,-0.06027287617325783,0.32895079255104065,0.5510077476501465,-0.07309138029813766,0.5122717618942261,0.5768184065818787,-0.017643582075834274,0.4545885920524597,0.5992440581321716,-0.06024989113211632,0.4978456497192383,0.6058220267295837,-0.07718134671449661,0.5362622737884521,0.6082853078842163,-0.07694879174232483,0.5387020111083984,0.6090586185455322,-0.02274293079972267,0.5006728172302246,0.6292434334754944,-0.06352836638689041,0.5260543823242188,0.6302185654640198,-0.07609208673238754,0.5557318329811096,0.62556391954422,-0.07653671503067017,scissors
0.5705278515815735,0.5381795167922974,5.257750217424473e-07,0.5598511099815369,0.5747175216674805,-0.06517275422811508,0.592008113861084,0.6276353001594543,-0.0786072164773941,0.6542596220970154,0.6483908891677856,-0.07991591840982437,0.7036505937576294,0.66185462474823,-0.07778177410364151,0.5979829430580139,0.6963603496551514,-0.031526368111371994,0.6166711449623108,0.7669126987457275,-0.04194031283259392,0.6260257363319397,0.8114114999771118,-0.050468653440475464,0.6313674449920654,0.8498824238777161,-0.05652380362153053,0.6306970715522766,0.6800422668457031,-0.0074798790737986565,0.6801411509513855,0.7333884239196777,-0.019427236169576645,0.7130264639854431,0.7724040746688843,-0.03225921466946602,0.7398455739021301,0.8069756031036377,-0.03899703547358513,0.6550774574279785,0.6548876762390137,0.00817167479544878,0.6879984736442566,0.6756952404975891,-0.024417070671916008,0.6706712245941162,0.6462608575820923,-0.047736864537000656,0.6536499857902527,0.6331433057785034,-0.05257511883974075,0.6695976853370667,0.62922602891922,0.019369281828403473,0.6934595108032227,0.6396506428718567,-0.012457890436053276,0.679475724697113,0.6226038336753845,-0.029250618070364,0.6660540699958801,0.6128765344619751,-0.034497372806072235,scissors
0.3731337785720825,0.29213768243789673,2.3865027287683915e-07,0.3295011520385742,0.2682845890522003,0.02344459854066372,0.3033595383167267,0.22946253418922424,0.0286665428429842,0.2911917567253113,0.19431209564208984,0.026991523802280426,0.28870221972465515,0.16839785873889923,0.026428649201989174,0.26403871178627014,0.22542603313922882,0.007396352011710405,0.22065827250480652,0.175812229514122,0.0010859494796022773,0.19318194687366486,0.15477511286735535,-0.0017908572917804122,0.16842646896839142,0.13868123292922974,-0.004308804403990507,0.27700352668762207,0.214539036154747,-0.012682073749601841,0.24686697125434875,0.15077829360961914,-0.020258823409676552,0.23287969827651978,0.10770916193723679,-0.028678802773356438,0.22125066816806793,0.07972462475299835,-0.03585983067750931,0.2981398105621338,0.21107380092144012,-0.030109040439128876,0.3056672215461731,0.14391419291496277,-0.04037734121084213,0.3411868214607239,0.1510353684425354,-0.04125640541315079,0.3632112741470337,0.16529172658920288,-0.04015560448169708,0.3254578411579132,0.20656922459602356,-0.045465074479579926,0.35095587372779846,0.1651744544506073,-0.059376344084739685,0.3794621527194977,0.1654098778963089,-0.06235051527619362,0.3953065872192383,0.17172269523143768,-0.06161578744649887,scissors
0.29403743147850037,0.5663604736328125,3.2242266456705693e-07,0.37335747480392456,0.5132344961166382,0.1050763949751854,0.40273812413215637,0.4582136273384094,0.12212368845939636,0.40231338143348694,0.40773263573646545,0.12895315885543823,0.39931899309158325,0.3585863411426544,0.13454850018024445,0.4628978967666626,0.4312399923801422,-0.016282036900520325,0.5283846259117126,0.37101924419403076,-0.02956240624189377,0.5790849924087524,0.3371317386627197,-0.04410989582538605,0.6202415227890015,0.31064456701278687,-0.057850293815135956,0.42004039883613586,0.4172323942184448,-0.05147238448262215,0.4758433401584625,0.3288729190826416,-0.06713496148586273,0.5056935548782349,0.27559250593185425,-0.06480015069246292,0.5306217074394226,0.2330390363931656,-0.07119884341955185,0.3706253170967102,0.40696704387664795,-0.06599948555231094,0.3909161388874054,0.3338608741760254,-0.016580509021878242,0.38323867321014404,0.3530924320220947,0.04811805859208107,0.3803437352180481,0.3754228353500366,0.0748349204659462,0.32394424080848694,0.39961153268814087,-0.07452967762947083,0.33811670541763306,0.3594686686992645,-0.019004596397280693,0.33464908599853516,0.38151970505714417,0.03079814836382866,0.3325883746147156,0.40346065163612366,0.05716237053275108,scissors
0.6681733131408691,0.9413819909095764,6.699622758787882e-07,0.6691067218780518,0.8885117769241333,-0.05305494740605354,0.6253107786178589,0.8502187728881836,-0.06489462405443192,0.5677134394645691,0.8464006781578064,-0.06894681602716446,0.5244140625,0.8542414307594299,-0.06954940408468246,0.5897718071937561,0.8158187866210938,-0.013726599514484406,0.5469815731048584,0.7651842832565308,-0.016353152692317963,0.5142108201980591,0.7312119007110596,-0.019488971680402756,0.49277588725090027,0.7053666114807129,-0.022809183225035667,0.5671838521957397,0.8478161692619324,0.0026734876446425915,0.5072191953659058,0.8148196935653687,0.0035699422005563974,0.4609616696834564,0.7916674613952637,-0.004605170805007219,0.4265769422054291,0.7743668556213379,-0.011585745960474014,0.5562213659286499,0.882246196269989,0.010837775655090809,0.5018504858016968,0.8597424030303955,-0.01205973606556654,0.5073848366737366,0.8627200126647949,-0.03803550451993942,0.519044816493988,0.8719678521156311,-0.048993680626153946,0.552878201007843,0.9159187078475952,0.015097321942448616,0.5139327049255371,0.8986347913742065,-0.01427132822573185,0.5179871320724487,0.8933162093162537,-0.03764035552740097,0.5289507508277893,0.8969070911407471,-0.05036161094903946,scissors
0.9026437997817993,0.5590186715126038,4.893854566034861e-07,0.8674328327178955,0.5202746391296387,-0.03139157220721245,0.8104833960533142,0.509992241859436,-0.039831217378377914,0.76785808801651,0.534504771232605,-0.04665219783782959,0.7373214364051819,0.5645012259483337,-0.05152769014239311,0.7490357756614685,0.5047592520713806,-0.01091066561639309,0.680038332939148,0.4818178117275238,-0.026131918653845787,0.6368211507797241,0.46554580330848694,-0.037607695907354355,0.5998098254203796,0.4534791111946106,-0.045158907771110535,0.7527567148208618,0.5382393598556519,-0.010144028812646866,0.6792672872543335,0.5353235602378845,-0.035057783126831055,0.6301889419555664,0.5326659679412842,-0.05454416200518608,0.5890088081359863,0.5372164249420166,-0.06377395242452621,0.7705743312835693,0.5716570615768433,-0.013504991307854652,0.7451125383377075,0.5707998871803284,-0.05586926266551018,0.7908303141593933,0.5567130446434021,-0.06979326903820038,0.8183512687683105,0.5496065616607666,-0.06527497619390488,0.7941052913665771,0.6021554470062256,-0.018367024138569832,0.7671670913696289,0.5918729305267334,-0.05215708911418915,0.8036267161369324,0.577458918094635,-0.05551089718937874,0.8308107852935791,0.5721813440322876,-0.04935654252767563,scissors
0.614433228969574,0.5664302110671997,4.2611338813003385e-07,0.5390219688415527,0.4984375834465027,-0.027790091931819916,0.44190725684165955,0.4871300458908081,-0.02245388738811016,0.36694619059562683,0.5214567184448242,-0.019960917532444,0.3325005769729614,0.5788007378578186,-0.014923280104994774,0.38832446932792664,0.5176915526390076,0.049785297363996506,0.30526214838027954,0.4990922808647156,0.061326391994953156,0.254819393157959,0.4915323257446289,0.062295254319906235,0.21589553356170654,0.4880509376525879,0.05865291878581047,0.38849106431007385,0.5629677176475525,0.0481983982026577,0.28679347038269043,0.5745090246200562,0.04991176724433899,0.2217302769422531,0.5783162117004395,0.03202055022120476,0.17280222475528717,0.5871607661247253,0.016843745484948158,0.4038490951061249,0.5987209677696228,0.037470169365406036,0.3217284083366394,0.6030865907669067,0.009557259269058704,0.33507877588272095,0.5748565196990967,-0.027556924149394035,0.3654771149158478,0.5669796466827393,-0.04534424468874931,0.42045775055885315,0.6274601221084595,0.024292994290590286,0.34794536232948303,0.6290193796157837,-0.0067179142497479916,0.3340280055999756,0.6103925108909607,-0.03755807504057884,0.3386213779449463,0.5982481837272644,-0.05790005251765251,scissors
0.3616776466369629,0.21827125549316406,1.2600912313587287e-08,0.49474161863327026,0.18816092610359192,0.09820013493299484,0.5797322392463684,0.2276623249053955,0.11809750646352768,0.6235730648040771,0.280098021030426,0.13766896724700928,0.6539562344551086,0.32358646392822266,0.16085223853588104,0.6494203209877014,0.22250618040561676,-0.048389434814453125,0.7756637930870056,0.23568207025527954,-0.05367649719119072,0.8594231605529785,0.2405928671360016,-0.0579649843275547,0.924155592918396,0.2467767298221588,-0.06316877156496048,0.6112469434738159,0.2877199649810791,-0.061833493411540985,0.7379529476165771,0.34134581685066223,-0.048146795481443405,0.8022092580795288,0.37487542629241943,-0.025152694433927536,0.8599894046783447,0.40490585565567017,-0.01996581256389618,0.5719321966171265,0.3383386433124542,-0.051287323236465454,0.6607199907302856,0.3864785432815552,0.041287314146757126,0.636483371257782,0.36278894543647766,0.13570807874202728,0.6066160202026367,0.3412381112575531,0.1762038767337799,0.5340100526809692,0.3851768374443054,-0.036460138857364655,0.5821993350982666,0.37949246168136597,0.053857941180467606,0.5618242621421814,0.35105788707733154,0.12062881141901016,0.5362879633903503,0.333934485912323,0.15831191837787628,scissors
0.49210309982299805,0.814384400844574,4.3734709720411047e-07,0.4836690425872803,0.7226033806800842,-0.05692390352487564,0.4486623704433441,0.647540807723999,-0.04697531834244728,0.38911765813827515,0.6226150989532471,-0.022532429546117783,0.34479740262031555,0.6249199509620667,0.008016792125999928,0.5176569819450378,0.6039032340049744,0.015329127199947834,0.4992921054363251,0.5215030908584595,0.04200991988182068,0.49552688002586365,0.4759328365325928,0.06108326092362404,0.5026006102561951,0.4430652856826782,0.07304692268371582,0.4923199415206909,0.6281858086585999,0.05578996241092682,0.46457958221435547,0.5764885544776917,0.0852096676826477,0.46717333793640137,0.5666803121566772,0.09313155710697174,0.4876798093318939,0.5654307007789612,0.09840278327465057,0.4659079313278198,0.6517896056175232,0.08700879663228989,0.40468308329582214,0.6158284544944763,0.08987445384263992,0.38326573371887207,0.6371663212776184,0.061937134712934494,0.3860913813114166,0.6541543006896973,0.049579016864299774,0.44279566407203674,0.6743557453155518,0.11417573690414429,0.39086225628852844,0.6426120400428772,0.10106565058231354,0.36791887879371643,0.6463807821273804,0.07482391595840454,0.3562515377998352,0.6536899209022522,0.060838766396045685,scissors
0.6825920939445496,0.7083898782730103,-2.141962767154837e-07,0.5703926682472229,0.7358213067054749,-0.02029740810394287,0.46450769901275635,0.698561429977417,-0.020154330879449844,0.438819944858551,0.619525671005249,-0.02595510147511959,0.4447261393070221,0.5568650960922241,-0.03110763244330883,0.4140357971191406,0.6450037956237793,0.00781769584864378,0.29342490434646606,0.6262462139129639,-0.019528048112988472,0.21999293565750122,0.6163557767868042,-0.04005694016814232,0.16272035241127014,0.5995309948921204,-0.055126871913671494,0.438527375459671,0.5929989218711853,-0.003245942760258913,0.31027376651763916,0.5453974008560181,-0.03486492857336998,0.23063629865646362,0.5238020420074463,-0.05573556572198868,0.17345675826072693,0.5040462613105774,-0.06697362661361694,0.4831620752811432,0.55430668592453,-0.0200208630412817,0.39738938212394714,0.4991608262062073,-0.07384201139211655,0.4336170256137848,0.5666506290435791,-0.07888941466808319,0.4757600426673889,0.6174394488334656,-0.0665179118514061,0.5412141680717468,0.5245474576950073,-0.03891923651099205,0.4703551232814789,0.5012561082839966,-0.08657487481832504,0.48299387097358704,0.5536684989929199,-0.08709835261106491,0.5126373171806335,0.5960350036621094,-0.07630026340484619,scissors
0.7119917273521423,0.5070694088935852,1.8017388470070728e-07,0.6697620153427124,0.5458435416221619,-0.05515533685684204,0.6206815242767334,0.5538515448570251,-0.06565461307764053,0.5781298875808716,0.5569149851799011,-0.05466873571276665,0.5567232966423035,0.541530430316925,-0.03528539463877678,0.6021536588668823,0.4771202504634857,-0.08554328233003616,0.5446051359176636,0.4710032045841217,-0.1023729220032692,0.508850634098053,0.459942489862442,-0.11414474248886108,0.48285362124443054,0.44505172967910767,-0.12203361839056015,0.6052468419075012,0.46080195903778076,-0.04360942542552948,0.529430627822876,0.43652355670928955,-0.05811911076307297,0.4821629822254181,0.42471233010292053,-0.06512243300676346,0.4511113166809082,0.41158998012542725,-0.07106088846921921,0.607729971408844,0.45679059624671936,-0.0001408477546647191,0.5519653558731079,0.46597978472709656,0.0015452667139470577,0.5572722554206848,0.5059935450553894,0.01361184474080801,0.5703261494636536,0.5261279940605164,0.023122582584619522,0.6121048331260681,0.4573550522327423,0.0386124886572361,0.5734784603118896,0.4761721193790436,0.040150463581085205,0.5753312706947327,0.5015112161636353,0.04303853586316109,0.5820544362068176,0.5181123614311218,0.046864960342645645,scissors
